signal_time,activation_time,wait_end,maximum_end,touch_time,entry_time,exit_time,trigger_time,missing_time,variant,zone_id,side,zone_low,zone_high,invalidation,issue_price,atr,entry,exit,status,reason,censored,ambiguous,gross_R,net_R,holding_minutes
2025-10-09 13:00:00+00:00,2025-10-09 13:01:00+00:00,2025-10-09 13:15:00+00:00,2025-10-09 13:30:01+00:00,2025-10-09 13:04:45+00:00,2025-10-09 13:04:46+00:00,2025-10-09 13:19:46+00:00,,,CONTEXT_GEOMETRIC,boom:CONTEXT_GEOMETRIC:2025-10-09T13:00:00+00:00,1,6665.649528571428,6666.335614285714,6663.934314285714,6669.423,6.860857142857185,6666.316,6666.876,completed,time,False,False,0.04081122725193413,-0.009188772748065871,15.0
2025-10-09 18:00:00+00:00,2025-10-09 18:01:00+00:00,2025-10-09 18:15:00+00:00,2025-10-09 18:30:01+00:00,2025-10-09 18:12:58+00:00,2025-10-09 18:12:59+00:00,2025-10-09 18:27:59+00:00,,,CONTEXT_GEOMETRIC,boom:CONTEXT_GEOMETRIC:2025-10-09T18:00:00+00:00,1,6687.52025,6688.17075,6685.893999999999,6691.098,6.5049999999999795,6688.149,6681.828,completed,time,False,False,-0.4858570330514937,-0.5358570330514937,15.0
2025-10-10 20:30:00+00:00,2025-10-10 20:31:00+00:00,2025-10-10 20:45:00+00:00,2025-10-10 21:00:01+00:00,2025-10-10 20:37:45+00:00,2025-10-10 20:37:46+00:00,2025-10-10 20:52:46+00:00,,,CONTEXT_GEOMETRIC,boom:CONTEXT_GEOMETRIC:2025-10-10T20:30:00+00:00,1,6638.810471428572,6639.456385714286,6637.195685714286,6642.363,6.459142857142914,6639.438,6632.969,completed,time,False,False,-0.5007630379970801,-0.5507630379970802,15.0
2025-10-11 04:00:00+00:00,2025-10-11 04:01:00+00:00,2025-10-11 04:15:00+00:00,2025-10-11 04:30:01+00:00,2025-10-11 04:04:04+00:00,2025-10-11 04:04:05+00:00,2025-10-11 04:19:05+00:00,,,CONTEXT_GEOMETRIC,boom:CONTEXT_GEOMETRIC:2025-10-11T04:00:00+00:00,1,6660.265471428572,6660.869385714286,6658.755685714286,6663.587,6.039142857142971,6660.852,6651.042,completed,time,False,False,-0.8122013530774843,-0.8622013530774844,15.0
2025-10-11 06:00:00+00:00,2025-10-11 06:01:00+00:00,2025-10-11 06:15:00+00:00,2025-10-11 06:30:01+00:00,2025-10-11 06:04:38+00:00,2025-10-11 06:04:39+00:00,2025-10-11 06:19:39+00:00,,,CONTEXT_GEOMETRIC,boom:CONTEXT_GEOMETRIC:2025-10-11T06:00:00+00:00,1,6669.364839285714,6670.083232142857,6667.568857142856,6673.316,7.183928571428623,6670.062,6683.731,completed,time,False,False,0.9513596818294645,0.9013596818294645,15.0
2025-10-11 11:00:00+00:00,2025-10-11 11:01:00+00:00,2025-10-11 11:15:00+00:00,2025-10-11 11:30:01+00:00,2025-10-11 11:03:39+00:00,2025-10-11 11:03:40+00:00,2025-10-11 11:18:40+00:00,,,CONTEXT_GEOMETRIC,boom:CONTEXT_GEOMETRIC:2025-10-11T11:00:00+00:00,1,6664.981471428572,6665.527385714286,6663.616685714286,6667.984,5.459142857142979,6665.513,6656.931,completed,time,False,False,-0.786020830062294,-0.836020830062294,15.0
2025-10-11 21:00:00+00:00,2025-10-11 21:01:00+00:00,2025-10-11 21:15:00+00:00,2025-10-11 21:30:01+00:00,2025-10-11 21:04:24+00:00,2025-10-11 21:04:25+00:00,2025-10-11 21:19:25+00:00,,,CONTEXT_GEOMETRIC,boom:CONTEXT_GEOMETRIC:2025-10-11T21:00:00+00:00,1,6621.953414285715,6622.569157142857,6620.414057142858,6625.34,6.157428571428617,6622.532,6612.862,completed,time,False,False,-0.7852303837408938,-0.8352303837408939,15.0
2025-10-12 02:00:00+00:00,2025-10-12 02:01:00+00:00,2025-10-12 02:15:00+00:00,2025-10-12 02:30:01+00:00,2025-10-12 02:05:59+00:00,2025-10-12 02:06:00+00:00,2025-10-12 02:21:00+00:00,,,CONTEXT_GEOMETRIC,boom:CONTEXT_GEOMETRIC:2025-10-12T02:00:00+00:00,1,6689.092685714286,6690.016742857143,6686.782542857143,6694.175,9.240571428571457,6689.993,6687.271,completed,time,False,False,-0.14728526374377418,-0.1972852637437742,15.0
2025-10-12 03:30:00+00:00,2025-10-12 03:31:00+00:00,2025-10-12 03:45:00+00:00,2025-10-12 04:00:01+00:00,2025-10-12 03:33:55+00:00,2025-10-12 03:33:56+00:00,2025-10-12 03:48:56+00:00,,,CONTEXT_GEOMETRIC,boom:CONTEXT_GEOMETRIC:2025-10-12T03:30:00+00:00,1,6704.519532142857,6705.1212535714285,6703.015228571428,6707.829,6.017214285714284,6705.111,6697.652,completed,time,False,False,-0.6198050830355627,-0.6698050830355627,15.0
2025-10-12 06:30:00+00:00,2025-10-12 06:31:00+00:00,2025-10-12 06:45:00+00:00,2025-10-12 07:00:01+00:00,2025-10-12 06:40:24+00:00,2025-10-12 06:40:25+00:00,2025-10-12 06:55:25+00:00,,,CONTEXT_GEOMETRIC,boom:CONTEXT_GEOMETRIC:2025-10-12T06:30:00+00:00,1,6695.930160714286,6696.543767857143,6694.396142857143,6699.305,6.1360714285714755,6696.503,6704.925,completed,time,False,False,0.6862697165473827,0.6362697165473826,15.0
2025-10-12 07:00:00+00:00,2025-10-12 07:01:00+00:00,2025-10-12 07:15:00+00:00,2025-10-12 07:30:01+00:00,2025-10-12 07:07:31+00:00,2025-10-12 07:07:32+00:00,2025-10-12 07:22:32+00:00,,,CONTEXT_GEOMETRIC,boom:CONTEXT_GEOMETRIC:2025-10-12T07:00:00+00:00,1,6705.512717857143,6706.203496428571,6703.785771428571,6709.312,6.907785714285702,6706.192,6696.263,completed,time,False,False,-0.7186818186518393,-0.7686818186518394,15.0
2025-10-12 07:30:00+00:00,2025-10-12 07:31:00+00:00,2025-10-12 07:45:00+00:00,2025-10-12 08:00:01+00:00,2025-10-12 07:33:14+00:00,2025-10-12 07:33:15+00:00,2025-10-12 07:48:15+00:00,,,CONTEXT_GEOMETRIC,boom:CONTEXT_GEOMETRIC:2025-10-12T07:30:00+00:00,1,6695.038242857143,6695.539471428571,6693.785171428572,6697.795,5.012285714285748,6695.492,6691.862,completed,time,False,False,-0.36211024340193515,-0.41211024340193514,15.0
2025-10-14 08:30:00+00:00,2025-10-14 08:31:00+00:00,2025-10-14 08:45:00+00:00,2025-10-14 09:00:01+00:00,2025-10-14 08:35:13+00:00,2025-10-14 08:35:14+00:00,2025-10-14 08:50:14+00:00,,,CONTEXT_GEOMETRIC,boom:CONTEXT_GEOMETRIC:2025-10-14T08:30:00+00:00,1,6453.339242857143,6454.106471428571,6451.421171428572,6457.559,7.672285714285603,6454.091,6444.573,completed,time,False,False,-0.6202845119726025,-0.6702845119726025,15.0
2025-10-15 06:30:00+00:00,2025-10-15 06:31:00+00:00,2025-10-15 06:45:00+00:00,2025-10-15 07:00:01+00:00,2025-10-15 06:34:29+00:00,2025-10-15 06:34:30+00:00,2025-10-15 06:49:30+00:00,,,CONTEXT_GEOMETRIC,boom:CONTEXT_GEOMETRIC:2025-10-15T06:30:00+00:00,1,6396.620428571429,6397.250714285715,6395.044714285715,6400.087,6.302857142857127,6397.229,6387.997,completed,time,False,False,-0.7323662737987302,-0.7823662737987302,15.0
2025-10-15 07:00:00+00:00,2025-10-15 07:01:00+00:00,2025-10-15 07:15:00+00:00,2025-10-15 07:30:01+00:00,2025-10-15 07:04:18+00:00,2025-10-15 07:04:19+00:00,2025-10-15 07:19:19+00:00,,,CONTEXT_GEOMETRIC,boom:CONTEXT_GEOMETRIC:2025-10-15T07:00:00+00:00,1,6399.970146428571,6400.515210714286,6398.607485714285,6402.968,5.4506428571428716,6400.497,6390.496,completed,time,False,False,-0.9174147217235351,-0.9674147217235352,15.0
2025-10-15 07:30:00+00:00,2025-10-15 07:31:00+00:00,2025-10-15 07:45:00+00:00,2025-10-15 08:00:01+00:00,2025-10-15 07:34:59+00:00,2025-10-15 07:35:00+00:00,2025-10-15 07:50:00+00:00,,,CONTEXT_GEOMETRIC,boom:CONTEXT_GEOMETRIC:2025-10-15T07:30:00+00:00,1,6409.251528571429,6409.965614285715,6407.466314285714,6413.179,7.140857142857255,6409.943,6433.237,completed,time,False,False,1.6310366902732416,1.5810366902732416,15.0
2025-10-15 10:00:00+00:00,2025-10-15 10:01:00+00:00,2025-10-15 10:15:00+00:00,2025-10-15 10:30:01+00:00,2025-10-15 10:03:55+00:00,2025-10-15 10:03:56+00:00,2025-10-15 10:18:56+00:00,,,CONTEXT_GEOMETRIC,boom:CONTEXT_GEOMETRIC:2025-10-15T10:00:00+00:00,1,6404.421796428571,6404.988560714285,6403.004885714285,6407.539,5.667642857142774,6404.97,6402.644,completed,time,False,False,-0.2051999445473728,-0.2551999445473728,15.0
2025-10-15 11:00:00+00:00,2025-10-15 11:01:00+00:00,2025-10-15 11:15:00+00:00,2025-10-15 11:30:01+00:00,2025-10-15 11:04:22+00:00,2025-10-15 11:04:23+00:00,2025-10-15 11:19:23+00:00,,,CONTEXT_GEOMETRIC,boom:CONTEXT_GEOMETRIC:2025-10-15T11:00:00+00:00,1,6413.488421428571,6414.111435714286,6411.930885714285,6416.915,6.230142857142774,6414.1,6414.869,completed,time,False,False,0.06171608080524793,0.011716080805247928,15.0
2025-10-15 12:00:00+00:00,2025-10-15 12:01:00+00:00,2025-10-15 12:15:00+00:00,2025-10-15 12:30:01+00:00,2025-10-15 12:04:20+00:00,2025-10-15 12:04:21+00:00,2025-10-15 12:19:21+00:00,,,CONTEXT_GEOMETRIC,boom:CONTEXT_GEOMETRIC:2025-10-15T12:00:00+00:00,1,6430.253185714286,6430.932242857143,6428.555542857143,6433.988,6.790571428571509,6430.921,6431.129,completed,time,False,False,0.015315353220824938,-0.034684646779175064,15.0
2025-10-15 16:00:00+00:00,2025-10-15 16:01:00+00:00,2025-10-15 16:15:00+00:00,2025-10-15 16:30:01+00:00,2025-10-15 16:03:56+00:00,2025-10-15 16:03:57+00:00,2025-10-15 16:18:57+00:00,,,CONTEXT_GEOMETRIC,boom:CONTEXT_GEOMETRIC:2025-10-15T16:00:00+00:00,1,6437.972475,6438.548025,6436.5336,6441.138,5.755500000000146,6438.545,6457.724,completed,time,False,False,1.6661454261141169,1.6161454261141168,15.0
2025-10-17 05:00:00+00:00,2025-10-17 05:01:00+00:00,2025-10-17 05:15:00+00:00,2025-10-17 05:30:01+00:00,2025-10-17 05:05:22+00:00,2025-10-17 05:05:23+00:00,2025-10-17 05:20:23+00:00,,,CONTEXT_GEOMETRIC,boom:CONTEXT_GEOMETRIC:2025-10-17T05:00:00+00:00,1,6458.759403571428,6459.508239285714,6456.887314285714,6462.878,7.488357142856979,6459.49,6478.524,completed,time,False,False,1.270906264009909,1.2209062640099089,15.0
2025-10-18 02:00:00+00:00,2025-10-18 02:01:00+00:00,2025-10-18 02:15:00+00:00,2025-10-18 02:30:01+00:00,2025-10-18 02:03:55+00:00,2025-10-18 02:03:56+00:00,2025-10-18 02:18:56+00:00,,,CONTEXT_GEOMETRIC,boom:CONTEXT_GEOMETRIC:2025-10-18T02:00:00+00:00,1,6342.674710714286,6343.208217857144,6341.340942857144,6345.609,5.335071428571415,6343.186,6333.64,completed,time,False,False,-0.8946459412780086,-0.9446459412780086,15.0
2025-10-18 13:00:00+00:00,2025-10-18 13:01:00+00:00,2025-10-18 13:15:00+00:00,2025-10-18 13:30:01+00:00,2025-10-18 13:04:01+00:00,2025-10-18 13:04:02+00:00,2025-10-18 13:19:02+00:00,,,CONTEXT_GEOMETRIC,boom:CONTEXT_GEOMETRIC:2025-10-18T13:00:00+00:00,1,6367.592910714286,6368.166017857143,6366.160142857143,6370.745,5.73107142857134,6368.151,6361.622,completed,time,False,False,-0.5696142581167507,-0.6196142581167507,15.0
2025-10-19 09:00:00+00:00,2025-10-19 09:01:00+00:00,2025-10-19 09:15:00+00:00,2025-10-19 09:30:01+00:00,2025-10-19 09:05:42+00:00,2025-10-19 09:05:43+00:00,2025-10-19 09:20:43+00:00,,,CONTEXT_GEOMETRIC,boom:CONTEXT_GEOMETRIC:2025-10-19T09:00:00+00:00,1,6257.695028571428,6258.268114285714,6256.262314285714,6260.847,5.730857142857141,6258.249,6280.233,completed,time,False,False,1.9180376906970125,1.8680376906970124,15.0
2025-10-19 10:00:00+00:00,2025-10-19 10:01:00+00:00,2025-10-19 10:15:00+00:00,2025-10-19 10:30:01+00:00,2025-10-19 10:04:14+00:00,2025-10-19 10:04:15+00:00,2025-10-19 10:19:15+00:00,,,CONTEXT_GEOMETRIC,boom:CONTEXT_GEOMETRIC:2025-10-19T10:00:00+00:00,1,6273.830125,6274.467375,6272.237,6277.335,6.37250000000001,6274.435,6284.315,completed,time,False,False,0.7752059631227292,0.7252059631227291,15.0
2025-10-19 12:00:00+00:00,2025-10-19 12:01:00+00:00,2025-10-19 12:15:00+00:00,2025-10-19 12:30:01+00:00,2025-10-19 12:04:09+00:00,2025-10-19 12:04:10+00:00,2025-10-19 12:19:10+00:00,,,CONTEXT_GEOMETRIC,boom:CONTEXT_GEOMETRIC:2025-10-19T12:00:00+00:00,1,6274.852482142857,6275.421303571428,6273.430428571429,6277.981,5.688214285714301,6275.406,6273.03,completed,time,False,False,-0.20885289131664947,-0.25885289131664946,15.0
2025-10-20 09:30:00+00:00,2025-10-20 09:31:00+00:00,2025-10-20 09:45:00+00:00,2025-10-20 10:00:01+00:00,2025-10-20 09:33:04+00:00,2025-10-20 09:33:05+00:00,2025-10-20 09:48:05+00:00,,,CONTEXT_GEOMETRIC,boom:CONTEXT_GEOMETRIC:2025-10-20T09:30:00+00:00,1,6107.376996428571,6107.795360714285,6106.331085714285,6109.678,4.1836428571429805,6107.783,6111.688,completed,time,False,False,0.4666985368185179,0.41669853681851793,15.0
2025-10-21 04:30:00+00:00,2025-10-21 04:31:00+00:00,2025-10-21 04:45:00+00:00,2025-10-21 05:00:01+00:00,2025-10-21 04:44:53+00:00,2025-10-21 04:44:54+00:00,2025-10-21 04:59:54+00:00,,,CONTEXT_GEOMETRIC,boom:CONTEXT_GEOMETRIC:2025-10-21T04:30:00+00:00,1,6045.336517857143,6045.871696428571,6043.998571428571,6048.28,5.351785714285662,6045.859,6037.572,completed,time,False,False,-0.7742275608942596,-0.8242275608942596,15.0
2025-10-21 20:00:00+00:00,2025-10-21 20:01:00+00:00,2025-10-21 20:15:00+00:00,2025-10-21 20:30:01+00:00,2025-10-21 20:04:16+00:00,2025-10-21 20:04:17+00:00,2025-10-21 20:19:17+00:00,,,CONTEXT_GEOMETRIC,boom:CONTEXT_GEOMETRIC:2025-10-21T20:00:00+00:00,1,6065.060517857143,6065.657696428571,6063.567571428572,6068.345,5.9717857142857484,6065.631,6066.457,completed,time,False,False,0.0691585431493346,0.0191585431493346,15.0
2025-10-21 23:00:00+00:00,2025-10-21 23:01:00+00:00,2025-10-21 23:15:00+00:00,2025-10-21 23:30:01+00:00,2025-10-21 23:04:37+00:00,2025-10-21 23:04:38+00:00,2025-10-21 23:19:38+00:00,,,CONTEXT_GEOMETRIC,boom:CONTEXT_GEOMETRIC:2025-10-21T23:00:00+00:00,1,6087.14695,6087.7900500000005,6085.5392,6090.684,6.43100000000017,6087.777,6095.901,completed,time,False,False,0.6316280516249092,0.5816280516249092,15.0
2025-10-22 02:00:00+00:00,2025-10-22 02:01:00+00:00,2025-10-22 02:15:00+00:00,2025-10-22 02:30:01+00:00,2025-10-22 02:04:08+00:00,2025-10-22 02:04:09+00:00,2025-10-22 02:19:09+00:00,,,CONTEXT_GEOMETRIC,boom:CONTEXT_GEOMETRIC:2025-10-22T02:00:00+00:00,1,6103.495246428572,6104.090110714285,6102.008085714286,6106.767,5.948642857142919,6104.086,6102.195,completed,time,False,False,-0.15894381671694122,-0.20894381671694123,15.0
2025-10-22 21:00:00+00:00,2025-10-22 21:01:00+00:00,2025-10-22 21:15:00+00:00,2025-10-22 21:30:01+00:00,2025-10-22 21:03:51+00:00,2025-10-22 21:03:52+00:00,2025-10-22 21:18:52+00:00,,,CONTEXT_GEOMETRIC,boom:CONTEXT_GEOMETRIC:2025-10-22T21:00:00+00:00,1,6028.898942857143,6029.436771428572,6027.554371428571,6031.857,5.378285714285864,6029.426,6029.596,completed,time,False,False,0.015804292392611954,-0.03419570760738805,15.0
2025-10-23 00:00:00+00:00,2025-10-23 00:01:00+00:00,2025-10-23 00:15:00+00:00,2025-10-23 00:30:01+00:00,2025-10-23 00:03:26+00:00,2025-10-23 00:03:27+00:00,2025-10-23 00:18:27+00:00,,,CONTEXT_GEOMETRIC,boom:CONTEXT_GEOMETRIC:2025-10-23T00:00:00+00:00,1,6063.206960714286,6063.710967857143,6061.946942857143,6065.979,5.040071428571407,6063.695,6065.942,completed,time,False,False,0.2229135074616595,0.1729135074616595,15.0
2025-10-23 00:30:00+00:00,2025-10-23 00:31:00+00:00,2025-10-23 00:45:00+00:00,2025-10-23 01:00:01+00:00,2025-10-23 00:34:28+00:00,2025-10-23 00:34:29+00:00,2025-10-23 00:49:29+00:00,,,CONTEXT_GEOMETRIC,boom:CONTEXT_GEOMETRIC:2025-10-23T00:30:00+00:00,1,6068.477182142858,6069.0846035714285,6066.958628571429,6071.818,6.0742142857143335,6069.073,6067.543,completed,time,False,False,-0.12594221474858006,-0.17594221474858007,15.0
2025-10-23 03:00:00+00:00,2025-10-23 03:01:00+00:00,2025-10-23 03:15:00+00:00,2025-10-23 03:30:01+00:00,2025-10-23 03:04:02+00:00,2025-10-23 03:04:03+00:00,2025-10-23 03:19:03+00:00,,,CONTEXT_GEOMETRIC,boom:CONTEXT_GEOMETRIC:2025-10-23T03:00:00+00:00,1,6074.380499999999,6074.903499999999,6073.072999999999,6077.257,5.229999999999953,6074.898,6065.634,completed,time,False,False,-0.8856596558317597,-0.9356596558317597,15.0
2025-10-23 06:00:00+00:00,2025-10-23 06:01:00+00:00,2025-10-23 06:15:00+00:00,2025-10-23 06:30:01+00:00,2025-10-23 06:03:47+00:00,2025-10-23 06:03:48+00:00,2025-10-23 06:18:48+00:00,,,CONTEXT_GEOMETRIC,boom:CONTEXT_GEOMETRIC:2025-10-23T06:00:00+00:00,1,6087.716092857143,6088.234621428572,6086.419771428572,6090.568,5.185285714285718,6088.225,6083.719,completed,time,False,False,-0.4344987189024185,-0.48449871890241847,15.0
2025-10-23 06:30:00+00:00,2025-10-23 06:31:00+00:00,2025-10-23 06:45:00+00:00,2025-10-23 07:00:01+00:00,2025-10-23 06:33:05+00:00,2025-10-23 06:33:06+00:00,2025-10-23 06:48:06+00:00,,,CONTEXT_GEOMETRIC,boom:CONTEXT_GEOMETRIC:2025-10-23T06:30:00+00:00,1,6080.780478571428,6081.227664285714,6079.662514285714,6083.24,4.471857142857191,6081.206,6084.408,completed,time,False,False,0.35801680350128323,0.30801680350128324,15.0
2025-10-24 01:00:00+00:00,2025-10-24 01:01:00+00:00,2025-10-24 01:15:00+00:00,2025-10-24 01:30:01+00:00,2025-10-24 01:03:29+00:00,2025-10-24 01:03:30+00:00,2025-10-24 01:18:30+00:00,,,CONTEXT_GEOMETRIC,boom:CONTEXT_GEOMETRIC:2025-10-24T01:00:00+00:00,1,6097.161242857143,6097.648471428572,6095.943171428572,6099.841,4.872285714285616,6097.622,6088.716,completed,time,False,False,-0.9139447604527194,-0.9639447604527195,15.0
2025-10-24 01:30:00+00:00,2025-10-24 01:31:00+00:00,2025-10-24 01:45:00+00:00,2025-10-24 02:00:01+00:00,2025-10-24 01:32:48+00:00,2025-10-24 01:32:49+00:00,2025-10-24 01:47:49+00:00,,,CONTEXT_GEOMETRIC,boom:CONTEXT_GEOMETRIC:2025-10-24T01:30:00+00:00,1,6083.470853571429,6083.8877892857145,6082.428514285714,6085.764,4.169357142857085,6083.867,6078.784,completed,time,False,False,-0.6095663942712009,-0.6595663942712009,15.0
2025-10-24 21:00:00+00:00,2025-10-24 21:01:00+00:00,2025-10-24 21:15:00+00:00,2025-10-24 21:30:01+00:00,2025-10-24 21:03:32+00:00,2025-10-24 21:03:33+00:00,2025-10-24 21:18:33+00:00,,,CONTEXT_GEOMETRIC,boom:CONTEXT_GEOMETRIC:2025-10-24T21:00:00+00:00,1,6138.166792857142,6138.659921428572,6136.933971428571,6140.879,4.931285714285748,6138.638,6131.86,completed,time,False,False,-0.6872447058142097,-0.7372447058142098,15.0
2025-10-25 14:30:00+00:00,2025-10-25 14:31:00+00:00,2025-10-25 14:45:00+00:00,2025-10-25 15:00:01+00:00,2025-10-25 14:34:50+00:00,2025-10-25 14:34:51+00:00,2025-10-25 14:49:51+00:00,,,CONTEXT_GEOMETRIC,boom:CONTEXT_GEOMETRIC:2025-10-25T14:30:00+00:00,1,6205.056085714286,6205.735342857143,6203.357942857144,6208.792,6.792571428571397,6205.73,6209.12,completed,time,False,False,0.24953730966604698,0.199537309666047,15.0
2025-10-25 16:00:00+00:00,2025-10-25 16:01:00+00:00,2025-10-25 16:15:00+00:00,2025-10-25 16:30:01+00:00,2025-10-25 16:05:26+00:00,2025-10-25 16:05:27+00:00,2025-10-25 16:20:27+00:00,,,CONTEXT_GEOMETRIC,boom:CONTEXT_GEOMETRIC:2025-10-25T16:00:00+00:00,1,6240.837017857143,6241.593196428572,6238.946571428572,6244.996,7.561785714285828,6241.571,6232.165,completed,time,False,False,-0.6219430406649852,-0.6719430406649852,15.0
2025-10-26 16:00:00+00:00,2025-10-26 16:01:00+00:00,2025-10-26 16:15:00+00:00,2025-10-26 16:30:01+00:00,2025-10-26 16:04:27+00:00,2025-10-26 16:04:28+00:00,2025-10-26 16:19:28+00:00,,,CONTEXT_GEOMETRIC,boom:CONTEXT_GEOMETRIC:2025-10-26T16:00:00+00:00,1,6183.441628571429,6184.033514285715,6181.961914285715,6186.697,5.9188571428572425,6184.019,6177.211,completed,time,False,False,-0.5751110252944481,-0.6251110252944482,15.0
2025-10-26 16:30:00+00:00,2025-10-26 16:31:00+00:00,2025-10-26 16:45:00+00:00,2025-10-26 17:00:01+00:00,2025-10-26 16:35:10+00:00,2025-10-26 16:35:11+00:00,2025-10-26 16:50:11+00:00,2025-10-26 16:50:10+00:00,,CONTEXT_GEOMETRIC,boom:CONTEXT_GEOMETRIC:2025-10-26T16:30:00+00:00,1,6173.041482142857,6173.500303571428,6171.894428571428,6175.565,4.588214285714522,6173.491,6164.298,completed,sl,False,False,-1.0018058690744636,-1.0518058690744636,15.0
2025-10-27 00:00:00+00:00,2025-10-27 00:01:00+00:00,2025-10-27 00:15:00+00:00,2025-10-27 00:30:01+00:00,2025-10-27 00:04:08+00:00,2025-10-27 00:04:09+00:00,2025-10-27 00:19:09+00:00,,,CONTEXT_GEOMETRIC,boom:CONTEXT_GEOMETRIC:2025-10-27T00:00:00+00:00,1,6180.211410714286,6180.779517857143,6178.791142857143,6183.336,5.681071428571353,6180.738,6186.268,completed,time,False,False,0.48670396680705014,0.43670396680705015,15.0
2025-10-27 00:30:00+00:00,2025-10-27 00:31:00+00:00,2025-10-27 00:45:00+00:00,2025-10-27 01:00:01+00:00,2025-10-27 00:34:35+00:00,2025-10-27 00:34:36+00:00,2025-10-27 00:49:36+00:00,,,CONTEXT_GEOMETRIC,boom:CONTEXT_GEOMETRIC:2025-10-27T00:30:00+00:00,1,6190.068032142857,6190.672753571429,6188.556228571429,6193.394,6.047214285714225,6190.663,6184.492,completed,time,False,False,-0.5102349369839242,-0.5602349369839242,15.0
2025-10-28 00:00:00+00:00,2025-10-28 00:01:00+00:00,2025-10-28 00:15:00+00:00,2025-10-28 00:30:01+00:00,2025-10-28 00:05:24+00:00,2025-10-28 00:05:25+00:00,2025-10-28 00:20:25+00:00,,,CONTEXT_GEOMETRIC,boom:CONTEXT_GEOMETRIC:2025-10-28T00:00:00+00:00,1,6281.557635714285,6282.320792857143,6279.649742857143,6285.755,7.631571428571468,6282.29,6275.172,completed,time,False,False,-0.46635218359823377,-0.5163521835982338,15.0
2025-10-28 23:30:00+00:00,2025-10-28 23:31:00+00:00,2025-10-28 23:45:00+00:00,2025-10-29 00:00:01+00:00,2025-10-28 23:40:05+00:00,2025-10-28 23:40:06+00:00,2025-10-28 23:55:06+00:00,,,CONTEXT_GEOMETRIC,boom:CONTEXT_GEOMETRIC:2025-10-28T23:30:00+00:00,1,6257.902160714286,6258.835767857143,6255.568142857143,6263.037,9.336071428571488,6258.823,6251.707,completed,time,False,False,-0.38110248269002395,-0.43110248269002394,15.0
2025-10-29 02:30:00+00:00,2025-10-29 02:31:00+00:00,2025-10-29 02:45:00+00:00,2025-10-29 03:00:01+00:00,2025-10-29 02:33:07+00:00,2025-10-29 02:33:08+00:00,2025-10-29 02:48:08+00:00,,,CONTEXT_GEOMETRIC,boom:CONTEXT_GEOMETRIC:2025-10-29T02:30:00+00:00,1,6234.794878571429,6235.245264285714,6233.668914285715,6237.272,4.503857142857149,6235.238,6237.548,completed,time,False,False,0.2564468550765441,0.2064468550765441,15.0
2025-10-29 05:30:00+00:00,2025-10-29 05:31:00+00:00,2025-10-29 05:45:00+00:00,2025-10-29 06:00:01+00:00,2025-10-29 05:43:20+00:00,2025-10-29 05:43:21+00:00,2025-10-29 05:58:21+00:00,,,CONTEXT_GEOMETRIC,boom:CONTEXT_GEOMETRIC:2025-10-29T05:30:00+00:00,1,6274.6426357142855,6275.269792857142,6273.074742857142,6278.092,6.271571428571535,6275.239,6282.886,completed,time,False,False,0.6096558164962643,0.5596558164962643,15.0
2025-10-29 07:00:00+00:00,2025-10-29 07:01:00+00:00,2025-10-29 07:15:00+00:00,2025-10-29 07:30:01+00:00,2025-10-29 07:03:44+00:00,2025-10-29 07:03:45+00:00,2025-10-29 07:18:45+00:00,,,CONTEXT_GEOMETRIC,boom:CONTEXT_GEOMETRIC:2025-10-29T07:00:00+00:00,1,6301.187717857143,6301.754496428572,6299.770771428572,6304.305,5.667785714285595,6301.728,6333.131,completed,time,False,False,2.7703058639681197,2.72030586396812,15.0
2025-10-29 08:00:00+00:00,2025-10-29 08:01:00+00:00,2025-10-29 08:15:00+00:00,2025-10-29 08:30:01+00:00,2025-10-29 08:04:43+00:00,2025-10-29 08:04:44+00:00,2025-10-29 08:19:44+00:00,,,CONTEXT_GEOMETRIC,boom:CONTEXT_GEOMETRIC:2025-10-29T08:00:00+00:00,1,6335.148603571429,6335.849039285715,6333.397514285714,6339.001,7.004357142857121,6335.84,6332.096,completed,time,False,False,-0.26726221433601793,-0.3172622143360179,15.0
2025-10-30 13:30:00+00:00,2025-10-30 13:31:00+00:00,2025-10-30 13:45:00+00:00,2025-10-30 14:00:01+00:00,2025-10-30 13:33:47+00:00,2025-10-30 13:33:48+00:00,2025-10-30 13:48:48+00:00,,,CONTEXT_GEOMETRIC,boom:CONTEXT_GEOMETRIC:2025-10-30T13:30:00+00:00,1,6354.743707142858,6355.311578571429,6353.324028571429,6357.867,5.67871428571425,6355.292,6366.272,completed,time,False,False,0.966768131619298,0.9167681316192979,15.0
2025-10-30 15:00:00+00:00,2025-10-30 15:01:00+00:00,2025-10-30 15:15:00+00:00,2025-10-30 15:30:01+00:00,2025-10-30 15:03:38+00:00,2025-10-30 15:03:39+00:00,2025-10-30 15:18:39+00:00,,,CONTEXT_GEOMETRIC,boom:CONTEXT_GEOMETRIC:2025-10-30T15:00:00+00:00,1,6374.055196428571,6374.593160714286,6372.710285714285,6377.014,5.3796428571427635,6374.562,6391.88,completed,time,False,False,1.609586403770877,1.5595864037708769,15.0
2025-10-31 06:00:00+00:00,2025-10-31 06:01:00+00:00,2025-10-31 06:15:00+00:00,2025-10-31 06:30:01+00:00,2025-10-31 06:03:23+00:00,2025-10-31 06:03:24+00:00,2025-10-31 06:18:24+00:00,,,CONTEXT_GEOMETRIC,boom:CONTEXT_GEOMETRIC:2025-10-31T06:00:00+00:00,1,6358.004046428571,6358.485310714285,6356.800885714286,6360.651,4.812642857142821,6358.475,6348.867,completed,time,False,False,-0.9982041349422166,-1.0482041349422166,15.0
2025-10-31 14:00:00+00:00,2025-10-31 14:01:00+00:00,2025-10-31 14:15:00+00:00,2025-10-31 14:30:01+00:00,2025-10-31 14:03:49+00:00,2025-10-31 14:03:50+00:00,2025-10-31 14:18:50+00:00,,,CONTEXT_GEOMETRIC,boom:CONTEXT_GEOMETRIC:2025-10-31T14:00:00+00:00,1,6369.212535714286,6369.773892857143,6367.809142857143,6372.3,5.613571428571374,6369.749,6378.148,completed,time,False,False,0.7480977223565716,0.6980977223565715,15.0
2025-10-31 20:30:00+00:00,2025-10-31 20:31:00+00:00,2025-10-31 20:45:00+00:00,2025-10-31 21:00:01+00:00,2025-10-31 20:34:15+00:00,2025-10-31 20:34:16+00:00,2025-10-31 20:49:16+00:00,,,CONTEXT_GEOMETRIC,boom:CONTEXT_GEOMETRIC:2025-10-31T20:30:00+00:00,1,6414.027153571429,6414.621489285714,6412.541314285715,6417.296,5.943357142857102,6414.614,6409.567,completed,time,False,False,-0.4245916809883452,-0.4745916809883452,15.0
2025-11-01 16:00:00+00:00,2025-11-01 16:01:00+00:00,2025-11-01 16:15:00+00:00,2025-11-01 16:30:01+00:00,2025-11-01 16:06:14+00:00,2025-11-01 16:06:15+00:00,2025-11-01 16:21:15+00:00,,,CONTEXT_GEOMETRIC,boom:CONTEXT_GEOMETRIC:2025-11-01T16:00:00+00:00,1,6474.419403571429,6475.274239285714,6472.282314285715,6479.121,8.54835714285712,6475.242,6473.108,completed,time,False,False,-0.1248193052967583,-0.17481930529675832,15.0
2025-11-01 16:30:00+00:00,2025-11-01 16:31:00+00:00,2025-11-01 16:45:00+00:00,2025-11-01 17:00:01+00:00,2025-11-01 16:40:16+00:00,2025-11-01 16:40:17+00:00,2025-11-01 16:55:17+00:00,,,CONTEXT_GEOMETRIC,boom:CONTEXT_GEOMETRIC:2025-11-01T16:30:00+00:00,1,6480.790314285714,6481.682257142857,6478.560457142857,6485.696,8.919428571428593,6481.67,6473.714,completed,time,False,False,-0.445992696521244,-0.495992696521244,15.0
2025-11-02 15:00:00+00:00,2025-11-02 15:01:00+00:00,2025-11-02 15:15:00+00:00,2025-11-02 15:30:01+00:00,2025-11-02 15:03:42+00:00,2025-11-02 15:03:43+00:00,2025-11-02 15:18:43+00:00,,,CONTEXT_GEOMETRIC,boom:CONTEXT_GEOMETRIC:2025-11-02T15:00:00+00:00,1,6435.267607142857,6435.791678571428,6433.957428571428,6438.15,5.2407142857143425,6435.759,6439.061,completed,time,False,False,0.31503339239467776,0.26503339239467777,15.0
2025-11-02 15:30:00+00:00,2025-11-02 15:31:00+00:00,2025-11-02 15:45:00+00:00,2025-11-02 16:00:01+00:00,2025-11-02 15:34:31+00:00,2025-11-02 15:34:32+00:00,2025-11-02 15:49:32+00:00,,,CONTEXT_GEOMETRIC,boom:CONTEXT_GEOMETRIC:2025-11-02T15:30:00+00:00,1,6455.397125,6455.958375,6453.994000000001,6458.484,5.612499999999792,6455.948,6455.299,completed,time,False,False,-0.05781737193767181,-0.10781737193767181,15.0
2025-11-03 21:00:00+00:00,2025-11-03 21:01:00+00:00,2025-11-03 21:15:00+00:00,2025-11-03 21:30:01+00:00,2025-11-03 21:04:26+00:00,2025-11-03 21:04:27+00:00,2025-11-03 21:19:27+00:00,,,CONTEXT_GEOMETRIC,boom:CONTEXT_GEOMETRIC:2025-11-03T21:00:00+00:00,1,6372.232139285714,6372.805932142857,6370.797657142857,6375.388,5.7379285714284505,6372.785,6375.711,completed,time,False,False,0.25497006137111616,0.20497006137111617,15.0
2025-11-04 00:00:00+00:00,2025-11-04 00:01:00+00:00,2025-11-04 00:15:00+00:00,2025-11-04 00:30:01+00:00,2025-11-04 00:03:19+00:00,2025-11-04 00:03:20+00:00,2025-11-04 00:18:20+00:00,,,CONTEXT_GEOMETRIC,boom:CONTEXT_GEOMETRIC:2025-11-04T00:00:00+00:00,1,6363.696557142857,6364.191728571429,6362.458628571429,6366.42,4.951714285714323,6364.167,6382.198,completed,time,False,False,1.8206825918873506,1.7706825918873506,15.0
2025-11-04 02:00:00+00:00,2025-11-04 02:01:00+00:00,2025-11-04 02:15:00+00:00,2025-11-04 02:30:01+00:00,2025-11-04 02:04:05+00:00,2025-11-04 02:04:06+00:00,2025-11-04 02:19:06+00:00,,,CONTEXT_GEOMETRIC,boom:CONTEXT_GEOMETRIC:2025-11-04T02:00:00+00:00,1,6405.555835714285,6406.152592857143,6404.063942857142,6408.838,5.967571428571448,6406.142,6403.801,completed,time,False,False,-0.19614344193613129,-0.2461434419361313,15.0
2025-11-05 03:00:00+00:00,2025-11-05 03:01:00+00:00,2025-11-05 03:15:00+00:00,2025-11-05 03:30:01+00:00,2025-11-05 03:04:18+00:00,2025-11-05 03:04:19+00:00,2025-11-05 03:19:19+00:00,,,CONTEXT_GEOMETRIC,boom:CONTEXT_GEOMETRIC:2025-11-05T03:00:00+00:00,1,6321.831592857143,6322.453121428572,6320.277771428571,6325.25,6.215285714285723,6322.434,6339.6,completed,time,False,False,1.3809501919231504,1.3309501919231503,15.0
2025-11-05 08:00:00+00:00,2025-11-05 08:01:00+00:00,2025-11-05 08:15:00+00:00,2025-11-05 08:30:01+00:00,2025-11-05 08:04:55+00:00,2025-11-05 08:04:56+00:00,2025-11-05 08:19:56+00:00,,,CONTEXT_GEOMETRIC,boom:CONTEXT_GEOMETRIC:2025-11-05T08:00:00+00:00,1,6330.481449999999,6331.14355,6328.8261999999995,6334.123,6.621000000000095,6331.131,6331.598,completed,time,False,False,0.03526657604588709,-0.014733423954112916,15.0
2025-11-05 23:00:00+00:00,2025-11-05 23:01:00+00:00,2025-11-05 23:15:00+00:00,2025-11-05 23:30:01+00:00,2025-11-05 23:05:48+00:00,2025-11-05 23:05:49+00:00,2025-11-05 23:20:49+00:00,,,CONTEXT_GEOMETRIC,boom:CONTEXT_GEOMETRIC:2025-11-05T23:00:00+00:00,1,6373.745139285714,6374.550932142857,6371.730657142856,6378.177,8.057928571428615,6374.537,6390.411,completed,time,False,False,0.9849925982395153,0.9349925982395153,15.0
2025-11-06 23:00:00+00:00,2025-11-06 23:01:00+00:00,2025-11-06 23:15:00+00:00,2025-11-06 23:30:01+00:00,2025-11-06 23:04:21+00:00,2025-11-06 23:04:22+00:00,2025-11-06 23:19:22+00:00,,,CONTEXT_GEOMETRIC,boom:CONTEXT_GEOMETRIC:2025-11-06T23:00:00+00:00,1,6322.628321428571,6323.215535714286,6321.160285714285,6325.858,5.87214285714286,6323.21,6317.227,completed,time,False,False,-0.5094392409682666,-0.5594392409682667,15.0
2025-11-07 04:00:00+00:00,2025-11-07 04:01:00+00:00,2025-11-07 04:15:00+00:00,2025-11-07 04:30:01+00:00,2025-11-07 04:05:01+00:00,2025-11-07 04:05:02+00:00,2025-11-07 04:20:02+00:00,,,CONTEXT_GEOMETRIC,boom:CONTEXT_GEOMETRIC:2025-11-07T04:00:00+00:00,1,6395.791532142857,6396.539253571429,6393.922228571429,6399.904,7.477214285714256,6396.517,6393.391,completed,time,False,False,-0.2090350684460553,-0.2590350684460553,15.0
2025-11-07 06:00:00+00:00,2025-11-07 06:01:00+00:00,2025-11-07 06:15:00+00:00,2025-11-07 06:30:01+00:00,2025-11-07 06:05:06+00:00,2025-11-07 06:05:07+00:00,2025-11-07 06:20:07+00:00,,,CONTEXT_GEOMETRIC,boom:CONTEXT_GEOMETRIC:2025-11-07T06:00:00+00:00,1,6415.549907142857,6416.265378571428,6413.761228571429,6419.485,7.154714285714298,6416.246,6406.862,completed,time,False,False,-0.655791386298744,-0.705791386298744,15.0
2025-11-08 03:00:00+00:00,2025-11-08 03:01:00+00:00,2025-11-08 03:15:00+00:00,2025-11-08 03:30:01+00:00,2025-11-08 03:05:44+00:00,2025-11-08 03:05:45+00:00,2025-11-08 03:20:45+00:00,,,CONTEXT_GEOMETRIC,boom:CONTEXT_GEOMETRIC:2025-11-08T03:00:00+00:00,1,6333.213392857143,6333.713321428571,6331.963571428571,6335.963,4.999285714285894,6333.698,6324.913,completed,time,False,False,-0.8786255179311778,-0.9286255179311779,15.0
2025-11-09 00:00:00+00:00,2025-11-09 00:01:00+00:00,2025-11-09 00:15:00+00:00,2025-11-09 00:30:01+00:00,2025-11-09 00:04:34+00:00,2025-11-09 00:04:35+00:00,2025-11-09 00:19:35+00:00,,,CONTEXT_GEOMETRIC,boom:CONTEXT_GEOMETRIC:2025-11-09T00:00:00+00:00,1,6235.450410714286,6236.056517857142,6233.935142857143,6238.784,6.0610714285715925,6236.045,6226.899,completed,time,False,False,-0.7544870661716621,-0.8044870661716621,15.0
2025-11-09 00:30:00+00:00,2025-11-09 00:31:00+00:00,2025-11-09 00:45:00+00:00,2025-11-09 01:00:01+00:00,2025-11-09 00:33:39+00:00,2025-11-09 00:33:40+00:00,2025-11-09 00:48:40+00:00,,,CONTEXT_GEOMETRIC,boom:CONTEXT_GEOMETRIC:2025-11-09T00:30:00+00:00,1,6227.035132142857,6227.567653571428,6225.703828571429,6229.964,5.325214285714343,6227.553,6229.045,completed,time,False,False,0.1400882593591299,0.09008825935912991,15.0
2025-11-09 16:30:00+00:00,2025-11-09 16:31:00+00:00,2025-11-09 16:45:00+00:00,2025-11-09 17:00:01+00:00,2025-11-09 16:34:03+00:00,2025-11-09 16:34:04+00:00,2025-11-09 16:49:04+00:00,,,CONTEXT_GEOMETRIC,boom:CONTEXT_GEOMETRIC:2025-11-09T16:30:00+00:00,1,6170.342207142858,6170.853078571428,6169.065028571429,6173.152,5.108714285714216,6170.838,6169.434,completed,time,False,False,-0.13741226475765395,-0.18741226475765393,15.0
2025-11-09 18:00:00+00:00,2025-11-09 18:01:00+00:00,2025-11-09 18:15:00+00:00,2025-11-09 18:30:01+00:00,2025-11-09 18:04:05+00:00,2025-11-09 18:04:06+00:00,2025-11-09 18:19:06+00:00,,,CONTEXT_GEOMETRIC,boom:CONTEXT_GEOMETRIC:2025-11-09T18:00:00+00:00,1,6180.698328571429,6181.240814285714,6179.342114285714,6183.682,5.424857142857101,6181.211,6178.922,completed,time,False,False,-0.21097329751941868,-0.26097329751941867,15.0
2025-11-10 08:00:00+00:00,2025-11-10 08:01:00+00:00,2025-11-10 08:15:00+00:00,2025-11-10 08:30:01+00:00,2025-11-10 08:03:23+00:00,2025-11-10 08:03:24+00:00,2025-11-10 08:18:24+00:00,,,CONTEXT_GEOMETRIC,boom:CONTEXT_GEOMETRIC:2025-11-10T08:00:00+00:00,1,6217.174628571429,6217.654514285715,6215.9749142857145,6219.814,4.798857142857287,6217.633,6209.124,completed,time,False,False,-0.8865652536317921,-0.9365652536317921,15.0
2025-11-10 11:00:00+00:00,2025-11-10 11:01:00+00:00,2025-11-10 11:15:00+00:00,2025-11-10 11:30:01+00:00,2025-11-10 11:03:51+00:00,2025-11-10 11:03:52+00:00,2025-11-10 11:18:52+00:00,,,CONTEXT_GEOMETRIC,boom:CONTEXT_GEOMETRIC:2025-11-10T11:00:00+00:00,1,6209.827314285714,6210.379257142858,6208.447457142857,6212.863,5.519428571428501,6210.349,6211.074,completed,time,False,False,0.06567708872549234,0.01567708872549234,15.0
2025-11-10 12:30:00+00:00,2025-11-10 12:31:00+00:00,2025-11-10 12:45:00+00:00,2025-11-10 13:00:01+00:00,2025-11-10 12:33:29+00:00,2025-11-10 12:33:30+00:00,2025-11-10 12:48:30+00:00,,,CONTEXT_GEOMETRIC,boom:CONTEXT_GEOMETRIC:2025-11-10T12:30:00+00:00,1,6213.053139285714,6213.522932142857,6211.878657142856,6215.637,4.697928571428553,6213.512,6235.388,completed,time,False,False,2.3282601754572996,2.2782601754572998,15.0
2025-11-10 13:30:00+00:00,2025-11-10 13:31:00+00:00,2025-11-10 13:45:00+00:00,2025-11-10 14:00:01+00:00,2025-11-10 13:33:51+00:00,2025-11-10 13:33:52+00:00,2025-11-10 13:48:52+00:00,,,CONTEXT_GEOMETRIC,boom:CONTEXT_GEOMETRIC:2025-11-10T13:30:00+00:00,1,6215.123214285713,6215.665357142857,6213.767857142856,6218.105,5.421428571428611,6215.642,6220.588,completed,time,False,False,0.4561528326745604,0.4061528326745604,15.0
2025-11-11 02:00:00+00:00,2025-11-11 02:01:00+00:00,2025-11-11 02:15:00+00:00,2025-11-11 02:30:01+00:00,2025-11-11 02:03:04+00:00,2025-11-11 02:03:05+00:00,2025-11-11 02:18:05+00:00,,,CONTEXT_GEOMETRIC,boom:CONTEXT_GEOMETRIC:2025-11-11T02:00:00+00:00,1,6240.251125,6240.670375,6239.2029999999995,6242.557,4.192499999999915,6240.662,6245.892,completed,time,False,False,0.6237328562909564,0.5737328562909564,15.0
2025-11-11 02:30:00+00:00,2025-11-11 02:31:00+00:00,2025-11-11 02:45:00+00:00,2025-11-11 03:00:01+00:00,2025-11-11 02:34:00+00:00,2025-11-11 02:34:01+00:00,2025-11-11 02:49:01+00:00,,,CONTEXT_GEOMETRIC,boom:CONTEXT_GEOMETRIC:2025-11-11T02:30:00+00:00,1,6259.371560714285,6259.938367857142,6257.954542857142,6262.489,5.668071428571499,6259.929,6251.193,completed,time,False,False,-0.7706324902649979,-0.820632490264998,15.0
2025-11-11 21:30:00+00:00,2025-11-11 21:31:00+00:00,2025-11-11 21:45:00+00:00,2025-11-11 22:00:01+00:00,2025-11-11 21:35:06+00:00,2025-11-11 21:35:07+00:00,2025-11-11 21:50:07+00:00,,,CONTEXT_GEOMETRIC,boom:CONTEXT_GEOMETRIC:2025-11-11T21:30:00+00:00,1,6231.147025,6231.838475,6229.4184000000005,6234.95,6.914500000000056,6231.799,6239.118,completed,time,False,False,0.5292501265456906,0.4792501265456906,15.0
2025-11-12 01:30:00+00:00,2025-11-12 01:31:00+00:00,2025-11-12 01:45:00+00:00,2025-11-12 02:00:01+00:00,2025-11-12 01:33:33+00:00,2025-11-12 01:33:34+00:00,2025-11-12 01:48:34+00:00,,,CONTEXT_GEOMETRIC,boom:CONTEXT_GEOMETRIC:2025-11-12T01:30:00+00:00,1,6229.078967857143,6229.5662464285715,6227.860771428572,6231.759,4.872785714285653,6229.548,6255.46,completed,time,False,False,2.6588487078380525,2.6088487078380527,15.0
2025-11-12 12:30:00+00:00,2025-11-12 12:31:00+00:00,2025-11-12 12:45:00+00:00,2025-11-12 13:00:01+00:00,2025-11-12 12:33:40+00:00,2025-11-12 12:33:41+00:00,2025-11-12 12:48:41+00:00,,,CONTEXT_GEOMETRIC,boom:CONTEXT_GEOMETRIC:2025-11-12T12:30:00+00:00,1,6189.561157142857,6190.071128571429,6188.286228571428,6192.366,5.099714285714266,6190.057,6182.81,completed,time,False,False,-0.7105300016807092,-0.7605300016807093,15.0
2025-11-12 15:30:00+00:00,2025-11-12 15:31:00+00:00,2025-11-12 15:45:00+00:00,2025-11-12 16:00:01+00:00,2025-11-12 15:33:03+00:00,2025-11-12 15:33:04+00:00,2025-11-12 15:48:04+00:00,,,CONTEXT_GEOMETRIC,boom:CONTEXT_GEOMETRIC:2025-11-12T15:30:00+00:00,1,6221.54355,6221.97745,6220.4588,6223.93,4.339000000000007,6221.958,6228.722,completed,time,False,False,0.7794422678036544,0.7294422678036544,15.0
2025-11-12 16:00:00+00:00,2025-11-12 16:01:00+00:00,2025-11-12 16:15:00+00:00,2025-11-12 16:30:01+00:00,2025-11-12 16:03:34+00:00,2025-11-12 16:03:35+00:00,2025-11-12 16:18:35+00:00,,,CONTEXT_GEOMETRIC,boom:CONTEXT_GEOMETRIC:2025-11-12T16:00:00+00:00,1,6223.409621428571,6223.890235714285,6222.2080857142855,6226.053,4.806142857142861,6223.865,6215.949,completed,time,False,False,-0.8235294117647226,-0.8735294117647227,15.0
2025-11-13 06:30:00+00:00,2025-11-13 06:31:00+00:00,2025-11-13 06:45:00+00:00,2025-11-13 07:00:01+00:00,2025-11-13 06:35:34+00:00,2025-11-13 06:35:35+00:00,2025-11-13 06:50:35+00:00,,,CONTEXT_GEOMETRIC,boom:CONTEXT_GEOMETRIC:2025-11-13T06:30:00+00:00,1,6249.07155,6249.63545,6247.6618,6252.173,5.638999999999994,6249.635,6255.248,completed,time,False,False,0.497694626706808,0.447694626706808,15.0
2025-11-14 01:00:00+00:00,2025-11-14 01:01:00+00:00,2025-11-14 01:15:00+00:00,2025-11-14 01:30:01+00:00,2025-11-14 01:05:26+00:00,2025-11-14 01:05:27+00:00,2025-11-14 01:20:27+00:00,,,CONTEXT_GEOMETRIC,boom:CONTEXT_GEOMETRIC:2025-11-14T01:00:00+00:00,1,6232.255710714286,6232.971217857143,6230.466942857142,6236.191,7.155071428571513,6232.945,6233.977,completed,time,False,False,0.0721166804763952,0.0221166804763952,15.0
2025-11-14 03:00:00+00:00,2025-11-14 03:01:00+00:00,2025-11-14 03:15:00+00:00,2025-11-14 03:30:01+00:00,2025-11-14 03:03:30+00:00,2025-11-14 03:03:31+00:00,2025-11-14 03:18:31+00:00,,,CONTEXT_GEOMETRIC,boom:CONTEXT_GEOMETRIC:2025-11-14T03:00:00+00:00,1,6250.738357142857,6251.217928571429,6249.539428571428,6253.376,4.795714285714309,6251.193,6257.589,completed,time,False,False,0.6668453976764656,0.6168453976764655,15.0
2025-11-14 03:30:00+00:00,2025-11-14 03:31:00+00:00,2025-11-14 03:45:00+00:00,2025-11-14 04:00:01+00:00,2025-11-14 03:33:49+00:00,2025-11-14 03:33:50+00:00,2025-11-14 03:48:50+00:00,,,CONTEXT_GEOMETRIC,boom:CONTEXT_GEOMETRIC:2025-11-14T03:30:00+00:00,1,6259.403260714286,6259.974667857143,6257.974742857144,6262.546,5.71407142857145,6259.971,6281.465,completed,time,False,False,1.880795529832414,1.830795529832414,15.0
2025-11-14 04:30:00+00:00,2025-11-14 04:31:00+00:00,2025-11-14 04:45:00+00:00,2025-11-14 05:00:01+00:00,2025-11-14 04:34:25+00:00,2025-11-14 04:34:26+00:00,2025-11-14 04:49:26+00:00,,,CONTEXT_GEOMETRIC,boom:CONTEXT_GEOMETRIC:2025-11-14T04:30:00+00:00,1,6274.560325,6275.155175,6273.073200000001,6277.832,5.948500000000097,6275.125,6265.42,completed,time,False,False,-0.8157518702193637,-0.8657518702193637,15.0
2025-11-14 08:00:00+00:00,2025-11-14 08:01:00+00:00,2025-11-14 08:15:00+00:00,2025-11-14 08:30:01+00:00,2025-11-14 08:04:49+00:00,2025-11-14 08:04:50+00:00,2025-11-14 08:19:50+00:00,,,CONTEXT_GEOMETRIC,boom:CONTEXT_GEOMETRIC:2025-11-14T08:00:00+00:00,1,6276.2209785714285,6276.893164285714,6274.540514285714,6279.918,6.721857142857126,6276.886,6269.829,completed,time,False,False,-0.5249293350052602,-0.5749293350052602,15.0
2025-11-14 08:30:00+00:00,2025-11-14 08:31:00+00:00,2025-11-14 08:45:00+00:00,2025-11-14 09:00:01+00:00,2025-11-14 08:43:39+00:00,2025-11-14 08:43:40+00:00,2025-11-14 08:58:40+00:00,,,CONTEXT_GEOMETRIC,boom:CONTEXT_GEOMETRIC:2025-11-14T08:30:00+00:00,1,6275.893010714286,6276.627917857143,6274.055742857143,6279.935,7.349071428571473,6276.624,6267.219,completed,time,False,False,-0.6398767579966159,-0.689876757996616,15.0
2025-11-14 10:30:00+00:00,2025-11-14 10:31:00+00:00,2025-11-14 10:45:00+00:00,2025-11-14 11:00:01+00:00,2025-11-14 10:34:14+00:00,2025-11-14 10:34:15+00:00,2025-11-14 10:49:15+00:00,,,CONTEXT_GEOMETRIC,boom:CONTEXT_GEOMETRIC:2025-11-14T10:30:00+00:00,1,6265.225139285714,6265.798932142858,6263.7906571428575,6268.381,5.737928571428386,6265.784,6273.403,completed,time,False,False,0.6639155494143718,0.6139155494143718,15.0
2025-11-14 12:00:00+00:00,2025-11-14 12:01:00+00:00,2025-11-14 12:15:00+00:00,2025-11-14 12:30:01+00:00,2025-11-14 12:04:55+00:00,2025-11-14 12:04:56+00:00,2025-11-14 12:19:56+00:00,,,CONTEXT_GEOMETRIC,boom:CONTEXT_GEOMETRIC:2025-11-14T12:00:00+00:00,1,6300.665610714285,6301.363317857143,6298.921342857142,6304.503,6.977071428571435,6301.344,6291.853,completed,time,False,False,-0.680156430757889,-0.730156430757889,15.0
2025-11-14 15:00:00+00:00,2025-11-14 15:01:00+00:00,2025-11-14 15:15:00+00:00,2025-11-14 15:30:01+00:00,2025-11-14 15:04:07+00:00,2025-11-14 15:04:08+00:00,2025-11-14 15:19:08+00:00,,,CONTEXT_GEOMETRIC,boom:CONTEXT_GEOMETRIC:2025-11-14T15:00:00+00:00,1,6257.595246428572,6258.130110714286,6256.258085714287,6260.537,5.34864285714301,6258.125,6257.353,completed,time,False,False,-0.07216783963888553,-0.12216783963888553,15.0
2025-11-15 04:00:00+00:00,2025-11-15 04:01:00+00:00,2025-11-15 04:15:00+00:00,2025-11-15 04:30:01+00:00,2025-11-15 04:04:07+00:00,2025-11-15 04:04:08+00:00,2025-11-15 04:19:08+00:00,,,CONTEXT_GEOMETRIC,boom:CONTEXT_GEOMETRIC:2025-11-15T04:00:00+00:00,1,6256.238839285715,6256.865232142857,6254.6728571428575,6259.684,6.263928571428745,6256.864,6272.321,completed,time,False,False,1.233810365471228,1.183810365471228,15.0
2025-11-15 10:30:00+00:00,2025-11-15 10:31:00+00:00,2025-11-15 10:45:00+00:00,2025-11-15 11:00:01+00:00,2025-11-15 10:33:45+00:00,2025-11-15 10:33:46+00:00,2025-11-15 10:48:46+00:00,,,CONTEXT_GEOMETRIC,boom:CONTEXT_GEOMETRIC:2025-11-15T10:30:00+00:00,1,6266.088817857143,6266.597396428572,6264.817371428571,6268.886,5.085785714285651,6266.59,6259.521,completed,time,False,False,-0.694976194154626,-0.744976194154626,15.0
2025-11-15 17:30:00+00:00,2025-11-15 17:31:00+00:00,2025-11-15 17:45:00+00:00,2025-11-15 18:00:01+00:00,2025-11-15 17:34:53+00:00,2025-11-15 17:34:54+00:00,2025-11-15 17:49:54+00:00,,,CONTEXT_GEOMETRIC,boom:CONTEXT_GEOMETRIC:2025-11-15T17:30:00+00:00,1,6342.050278571429,6342.753864285714,6340.291314285714,6345.92,7.035857142857107,6342.74,6336.737,completed,time,False,False,-0.4266004751172375,-0.47660047511723747,15.0
2025-11-16 02:30:00+00:00,2025-11-16 02:31:00+00:00,2025-11-16 02:45:00+00:00,2025-11-16 03:00:01+00:00,2025-11-16 02:35:42+00:00,2025-11-16 02:35:43+00:00,2025-11-16 02:50:43+00:00,,,CONTEXT_GEOMETRIC,boom:CONTEXT_GEOMETRIC:2025-11-16T02:30:00+00:00,1,6391.8715,6392.6525,6389.919,6396.167,7.810000000000075,6392.625,6393.801,completed,time,False,False,0.0752880921895246,0.025288092189524602,15.0
2025-11-16 03:30:00+00:00,2025-11-16 03:31:00+00:00,2025-11-16 03:45:00+00:00,2025-11-16 04:00:01+00:00,2025-11-16 03:34:02+00:00,2025-11-16 03:34:03+00:00,2025-11-16 03:49:03+00:00,,,CONTEXT_GEOMETRIC,boom:CONTEXT_GEOMETRIC:2025-11-16T03:30:00+00:00,1,6402.703242857143,6403.258471428571,6401.315171428571,6405.757,5.5522857142857776,6403.227,6409.74,completed,time,False,False,0.586515206092715,0.536515206092715,15.0
2025-11-16 09:00:00+00:00,2025-11-16 09:01:00+00:00,2025-11-16 09:15:00+00:00,2025-11-16 09:30:01+00:00,2025-11-16 09:03:18+00:00,2025-11-16 09:03:19+00:00,2025-11-16 09:18:19+00:00,,,CONTEXT_GEOMETRIC,boom:CONTEXT_GEOMETRIC:2025-11-16T09:00:00+00:00,1,6462.164014285714,6462.6705571428565,6460.897657142857,6464.95,5.065428571428648,6462.65,6452.634,completed,time,False,False,-0.9886626431270276,-1.0386626431270276,15.0
2025-11-17 16:00:00+00:00,2025-11-17 16:01:00+00:00,2025-11-17 16:15:00+00:00,2025-11-17 16:30:01+00:00,2025-11-17 16:13:42+00:00,2025-11-17 16:13:43+00:00,2025-11-17 16:28:43+00:00,,,CONTEXT_GEOMETRIC,boom:CONTEXT_GEOMETRIC:2025-11-17T16:00:00+00:00,1,6394.22535,6394.84965,6392.6646,6397.659,6.2429999999998085,6394.823,6391.485,completed,time,False,False,-0.2673394201506287,-0.3173394201506287,15.0
2025-11-17 17:30:00+00:00,2025-11-17 17:31:00+00:00,2025-11-17 17:45:00+00:00,2025-11-17 18:00:01+00:00,2025-11-17 17:34:54+00:00,2025-11-17 17:34:55+00:00,2025-11-17 17:49:55+00:00,,,CONTEXT_GEOMETRIC,boom:CONTEXT_GEOMETRIC:2025-11-17T17:30:00+00:00,1,6421.019853571429,6421.708789285714,6419.297514285715,6424.809,6.8893571428570795,6421.666,6412.225,completed,time,False,False,-0.6851872971767968,-0.7351872971767969,15.0
2025-11-18 11:00:00+00:00,2025-11-18 11:01:00+00:00,2025-11-18 11:15:00+00:00,2025-11-18 11:30:01+00:00,2025-11-18 11:03:25+00:00,2025-11-18 11:03:26+00:00,2025-11-18 11:18:26+00:00,,,CONTEXT_GEOMETRIC,boom:CONTEXT_GEOMETRIC:2025-11-18T11:00:00+00:00,1,6383.514203571428,6383.993439285714,6382.316114285713,6386.15,4.792357142857132,6383.96,6390.459,completed,time,False,False,0.6780588138851844,0.6280588138851844,15.0
2025-11-19 11:00:00+00:00,2025-11-19 11:01:00+00:00,2025-11-19 11:15:00+00:00,2025-11-19 11:30:01+00:00,2025-11-19 11:03:55+00:00,2025-11-19 11:03:56+00:00,2025-11-19 11:18:56+00:00,,,CONTEXT_GEOMETRIC,boom:CONTEXT_GEOMETRIC:2025-11-19T11:00:00+00:00,1,6463.821389285714,6464.387682142857,6462.405657142856,6466.936,5.662928571428503,6464.368,6462.685,completed,time,False,False,-0.14859802474741857,-0.19859802474741856,15.0
2025-11-19 11:30:00+00:00,2025-11-19 11:31:00+00:00,2025-11-19 11:45:00+00:00,2025-11-19 12:00:01+00:00,2025-11-19 11:33:11+00:00,2025-11-19 11:33:12+00:00,2025-11-19 11:48:12+00:00,,,CONTEXT_GEOMETRIC,boom:CONTEXT_GEOMETRIC:2025-11-19T11:30:00+00:00,1,6458.914857142857,6459.399428571429,6457.703428571428,6461.58,4.845714285714166,6459.394,6475.285,completed,time,False,False,1.639696344339624,1.589696344339624,15.0
2025-11-19 12:30:00+00:00,2025-11-19 12:31:00+00:00,2025-11-19 12:45:00+00:00,2025-11-19 13:00:01+00:00,2025-11-19 12:35:05+00:00,2025-11-19 12:35:06+00:00,2025-11-19 12:50:06+00:00,,,CONTEXT_GEOMETRIC,boom:CONTEXT_GEOMETRIC:2025-11-19T12:30:00+00:00,1,6492.934896428571,6493.627460714285,6491.203485714285,6496.744,6.925642857142975,6493.592,6483.558,completed,time,False,False,-0.7244092863993684,-0.7744092863993685,15.0
2025-11-19 13:30:00+00:00,2025-11-19 13:31:00+00:00,2025-11-19 13:45:00+00:00,2025-11-19 14:00:01+00:00,2025-11-19 13:40:16+00:00,2025-11-19 13:40:17+00:00,2025-11-19 13:55:17+00:00,,,CONTEXT_GEOMETRIC,boom:CONTEXT_GEOMETRIC:2025-11-19T13:30:00+00:00,1,6515.027478571428,6515.7966642857145,6513.104514285714,6519.258,7.691857142856991,6515.788,6506.044,completed,time,False,False,-0.6333970989729321,-0.6833970989729321,15.0
2025-11-20 03:00:00+00:00,2025-11-20 03:01:00+00:00,2025-11-20 03:15:00+00:00,2025-11-20 03:30:01+00:00,2025-11-20 03:04:02+00:00,2025-11-20 03:04:03+00:00,2025-11-20 03:19:03+00:00,,,CONTEXT_GEOMETRIC,boom:CONTEXT_GEOMETRIC:2025-11-20T03:00:00+00:00,1,6588.974760714285,6589.573167857143,6587.478742857143,6592.266,5.9840714285715615,6589.557,6598.325,completed,time,False,False,0.7326115759695243,0.6826115759695243,15.0
2025-11-20 04:00:00+00:00,2025-11-20 04:01:00+00:00,2025-11-20 04:15:00+00:00,2025-11-20 04:30:01+00:00,2025-11-20 04:03:35+00:00,2025-11-20 04:03:36+00:00,2025-11-20 04:18:36+00:00,,,CONTEXT_GEOMETRIC,boom:CONTEXT_GEOMETRIC:2025-11-20T04:00:00+00:00,1,6591.981389285715,6592.493682142857,6590.700657142857,6594.799,5.122928571428539,6592.489,6594.598,completed,time,False,False,0.20583929393068615,0.15583929393068613,15.0
2025-11-20 04:30:00+00:00,2025-11-20 04:31:00+00:00,2025-11-20 04:45:00+00:00,2025-11-20 05:00:01+00:00,2025-11-20 04:33:02+00:00,2025-11-20 04:33:03+00:00,2025-11-20 04:46:32+00:00,2025-11-20 04:46:31+00:00,,CONTEXT_GEOMETRIC,boom:CONTEXT_GEOMETRIC:2025-11-20T04:30:00+00:00,1,6589.785946428571,6590.239410714285,6588.652285714285,6592.28,4.534642857142899,6590.212,6581.126,completed,sl,False,False,-1.0018429550287642,-1.0518429550287642,13.483333333333333
2025-11-21 13:00:00+00:00,2025-11-21 13:01:00+00:00,2025-11-21 13:15:00+00:00,2025-11-21 13:30:01+00:00,2025-11-21 13:04:43+00:00,2025-11-21 13:04:44+00:00,2025-11-21 13:19:44+00:00,,,CONTEXT_GEOMETRIC,boom:CONTEXT_GEOMETRIC:2025-11-21T13:00:00+00:00,1,6467.5839857142855,6468.245442857143,6465.930342857143,6471.222,6.614571428571513,6468.24,6458.663,completed,time,False,False,-0.7239320115761816,-0.7739320115761816,15.0
2025-11-21 17:30:00+00:00,2025-11-21 17:31:00+00:00,2025-11-21 17:45:00+00:00,2025-11-21 18:00:01+00:00,2025-11-21 17:34:44+00:00,2025-11-21 17:34:45+00:00,2025-11-21 17:49:45+00:00,,,CONTEXT_GEOMETRIC,boom:CONTEXT_GEOMETRIC:2025-11-21T17:30:00+00:00,1,6519.330639285714,6520.027432142857,6517.588657142856,6523.163,6.967928571428534,6520.009,6527.423,completed,time,False,False,0.5320088979097969,0.4820088979097969,15.0
2025-11-21 19:30:00+00:00,2025-11-21 19:31:00+00:00,2025-11-21 19:45:00+00:00,2025-11-21 20:00:01+00:00,2025-11-21 19:33:04+00:00,2025-11-21 19:33:05+00:00,2025-11-21 19:46:38+00:00,2025-11-21 19:46:37+00:00,,CONTEXT_GEOMETRIC,boom:CONTEXT_GEOMETRIC:2025-11-21T19:30:00+00:00,1,6513.495882142857,6513.939903571429,6512.385828571429,6515.938,4.440214285714254,6513.92,6505.009,completed,sl,False,False,-1.003442562295913,-1.0534425622959132,13.55
2025-11-21 22:00:00+00:00,2025-11-21 22:01:00+00:00,2025-11-21 22:15:00+00:00,2025-11-21 22:30:01+00:00,2025-11-21 22:03:45+00:00,2025-11-21 22:03:46+00:00,2025-11-21 22:18:46+00:00,,,CONTEXT_GEOMETRIC,boom:CONTEXT_GEOMETRIC:2025-11-21T22:00:00+00:00,1,6536.731096428572,6537.295260714285,6535.320685714286,6539.834,5.641642857142805,6537.263,6534.422,completed,time,False,False,-0.25178835952043643,-0.3017883595204364,15.0
2025-11-22 00:00:00+00:00,2025-11-22 00:01:00+00:00,2025-11-22 00:15:00+00:00,2025-11-22 00:30:01+00:00,2025-11-22 00:09:46+00:00,2025-11-22 00:09:47+00:00,2025-11-22 00:24:47+00:00,,,CONTEXT_GEOMETRIC,boom:CONTEXT_GEOMETRIC:2025-11-22T00:00:00+00:00,1,6560.240567857143,6560.7726464285715,6558.910371428572,6563.167,5.320785714285713,6560.751,6567.549,completed,time,False,False,0.6388154273670434,0.5888154273670434,15.0
2025-11-22 21:30:00+00:00,2025-11-22 21:31:00+00:00,2025-11-22 21:45:00+00:00,2025-11-22 22:00:01+00:00,2025-11-22 21:33:40+00:00,2025-11-22 21:33:41+00:00,2025-11-22 21:48:41+00:00,,,CONTEXT_GEOMETRIC,boom:CONTEXT_GEOMETRIC:2025-11-22T21:30:00+00:00,1,6594.670932142857,6595.213853571428,6593.313628571428,6597.657,5.429214285714222,6595.165,6585.463,completed,time,False,False,-0.8934994540120561,-0.9434994540120561,15.0
2025-11-22 22:30:00+00:00,2025-11-22 22:31:00+00:00,2025-11-22 22:45:00+00:00,2025-11-22 23:00:01+00:00,2025-11-22 22:34:26+00:00,2025-11-22 22:34:27+00:00,2025-11-22 22:49:27+00:00,,,CONTEXT_GEOMETRIC,boom:CONTEXT_GEOMETRIC:2025-11-22T22:30:00+00:00,1,6606.269771428571,6606.893085714286,6604.711485714286,6609.698,6.233142857142931,6606.873,6597.673,completed,time,False,False,-0.7379904657132147,-0.7879904657132147,15.0
2025-11-22 23:30:00+00:00,2025-11-22 23:31:00+00:00,2025-11-22 23:45:00+00:00,2025-11-23 00:00:01+00:00,2025-11-22 23:33:47+00:00,2025-11-22 23:33:48+00:00,2025-11-22 23:48:48+00:00,,,CONTEXT_GEOMETRIC,boom:CONTEXT_GEOMETRIC:2025-11-22T23:30:00+00:00,1,6600.861646428571,6601.419710714285,6599.466485714285,6603.931,5.580642857142981,6601.399,6591.317,completed,time,False,False,-0.9033009509913192,-0.9533009509913193,15.0
2025-11-23 01:30:00+00:00,2025-11-23 01:31:00+00:00,2025-11-23 01:45:00+00:00,2025-11-23 02:00:01+00:00,2025-11-23 01:33:06+00:00,2025-11-23 01:33:07+00:00,2025-11-23 01:47:57+00:00,2025-11-23 01:47:56+00:00,,CONTEXT_GEOMETRIC,boom:CONTEXT_GEOMETRIC:2025-11-23T01:30:00+00:00,1,6597.759021428571,6598.224835714285,6596.594485714285,6600.321,4.658142857142723,6598.206,6588.849,completed,sl,False,False,-1.0043702272518429,-1.054370227251843,14.833333333333334
2025-11-23 05:00:00+00:00,2025-11-23 05:01:00+00:00,2025-11-23 05:15:00+00:00,2025-11-23 05:30:01+00:00,2025-11-23 05:04:09+00:00,2025-11-23 05:04:10+00:00,2025-11-23 05:19:10+00:00,,,CONTEXT_GEOMETRIC,boom:CONTEXT_GEOMETRIC:2025-11-23T05:00:00+00:00,1,6615.204364285714,6615.817207142857,6613.672257142857,6618.575,6.128428571428685,6615.809,6605.909,completed,time,False,False,-0.8077111354577325,-0.8577111354577326,15.0
2025-11-23 16:00:00+00:00,2025-11-23 16:01:00+00:00,2025-11-23 16:15:00+00:00,2025-11-23 16:30:01+00:00,2025-11-23 16:03:44+00:00,2025-11-23 16:03:45+00:00,2025-11-23 16:18:45+00:00,,,CONTEXT_GEOMETRIC,boom:CONTEXT_GEOMETRIC:2025-11-23T16:00:00+00:00,1,6701.33555,6701.88945,6699.9508,6704.382,5.539000000000085,6701.877,6709.003,completed,time,False,False,0.6432569055785508,0.5932569055785507,15.0
2025-11-24 16:00:00+00:00,2025-11-24 16:01:00+00:00,2025-11-24 16:15:00+00:00,2025-11-24 16:30:01+00:00,2025-11-24 16:03:18+00:00,2025-11-24 16:03:19+00:00,2025-11-24 16:18:19+00:00,,,CONTEXT_GEOMETRIC,boom:CONTEXT_GEOMETRIC:2025-11-24T16:00:00+00:00,1,6610.767725000001,6611.273775000001,6609.502600000001,6613.551,5.060500000000047,6611.267,6612.016,completed,time,False,False,0.07400454500541342,0.024004545005413422,15.0
2025-11-24 18:00:00+00:00,2025-11-24 18:01:00+00:00,2025-11-24 18:15:00+00:00,2025-11-24 18:30:01+00:00,2025-11-24 18:04:11+00:00,2025-11-24 18:04:12+00:00,2025-11-24 18:19:12+00:00,,,CONTEXT_GEOMETRIC,boom:CONTEXT_GEOMETRIC:2025-11-24T18:00:00+00:00,1,6617.768582142857,6618.393203571428,6616.207028571428,6621.204,6.246214285714424,6618.384,6608.592,completed,time,False,False,-0.783834779923852,-0.833834779923852,15.0
2025-11-24 20:00:00+00:00,2025-11-24 20:01:00+00:00,2025-11-24 20:15:00+00:00,2025-11-24 20:30:01+00:00,2025-11-24 20:04:38+00:00,2025-11-24 20:04:39+00:00,2025-11-24 20:19:39+00:00,,,CONTEXT_GEOMETRIC,boom:CONTEXT_GEOMETRIC:2025-11-24T20:00:00+00:00,1,6627.285160714286,6627.938767857143,6625.651142857143,6630.88,6.536071428571437,6627.907,6623.581,completed,time,False,False,-0.3309327359160714,-0.3809327359160714,15.0
2025-11-25 07:00:00+00:00,2025-11-25 07:01:00+00:00,2025-11-25 07:15:00+00:00,2025-11-25 07:30:01+00:00,2025-11-25 07:03:27+00:00,2025-11-25 07:03:28+00:00,2025-11-25 07:18:28+00:00,,,CONTEXT_GEOMETRIC,boom:CONTEXT_GEOMETRIC:2025-11-25T07:00:00+00:00,1,6600.814064285714,6601.327507142857,6599.530457142857,6603.638,5.134428571428608,6601.304,6591.585,completed,time,False,False,-0.9464539105756639,-0.9964539105756639,15.0
2025-11-26 06:00:00+00:00,2025-11-26 06:01:00+00:00,2025-11-26 06:15:00+00:00,2025-11-26 06:30:01+00:00,2025-11-26 06:09:23+00:00,2025-11-26 06:09:24+00:00,2025-11-26 06:24:24+00:00,,,CONTEXT_GEOMETRIC,boom:CONTEXT_GEOMETRIC:2025-11-26T06:00:00+00:00,1,6707.587610714286,6708.245317857143,6705.943342857143,6711.205,6.577071428571409,6708.231,6714.78,completed,time,False,False,0.49786596292314195,0.44786596292314196,15.0
2025-11-26 22:30:00+00:00,2025-11-26 22:31:00+00:00,2025-11-26 22:45:00+00:00,2025-11-26 23:00:01+00:00,2025-11-26 22:34:14+00:00,2025-11-26 22:34:15+00:00,2025-11-26 22:49:15+00:00,,,CONTEXT_GEOMETRIC,boom:CONTEXT_GEOMETRIC:2025-11-26T22:30:00+00:00,1,6758.009810714286,6758.637117857143,6756.441542857143,6761.46,6.273071428571386,6758.624,6754.521,completed,time,False,False,-0.32703278184530993,-0.3770327818453099,15.0
2025-11-27 05:30:00+00:00,2025-11-27 05:31:00+00:00,2025-11-27 05:45:00+00:00,2025-11-27 06:00:01+00:00,2025-11-27 05:34:59+00:00,2025-11-27 05:35:00+00:00,2025-11-27 05:50:00+00:00,,,CONTEXT_GEOMETRIC,boom:CONTEXT_GEOMETRIC:2025-11-27T05:30:00+00:00,1,6849.294021428571,6850.099835714285,6847.279485714285,6853.726,8.05814285714288,6850.074,6844.915,completed,time,False,False,-0.3201109791337729,-0.3701109791337729,15.0
2025-11-28 09:00:00+00:00,2025-11-28 09:01:00+00:00,2025-11-28 09:15:00+00:00,2025-11-28 09:30:01+00:00,2025-11-28 09:03:51+00:00,2025-11-28 09:03:52+00:00,2025-11-28 09:18:52+00:00,,,CONTEXT_GEOMETRIC,boom:CONTEXT_GEOMETRIC:2025-11-28T09:00:00+00:00,1,6759.297242857143,6759.898471428572,6757.794171428572,6762.604,6.012285714285554,6759.854,6749.955,completed,time,False,False,-0.8232310031840071,-0.8732310031840071,15.0
2025-11-28 09:30:00+00:00,2025-11-28 09:31:00+00:00,2025-11-28 09:45:00+00:00,2025-11-28 10:00:01+00:00,2025-11-28 09:32:35+00:00,2025-11-28 09:32:36+00:00,2025-11-28 09:45:56+00:00,2025-11-28 09:45:55+00:00,,CONTEXT_GEOMETRIC,boom:CONTEXT_GEOMETRIC:2025-11-28T09:30:00+00:00,1,6744.9658,6745.416200000001,6743.8398,6747.443,4.50399999999997,6745.383,6736.353,completed,sl,False,False,-1.0024422735346141,-1.0524422735346142,13.333333333333334
2025-11-28 18:00:00+00:00,2025-11-28 18:01:00+00:00,2025-11-28 18:15:00+00:00,2025-11-28 18:30:01+00:00,2025-11-28 18:04:35+00:00,2025-11-28 18:04:36+00:00,2025-11-28 18:19:36+00:00,,,CONTEXT_GEOMETRIC,boom:CONTEXT_GEOMETRIC:2025-11-28T18:00:00+00:00,1,6777.202167857143,6777.911046428571,6775.429971428572,6781.101,7.0887857142856125,6777.869,6767.713,completed,time,False,False,-0.7163427143476181,-0.7663427143476181,15.0
2025-11-29 18:00:00+00:00,2025-11-29 18:01:00+00:00,2025-11-29 18:15:00+00:00,2025-11-29 18:30:01+00:00,2025-11-29 18:03:18+00:00,2025-11-29 18:03:19+00:00,2025-11-29 18:18:19+00:00,,,CONTEXT_GEOMETRIC,boom:CONTEXT_GEOMETRIC:2025-11-29T18:00:00+00:00,1,6854.1594428571425,6854.724271428571,6852.747371428571,6857.266,5.6482857142857155,6854.709,6844.843,completed,time,False,False,-0.8733623349688893,-0.9233623349688893,15.0
2025-11-30 09:00:00+00:00,2025-11-30 09:01:00+00:00,2025-11-30 09:15:00+00:00,2025-11-30 09:30:01+00:00,2025-11-30 09:04:09+00:00,2025-11-30 09:04:10+00:00,2025-11-30 09:19:10+00:00,,,CONTEXT_GEOMETRIC,boom:CONTEXT_GEOMETRIC:2025-11-30T09:00:00+00:00,1,6767.375296428571,6767.945060714285,6765.9508857142855,6770.509,5.69764285714291,6767.921,6768.368,completed,time,False,False,0.039226747903278125,-0.010773252096721878,15.0
2025-11-30 10:00:00+00:00,2025-11-30 10:01:00+00:00,2025-11-30 10:15:00+00:00,2025-11-30 10:30:01+00:00,2025-11-30 10:04:00+00:00,2025-11-30 10:04:01+00:00,2025-11-30 10:19:01+00:00,,,CONTEXT_GEOMETRIC,boom:CONTEXT_GEOMETRIC:2025-11-30T10:00:00+00:00,1,6783.243107142857,6783.876178571429,6781.660428571428,6786.725,6.330714285714358,6783.86,6780.253,completed,time,False,False,-0.2848809658129246,-0.3348809658129246,15.0
2025-11-30 13:30:00+00:00,2025-11-30 13:31:00+00:00,2025-11-30 13:45:00+00:00,2025-11-30 14:00:01+00:00,2025-11-30 13:33:34+00:00,2025-11-30 13:33:35+00:00,2025-11-30 13:48:35+00:00,,,CONTEXT_GEOMETRIC,boom:CONTEXT_GEOMETRIC:2025-11-30T13:30:00+00:00,1,6773.919360714285,6774.452567857143,6772.586342857142,6776.852,5.332071428571453,6774.417,6764.553,completed,time,False,False,-0.9249688542378746,-0.9749688542378746,15.0
2025-11-30 14:00:00+00:00,2025-11-30 14:01:00+00:00,2025-11-30 14:15:00+00:00,2025-11-30 14:30:01+00:00,2025-11-30 14:03:45+00:00,2025-11-30 14:03:46+00:00,2025-11-30 14:18:46+00:00,,,CONTEXT_GEOMETRIC,boom:CONTEXT_GEOMETRIC:2025-11-30T14:00:00+00:00,1,6780.378053571429,6780.942589285714,6778.966714285714,6783.483,5.645357142857067,6780.919,6770.916,completed,time,False,False,-0.8859492629847391,-0.9359492629847391,15.0
2025-11-30 14:30:00+00:00,2025-11-30 14:31:00+00:00,2025-11-30 14:45:00+00:00,2025-11-30 15:00:01+00:00,2025-11-30 14:34:04+00:00,2025-11-30 14:34:05+00:00,2025-11-30 14:49:05+00:00,,,CONTEXT_GEOMETRIC,boom:CONTEXT_GEOMETRIC:2025-11-30T14:30:00+00:00,1,6765.607614285715,6766.186957142857,6764.159257142857,6768.794,5.793428571428519,6766.158,6777.196,completed,time,False,False,0.9526310598214429,0.9026310598214429,15.0
2025-11-30 15:00:00+00:00,2025-11-30 15:01:00+00:00,2025-11-30 15:15:00+00:00,2025-11-30 15:30:01+00:00,2025-11-30 15:05:07+00:00,2025-11-30 15:05:08+00:00,2025-11-30 15:20:08+00:00,,,CONTEXT_GEOMETRIC,boom:CONTEXT_GEOMETRIC:2025-11-30T15:00:00+00:00,1,6792.1297,6792.8703000000005,6790.278200000001,6796.203,7.406000000000014,6792.855,6783.864,completed,time,False,False,-0.6070078314879805,-0.6570078314879806,15.0
2025-12-01 10:30:00+00:00,2025-12-01 10:31:00+00:00,2025-12-01 10:45:00+00:00,2025-12-01 11:00:01+00:00,2025-12-01 10:33:31+00:00,2025-12-01 10:33:32+00:00,2025-12-01 10:48:32+00:00,,,CONTEXT_GEOMETRIC,boom:CONTEXT_GEOMETRIC:2025-12-01T10:30:00+00:00,1,6692.760253571429,6693.274389285714,6691.4749142857145,6695.588,5.141357142857097,6693.25,6695.462,completed,time,False,False,0.2151182983926318,0.1651182983926318,15.0
2025-12-02 21:30:00+00:00,2025-12-02 21:31:00+00:00,2025-12-02 21:45:00+00:00,2025-12-02 22:00:01+00:00,2025-12-02 21:33:09+00:00,2025-12-02 21:33:10+00:00,2025-12-02 21:48:10+00:00,,,CONTEXT_GEOMETRIC,boom:CONTEXT_GEOMETRIC:2025-12-02T21:30:00+00:00,1,6573.3589249999995,6573.832575,6572.1748,6575.964,4.736499999999978,6573.823,6580.073,completed,time,False,False,0.6597698722685558,0.6097698722685557,15.0
2025-12-03 06:00:00+00:00,2025-12-03 06:01:00+00:00,2025-12-03 06:15:00+00:00,2025-12-03 06:30:01+00:00,2025-12-03 06:04:56+00:00,2025-12-03 06:04:57+00:00,2025-12-03 06:19:57+00:00,,,CONTEXT_GEOMETRIC,boom:CONTEXT_GEOMETRIC:2025-12-03T06:00:00+00:00,1,6597.475882142857,6598.213903571428,6595.6308285714285,6601.535,7.3802142857143735,6598.18,6588.524,completed,time,False,False,-0.6541815471869655,-0.7041815471869656,15.0
2025-12-03 07:00:00+00:00,2025-12-03 07:01:00+00:00,2025-12-03 07:15:00+00:00,2025-12-03 07:30:01+00:00,2025-12-03 07:04:16+00:00,2025-12-03 07:04:17+00:00,2025-12-03 07:19:17+00:00,,,CONTEXT_GEOMETRIC,boom:CONTEXT_GEOMETRIC:2025-12-03T07:00:00+00:00,1,6609.893364285715,6610.516207142858,6608.336257142858,6613.319,6.228428571428465,6610.482,6603.081,completed,time,False,False,-0.5941305993256699,-0.64413059932567,15.0
2025-12-03 11:00:00+00:00,2025-12-03 11:01:00+00:00,2025-12-03 11:15:00+00:00,2025-12-03 11:30:01+00:00,2025-12-03 11:14:41+00:00,2025-12-03 11:14:42+00:00,2025-12-03 11:29:42+00:00,,,CONTEXT_GEOMETRIC,boom:CONTEXT_GEOMETRIC:2025-12-03T11:00:00+00:00,1,6551.278746428571,6551.8406107142855,6549.874085714286,6554.369,5.618642857142926,6551.794,6547.032,completed,time,False,False,-0.4237678137831658,-0.4737678137831658,15.0
2025-12-04 04:00:00+00:00,2025-12-04 04:01:00+00:00,2025-12-04 04:15:00+00:00,2025-12-04 04:30:01+00:00,2025-12-04 04:03:48+00:00,2025-12-04 04:03:49+00:00,2025-12-04 04:18:49+00:00,,,CONTEXT_GEOMETRIC,boom:CONTEXT_GEOMETRIC:2025-12-04T04:00:00+00:00,1,6502.463860714286,6503.054067857142,6500.988342857143,6505.71,5.902071428571552,6503.047,6495.949,completed,time,False,False,-0.6013143085357279,-0.6513143085357279,15.0
2025-12-04 08:00:00+00:00,2025-12-04 08:01:00+00:00,2025-12-04 08:15:00+00:00,2025-12-04 08:30:01+00:00,2025-12-04 08:04:05+00:00,2025-12-04 08:04:06+00:00,2025-12-04 08:19:06+00:00,,,CONTEXT_GEOMETRIC,boom:CONTEXT_GEOMETRIC:2025-12-04T08:00:00+00:00,1,6538.28085,6538.88015,6536.7826000000005,6541.577,5.992999999999873,6538.868,6538.544,completed,time,False,False,-0.02703153679296936,-0.07703153679296937,15.0
2025-12-04 23:00:00+00:00,2025-12-04 23:01:00+00:00,2025-12-04 23:15:00+00:00,2025-12-04 23:30:01+00:00,2025-12-04 23:04:20+00:00,2025-12-04 23:04:21+00:00,2025-12-04 23:19:21+00:00,,,CONTEXT_GEOMETRIC,boom:CONTEXT_GEOMETRIC:2025-12-04T23:00:00+00:00,1,6501.591560714285,6502.196367857143,6500.079542857142,6504.918,6.048071428571477,6502.182,6516.714,completed,time,False,False,1.2013747003176958,1.1513747003176957,15.0
2025-12-04 23:30:00+00:00,2025-12-04 23:31:00+00:00,2025-12-04 23:45:00+00:00,2025-12-05 00:00:01+00:00,2025-12-04 23:37:17+00:00,2025-12-04 23:37:18+00:00,2025-12-04 23:52:18+00:00,,,CONTEXT_GEOMETRIC,boom:CONTEXT_GEOMETRIC:2025-12-04T23:30:00+00:00,1,6514.866307142857,6515.462978571429,6513.374628571429,6518.148,5.96671428571439,6515.442,6505.506,completed,time,False,False,-0.8326190533195662,-0.8826190533195662,15.0
2025-12-05 09:00:00+00:00,2025-12-05 09:01:00+00:00,2025-12-05 09:15:00+00:00,2025-12-05 09:30:01+00:00,2025-12-05 09:06:57+00:00,2025-12-05 09:06:58+00:00,2025-12-05 09:21:58+00:00,,,CONTEXT_GEOMETRIC,boom:CONTEXT_GEOMETRIC:2025-12-05T09:00:00+00:00,1,6511.431507142857,6512.153778571429,6509.625828571428,6515.404,7.222714285714313,6512.146,6504.733,completed,time,False,False,-0.513172728890966,-0.563172728890966,15.0
2025-12-05 09:30:00+00:00,2025-12-05 09:31:00+00:00,2025-12-05 09:45:00+00:00,2025-12-05 10:00:01+00:00,2025-12-05 09:34:25+00:00,2025-12-05 09:34:26+00:00,2025-12-05 09:49:26+00:00,,,CONTEXT_GEOMETRIC,boom:CONTEXT_GEOMETRIC:2025-12-05T09:30:00+00:00,1,6513.978207142857,6514.643078571428,6512.316028571428,6517.635,6.64871428571444,6514.613,6523.173,completed,time,False,False,0.6437334823058706,0.5937334823058705,15.0
2025-12-05 10:30:00+00:00,2025-12-05 10:31:00+00:00,2025-12-05 10:45:00+00:00,2025-12-05 11:00:01+00:00,2025-12-05 10:34:10+00:00,2025-12-05 10:34:11+00:00,2025-12-05 10:49:11+00:00,,,CONTEXT_GEOMETRIC,boom:CONTEXT_GEOMETRIC:2025-12-05T10:30:00+00:00,1,6521.353700000001,6521.942300000001,6519.882200000001,6524.591,5.886000000000097,6521.891,6512.013,completed,time,False,False,-0.8391097519537495,-0.8891097519537495,15.0
2025-12-05 21:00:00+00:00,2025-12-05 21:01:00+00:00,2025-12-05 21:15:00+00:00,2025-12-05 21:30:01+00:00,2025-12-05 21:05:19+00:00,2025-12-05 21:05:20+00:00,2025-12-05 21:20:20+00:00,,,CONTEXT_GEOMETRIC,boom:CONTEXT_GEOMETRIC:2025-12-05T21:00:00+00:00,1,6580.726342857142,6581.463371428571,6578.883771428571,6584.78,7.370285714285793,6581.454,6574.045,completed,time,False,False,-0.5026263761823248,-0.5526263761823248,15.0
2025-12-06 09:00:00+00:00,2025-12-06 09:01:00+00:00,2025-12-06 09:15:00+00:00,2025-12-06 09:30:01+00:00,2025-12-06 09:04:24+00:00,2025-12-06 09:04:25+00:00,2025-12-06 09:19:25+00:00,,,CONTEXT_GEOMETRIC,boom:CONTEXT_GEOMETRIC:2025-12-06T09:00:00+00:00,1,6549.199246428571,6549.890110714286,6547.472085714286,6552.999,6.9086428571428895,6549.889,6555.829,completed,time,False,False,0.4298962996660188,0.3798962996660188,15.0
2025-12-08 03:00:00+00:00,2025-12-08 03:01:00+00:00,2025-12-08 03:15:00+00:00,2025-12-08 03:30:01+00:00,2025-12-08 03:04:54+00:00,2025-12-08 03:04:55+00:00,2025-12-08 03:19:55+00:00,,,CONTEXT_GEOMETRIC,boom:CONTEXT_GEOMETRIC:2025-12-08T03:00:00+00:00,1,6533.1177,6533.7943,6531.4262,6536.839,6.765999999999947,6533.794,6529.309,completed,time,False,False,-0.3314365947383763,-0.38143659473837627,15.0
2025-12-08 16:00:00+00:00,2025-12-08 16:01:00+00:00,2025-12-08 16:15:00+00:00,2025-12-08 16:30:01+00:00,2025-12-08 16:11:27+00:00,2025-12-08 16:11:28+00:00,2025-12-08 16:26:28+00:00,,,CONTEXT_GEOMETRIC,boom:CONTEXT_GEOMETRIC:2025-12-08T16:00:00+00:00,1,6578.114192857143,6578.834521428572,6576.313371428572,6582.076,7.203285714285682,6578.816,6572.167,completed,time,False,False,-0.4615254943180318,-0.5115254943180318,15.0
2025-12-08 17:00:00+00:00,2025-12-08 17:01:00+00:00,2025-12-08 17:15:00+00:00,2025-12-08 17:30:01+00:00,2025-12-08 17:05:16+00:00,2025-12-08 17:05:17+00:00,2025-12-08 17:20:17+00:00,,,CONTEXT_GEOMETRIC,boom:CONTEXT_GEOMETRIC:2025-12-08T17:00:00+00:00,1,6603.9811500000005,6604.72185,6602.129400000001,6608.055,7.406999999999893,6604.688,6594.427,completed,time,False,False,-0.6926555960578217,-0.7426555960578217,15.0
2025-12-08 19:00:00+00:00,2025-12-08 19:01:00+00:00,2025-12-08 19:15:00+00:00,2025-12-08 19:30:01+00:00,2025-12-08 19:03:15+00:00,2025-12-08 19:03:16+00:00,2025-12-08 19:18:16+00:00,,,CONTEXT_GEOMETRIC,boom:CONTEXT_GEOMETRIC:2025-12-08T19:00:00+00:00,1,6583.859399999999,6584.3426,6582.6514,6586.517,4.83200000000001,6584.319,6582.423,completed,time,False,False,-0.19619205298019832,-0.2461920529801983,15.0
2025-12-11 15:00:00+00:00,2025-12-11 15:01:00+00:00,2025-12-11 15:15:00+00:00,2025-12-11 15:30:01+00:00,2025-12-11 15:04:12+00:00,2025-12-11 15:04:13+00:00,2025-12-11 15:19:13+00:00,,,CONTEXT_GEOMETRIC,boom:CONTEXT_GEOMETRIC:2025-12-11T15:00:00+00:00,1,6341.471750000001,6342.09325,6339.918000000001,6344.89,6.214999999999951,6342.07,6356.799,completed,time,False,False,1.1849557522124203,1.1349557522124203,15.0
2025-12-12 06:00:00+00:00,2025-12-12 06:01:00+00:00,2025-12-12 06:15:00+00:00,2025-12-12 06:30:01+00:00,2025-12-12 06:05:00+00:00,2025-12-12 06:05:01+00:00,2025-12-12 06:20:01+00:00,,,CONTEXT_GEOMETRIC,boom:CONTEXT_GEOMETRIC:2025-12-12T06:00:00+00:00,1,6312.372046428572,6313.089310714286,6310.578885714286,6316.317,7.1726428571428835,6313.076,6306.722,completed,time,False,False,-0.4429329695171308,-0.4929329695171308,15.0
2025-12-12 20:00:00+00:00,2025-12-12 20:01:00+00:00,2025-12-12 20:15:00+00:00,2025-12-12 20:30:01+00:00,2025-12-12 20:09:01+00:00,2025-12-12 20:09:02+00:00,2025-12-12 20:24:02+00:00,,,CONTEXT_GEOMETRIC,boom:CONTEXT_GEOMETRIC:2025-12-12T20:00:00+00:00,1,6332.537925,6333.213575,6330.8488,6336.254,6.7565000000001545,6333.203,6331.365,completed,time,False,False,-0.1360171686524536,-0.1860171686524536,15.0
2025-12-12 20:30:00+00:00,2025-12-12 20:31:00+00:00,2025-12-12 20:45:00+00:00,2025-12-12 21:00:01+00:00,2025-12-12 20:36:16+00:00,2025-12-12 20:36:17+00:00,2025-12-12 20:51:17+00:00,,,CONTEXT_GEOMETRIC,boom:CONTEXT_GEOMETRIC:2025-12-12T20:30:00+00:00,1,6332.67655,6333.23045,6331.2918,6335.723,5.539000000000085,6333.201,6351.082,completed,time,False,False,1.6141000180538039,1.5641000180538038,15.0
2025-12-12 21:00:00+00:00,2025-12-12 21:01:00+00:00,2025-12-12 21:15:00+00:00,2025-12-12 21:30:01+00:00,2025-12-12 21:05:00+00:00,2025-12-12 21:05:01+00:00,2025-12-12 21:20:01+00:00,,,CONTEXT_GEOMETRIC,boom:CONTEXT_GEOMETRIC:2025-12-12T21:00:00+00:00,1,6361.737235714286,6362.415192857144,6360.042342857143,6365.466,6.779571428571411,6362.405,6361.328,completed,time,False,False,-0.07942979960801601,-0.129429799608016,15.0
2025-12-13 02:00:00+00:00,2025-12-13 02:01:00+00:00,2025-12-13 02:15:00+00:00,2025-12-13 02:30:01+00:00,2025-12-13 02:04:09+00:00,2025-12-13 02:04:10+00:00,2025-12-13 02:19:10+00:00,,,CONTEXT_GEOMETRIC,boom:CONTEXT_GEOMETRIC:2025-12-13T02:00:00+00:00,1,6374.070517857143,6374.623696428572,6372.687571428572,6377.113,5.531785714285694,6374.587,6368.399,completed,time,False,False,-0.5593130608819274,-0.6093130608819275,15.0
2025-12-14 01:00:00+00:00,2025-12-14 01:01:00+00:00,2025-12-14 01:15:00+00:00,2025-12-14 01:30:01+00:00,2025-12-14 01:04:23+00:00,2025-12-14 01:04:24+00:00,2025-12-14 01:19:24+00:00,,,CONTEXT_GEOMETRIC,boom:CONTEXT_GEOMETRIC:2025-12-14T01:00:00+00:00,1,6373.553185714286,6374.118242857143,6372.140542857143,6376.661,5.650571428571571,6374.105,6375.182,completed,time,False,False,0.09530009607121136,0.045300096071211354,15.0
2025-12-14 04:30:00+00:00,2025-12-14 04:31:00+00:00,2025-12-14 04:45:00+00:00,2025-12-14 05:00:01+00:00,2025-12-14 04:33:14+00:00,2025-12-14 04:33:15+00:00,2025-12-14 04:48:15+00:00,,,CONTEXT_GEOMETRIC,boom:CONTEXT_GEOMETRIC:2025-12-14T04:30:00+00:00,1,6377.7495285714285,6378.185614285714,6376.659314285715,6380.148,4.36085714285712,6378.145,6415.692,completed,time,False,False,4.305002293127144,4.255002293127144,15.0
2025-12-14 08:30:00+00:00,2025-12-14 08:31:00+00:00,2025-12-14 08:45:00+00:00,2025-12-14 09:00:01+00:00,2025-12-14 08:35:35+00:00,2025-12-14 08:35:36+00:00,2025-12-14 08:50:36+00:00,,,CONTEXT_GEOMETRIC,boom:CONTEXT_GEOMETRIC:2025-12-14T08:30:00+00:00,1,6424.05095,6424.82805,6422.1082,6428.325,7.770999999999991,6424.798,6422.731,completed,time,False,False,-0.13299446660661496,-0.18299446660661495,15.0
2025-12-14 09:00:00+00:00,2025-12-14 09:01:00+00:00,2025-12-14 09:15:00+00:00,2025-12-14 09:30:01+00:00,2025-12-14 09:05:22+00:00,2025-12-14 09:05:23+00:00,2025-12-14 09:20:23+00:00,,,CONTEXT_GEOMETRIC,boom:CONTEXT_GEOMETRIC:2025-12-14T09:00:00+00:00,1,6432.587214285714,6433.333357142857,6430.7218571428575,6436.691,7.461428571428509,6433.314,6433.446,completed,time,False,False,0.008845491097044394,-0.041154508902955605,15.0
2025-12-14 14:00:00+00:00,2025-12-14 14:01:00+00:00,2025-12-14 14:15:00+00:00,2025-12-14 14:30:01+00:00,2025-12-14 14:05:21+00:00,2025-12-14 14:05:22+00:00,2025-12-14 14:20:22+00:00,,,CONTEXT_GEOMETRIC,boom:CONTEXT_GEOMETRIC:2025-12-14T14:00:00+00:00,1,6428.477996428571,6429.246360714285,6426.557085714285,6432.704,7.6836428571429805,6429.219,6429.796,completed,time,False,False,0.03754729434514427,-0.012452705654855734,15.0
2025-12-15 10:00:00+00:00,2025-12-15 10:01:00+00:00,2025-12-15 10:15:00+00:00,2025-12-15 10:30:01+00:00,2025-12-15 10:04:45+00:00,2025-12-15 10:04:46+00:00,2025-12-15 10:19:46+00:00,,,CONTEXT_GEOMETRIC,boom:CONTEXT_GEOMETRIC:2025-12-15T10:00:00+00:00,1,6413.531117857143,6414.211096428571,6411.831171428571,6417.271,6.7997857142859175,6414.189,6410.402,completed,time,False,False,-0.27846465749972205,-0.32846465749972203,15.0
2025-12-15 15:00:00+00:00,2025-12-15 15:01:00+00:00,2025-12-15 15:15:00+00:00,2025-12-15 15:30:01+00:00,2025-12-15 15:08:04+00:00,2025-12-15 15:08:05+00:00,2025-12-15 15:23:05+00:00,,,CONTEXT_GEOMETRIC,boom:CONTEXT_GEOMETRIC:2025-12-15T15:00:00+00:00,1,6473.928478571429,6474.699664285715,6472.000514285714,6478.17,7.711857142857168,6474.669,6476.031,completed,time,False,False,0.08830557768186771,0.03830557768186771,15.0
2025-12-15 15:30:00+00:00,2025-12-15 15:31:00+00:00,2025-12-15 15:45:00+00:00,2025-12-15 16:00:01+00:00,2025-12-15 15:34:05+00:00,2025-12-15 15:34:06+00:00,2025-12-15 15:49:06+00:00,,,CONTEXT_GEOMETRIC,boom:CONTEXT_GEOMETRIC:2025-12-15T15:30:00+00:00,1,6473.377732142857,6473.921053571428,6472.019428571429,6476.366,5.433214285714257,6473.915,6469.731,completed,time,False,False,-0.3850391112864199,-0.43503911128641987,15.0
2025-12-15 17:00:00+00:00,2025-12-15 17:01:00+00:00,2025-12-15 17:15:00+00:00,2025-12-15 17:30:01+00:00,2025-12-15 17:06:01+00:00,2025-12-15 17:06:02+00:00,2025-12-15 17:21:02+00:00,,,CONTEXT_GEOMETRIC,boom:CONTEXT_GEOMETRIC:2025-12-15T17:00:00+00:00,1,6485.345675,6486.010825,6483.6828,6489.004,6.651500000000007,6485.985,6494.971,completed,time,False,False,0.675486732316009,0.6254867323160089,15.0
2025-12-15 18:30:00+00:00,2025-12-15 18:31:00+00:00,2025-12-15 18:45:00+00:00,2025-12-15 19:00:01+00:00,2025-12-15 18:34:33+00:00,2025-12-15 18:34:34+00:00,2025-12-15 18:49:34+00:00,,,CONTEXT_GEOMETRIC,boom:CONTEXT_GEOMETRIC:2025-12-15T18:30:00+00:00,1,6517.172492857143,6517.792221428572,6515.623171428571,6520.581,6.197285714285759,6517.768,6516.388,completed,time,False,False,-0.111339065489508,-0.161339065489508,15.0
2025-12-16 00:00:00+00:00,2025-12-16 00:01:00+00:00,2025-12-16 00:15:00+00:00,2025-12-16 00:30:01+00:00,2025-12-16 00:05:06+00:00,2025-12-16 00:05:07+00:00,2025-12-16 00:20:07+00:00,,,CONTEXT_GEOMETRIC,boom:CONTEXT_GEOMETRIC:2025-12-16T00:00:00+00:00,1,6555.492214285714,6556.232357142857,6553.641857142857,6559.563,7.401428571428498,6556.203,6550.597,completed,time,False,False,-0.3787106736151817,-0.42871067361518167,15.0
2025-12-16 13:30:00+00:00,2025-12-16 13:31:00+00:00,2025-12-16 13:45:00+00:00,2025-12-16 14:00:01+00:00,2025-12-16 13:35:20+00:00,2025-12-16 13:35:21+00:00,2025-12-16 13:50:21+00:00,,,CONTEXT_GEOMETRIC,boom:CONTEXT_GEOMETRIC:2025-12-16T13:30:00+00:00,1,6612.855057142858,6613.655228571429,6610.854628571429,6617.256,8.001714285714375,6613.634,6610.881,completed,time,False,False,-0.17202563736340157,-0.22202563736340158,15.0
2025-12-17 00:00:00+00:00,2025-12-17 00:01:00+00:00,2025-12-17 00:15:00+00:00,2025-12-17 00:30:01+00:00,2025-12-17 00:05:07+00:00,2025-12-17 00:05:08+00:00,2025-12-17 00:20:08+00:00,,,CONTEXT_GEOMETRIC,boom:CONTEXT_GEOMETRIC:2025-12-17T00:00:00+00:00,1,6570.300996428571,6571.055360714286,6568.415085714286,6574.45,7.543642857142784,6571.028,6572.231,completed,time,False,False,0.07973601234716764,0.029736012347167634,15.0
2025-12-17 04:00:00+00:00,2025-12-17 04:01:00+00:00,2025-12-17 04:15:00+00:00,2025-12-17 04:30:01+00:00,2025-12-17 04:04:34+00:00,2025-12-17 04:04:35+00:00,2025-12-17 04:19:35+00:00,,,CONTEXT_GEOMETRIC,boom:CONTEXT_GEOMETRIC:2025-12-17T04:00:00+00:00,1,6622.436435714285,6623.109992857142,6620.7525428571425,6626.141,6.7355714285713475,6623.088,6613.024,completed,time,False,False,-0.7470784109948951,-0.7970784109948952,15.0
2025-12-17 04:30:00+00:00,2025-12-17 04:31:00+00:00,2025-12-17 04:45:00+00:00,2025-12-17 05:00:01+00:00,2025-12-17 04:34:03+00:00,2025-12-17 04:34:04+00:00,2025-12-17 04:49:04+00:00,,,CONTEXT_GEOMETRIC,boom:CONTEXT_GEOMETRIC:2025-12-17T04:30:00+00:00,1,6623.604339285714,6624.241732142857,6622.010857142856,6627.11,6.3739285714284835,6624.206,6622.497,completed,time,False,False,-0.13406174707232582,-0.1840617470723258,15.0
2025-12-18 08:00:00+00:00,2025-12-18 08:01:00+00:00,2025-12-18 08:15:00+00:00,2025-12-18 08:30:01+00:00,2025-12-18 08:04:32+00:00,2025-12-18 08:04:33+00:00,2025-12-18 08:19:33+00:00,,,CONTEXT_GEOMETRIC,boom:CONTEXT_GEOMETRIC:2025-12-18T08:00:00+00:00,1,6627.319567857143,6627.957646428571,6625.724371428571,6630.829,6.380785714285529,6627.921,6635.225,completed,time,False,False,0.5723433074744725,0.5223433074744724,15.0
2025-12-18 10:30:00+00:00,2025-12-18 10:31:00+00:00,2025-12-18 10:45:00+00:00,2025-12-18 11:00:01+00:00,2025-12-18 10:32:49+00:00,2025-12-18 10:32:50+00:00,2025-12-18 10:45:26+00:00,2025-12-18 10:45:25+00:00,,CONTEXT_GEOMETRIC,boom:CONTEXT_GEOMETRIC:2025-12-18T10:30:00+00:00,1,6623.748592857143,6624.172121428572,6622.6897714285715,6626.078,4.2352857142857046,6624.136,6615.649,completed,sl,False,False,-1.0019394879751864,-1.0519394879751864,12.6
2025-12-19 23:00:00+00:00,2025-12-19 23:01:00+00:00,2025-12-19 23:15:00+00:00,2025-12-19 23:30:01+00:00,2025-12-19 23:04:20+00:00,2025-12-19 23:04:21+00:00,2025-12-19 23:19:21+00:00,,,CONTEXT_GEOMETRIC,boom:CONTEXT_GEOMETRIC:2025-12-19T23:00:00+00:00,1,6543.689764285714,6544.285807142857,6542.199657142857,6546.968,5.960428571428565,6544.264,6534.65,completed,time,False,False,-0.8064856314263533,-0.8564856314263534,15.0
2025-12-20 08:00:00+00:00,2025-12-20 08:01:00+00:00,2025-12-20 08:15:00+00:00,2025-12-20 08:30:01+00:00,2025-12-20 08:04:35+00:00,2025-12-20 08:04:36+00:00,2025-12-20 08:19:36+00:00,,,CONTEXT_GEOMETRIC,boom:CONTEXT_GEOMETRIC:2025-12-20T08:00:00+00:00,1,6467.8369571428575,6468.545328571428,6466.066028571429,6471.733,7.08371428571432,6468.529,6474.528,completed,time,False,False,0.423436050498108,0.373436050498108,15.0
2025-12-20 09:00:00+00:00,2025-12-20 09:01:00+00:00,2025-12-20 09:15:00+00:00,2025-12-20 09:30:01+00:00,2025-12-20 09:04:29+00:00,2025-12-20 09:04:30+00:00,2025-12-20 09:19:30+00:00,,,CONTEXT_GEOMETRIC,boom:CONTEXT_GEOMETRIC:2025-12-20T09:00:00+00:00,1,6484.671842857142,6485.335871428571,6483.011771428571,6488.324,6.640285714285775,6485.322,6486.687,completed,time,False,False,0.10278172195686916,0.05278172195686916,15.0
2025-12-20 12:00:00+00:00,2025-12-20 12:01:00+00:00,2025-12-20 12:15:00+00:00,2025-12-20 12:30:01+00:00,2025-12-20 12:05:04+00:00,2025-12-20 12:05:05+00:00,2025-12-20 12:20:05+00:00,,,CONTEXT_GEOMETRIC,boom:CONTEXT_GEOMETRIC:2025-12-20T12:00:00+00:00,1,6539.442671428571,6540.184185714285,6537.588885714285,6543.521,7.415142857142915,6540.171,6529.908,completed,time,False,False,-0.6920298231418225,-0.7420298231418225,15.0
2025-12-20 12:30:00+00:00,2025-12-20 12:31:00+00:00,2025-12-20 12:45:00+00:00,2025-12-20 13:00:01+00:00,2025-12-20 12:33:47+00:00,2025-12-20 12:33:48+00:00,2025-12-20 12:48:48+00:00,,,CONTEXT_GEOMETRIC,boom:CONTEXT_GEOMETRIC:2025-12-20T12:30:00+00:00,1,6524.512403571428,6525.039239285714,6523.195314285714,6527.41,5.268357142857179,6525.002,6524.803,completed,time,False,False,-0.018886342991223305,-0.06888634299122331,15.0
2025-12-21 11:00:00+00:00,2025-12-21 11:01:00+00:00,2025-12-21 11:15:00+00:00,2025-12-21 11:30:01+00:00,2025-12-21 11:03:48+00:00,2025-12-21 11:03:49+00:00,2025-12-21 11:18:49+00:00,,,CONTEXT_GEOMETRIC,boom:CONTEXT_GEOMETRIC:2025-12-21T11:00:00+00:00,1,6533.632475,6534.146025,6532.3486,6536.457,5.135499999999865,6534.125,6524.323,completed,time,False,False,-0.9543374549702985,-1.0043374549702986,15.0
2025-12-21 11:30:00+00:00,2025-12-21 11:31:00+00:00,2025-12-21 11:45:00+00:00,2025-12-21 12:00:01+00:00,2025-12-21 11:34:15+00:00,2025-12-21 11:34:16+00:00,2025-12-21 11:49:16+00:00,,,CONTEXT_GEOMETRIC,boom:CONTEXT_GEOMETRIC:2025-12-21T11:30:00+00:00,1,6541.496907142857,6542.096378571428,6539.998228571429,6544.794,5.994714285714248,6542.073,6547.483,completed,time,False,False,0.4512308462216622,0.4012308462216622,15.0
2025-12-21 15:00:00+00:00,2025-12-21 15:01:00+00:00,2025-12-21 15:15:00+00:00,2025-12-21 15:30:01+00:00,2025-12-21 15:04:08+00:00,2025-12-21 15:04:09+00:00,2025-12-21 15:19:09+00:00,,,CONTEXT_GEOMETRIC,boom:CONTEXT_GEOMETRIC:2025-12-21T15:00:00+00:00,1,6527.478074999999,6528.090424999999,6525.947199999999,6530.846,6.123500000000084,6528.081,6531.617,completed,time,False,False,0.28872376908630765,0.23872376908630766,15.0
2025-12-21 20:00:00+00:00,2025-12-21 20:01:00+00:00,2025-12-21 20:15:00+00:00,2025-12-21 20:30:01+00:00,2025-12-21 20:04:07+00:00,2025-12-21 20:04:08+00:00,2025-12-21 20:19:08+00:00,,,CONTEXT_GEOMETRIC,boom:CONTEXT_GEOMETRIC:2025-12-21T20:00:00+00:00,1,6552.420146428572,6553.039210714285,6550.872485714286,6555.825,6.190642857142913,6553.035,6563.63,completed,time,False,False,0.8557269611972115,0.8057269611972114,15.0
2025-12-21 23:30:00+00:00,2025-12-21 23:31:00+00:00,2025-12-21 23:45:00+00:00,2025-12-22 00:00:01+00:00,2025-12-21 23:32:58+00:00,2025-12-21 23:32:59+00:00,2025-12-21 23:45:50+00:00,2025-12-21 23:45:49+00:00,,CONTEXT_GEOMETRIC,boom:CONTEXT_GEOMETRIC:2025-12-21T23:30:00+00:00,1,6531.054414285714,6531.484157142857,6529.980057142857,6533.418,4.297428571428619,6531.452,6522.832,completed,sl,False,False,-1.0029253374110525,-1.0529253374110525,12.85
2025-12-22 13:00:00+00:00,2025-12-22 13:01:00+00:00,2025-12-22 13:15:00+00:00,2025-12-22 13:30:01+00:00,2025-12-22 13:04:22+00:00,2025-12-22 13:04:23+00:00,2025-12-22 13:19:23+00:00,,,CONTEXT_GEOMETRIC,boom:CONTEXT_GEOMETRIC:2025-12-22T13:00:00+00:00,1,6557.8318928571425,6558.4728214285715,6556.229571428571,6561.357,6.409285714285683,6558.458,6548.203,completed,time,False,False,-0.8000111445446868,-0.8500111445446868,15.0
2025-12-22 14:00:00+00:00,2025-12-22 14:01:00+00:00,2025-12-22 14:15:00+00:00,2025-12-22 14:30:01+00:00,2025-12-22 14:05:19+00:00,2025-12-22 14:05:20+00:00,2025-12-22 14:20:20+00:00,,,CONTEXT_GEOMETRIC,boom:CONTEXT_GEOMETRIC:2025-12-22T14:00:00+00:00,1,6588.076942857143,6588.848771428572,6586.147371428571,6592.322,7.71828571428562,6588.836,6580.301,completed,time,False,False,-0.5529077515362378,-0.6029077515362379,15.0
2025-12-22 16:00:00+00:00,2025-12-22 16:01:00+00:00,2025-12-22 16:15:00+00:00,2025-12-22 16:30:01+00:00,2025-12-22 16:03:12+00:00,2025-12-22 16:03:13+00:00,2025-12-22 16:18:13+00:00,,,CONTEXT_GEOMETRIC,boom:CONTEXT_GEOMETRIC:2025-12-22T16:00:00+00:00,1,6606.8113678571435,6607.333846428572,6605.505171428572,6609.685,5.2247857142857095,6607.32,6616.276,completed,time,False,False,0.8570686425964288,0.8070686425964287,15.0
2025-12-22 20:00:00+00:00,2025-12-22 20:01:00+00:00,2025-12-22 20:15:00+00:00,2025-12-22 20:30:01+00:00,2025-12-22 20:04:07+00:00,2025-12-22 20:04:08+00:00,2025-12-22 20:19:08+00:00,,,CONTEXT_GEOMETRIC,boom:CONTEXT_GEOMETRIC:2025-12-22T20:00:00+00:00,1,6612.2591142857145,6612.865457142857,6610.743257142857,6615.594,6.063428571428566,6612.837,6609.342,completed,time,False,False,-0.28820327961555964,-0.3382032796155596,15.0
2025-12-23 12:00:00+00:00,2025-12-23 12:01:00+00:00,2025-12-23 12:15:00+00:00,2025-12-23 12:30:01+00:00,2025-12-23 12:03:24+00:00,2025-12-23 12:03:25+00:00,2025-12-23 12:18:25+00:00,,,CONTEXT_GEOMETRIC,boom:CONTEXT_GEOMETRIC:2025-12-23T12:00:00+00:00,1,6498.905114285714,6499.433457142857,6497.5842571428575,6501.811,5.28342857142856,6499.425,6489.349,completed,time,False,False,-0.9535474799913517,-1.0035474799913517,15.0
2025-12-23 15:30:00+00:00,2025-12-23 15:31:00+00:00,2025-12-23 15:45:00+00:00,2025-12-23 16:00:01+00:00,2025-12-23 15:33:22+00:00,2025-12-23 15:33:23+00:00,2025-12-23 15:48:23+00:00,,,CONTEXT_GEOMETRIC,boom:CONTEXT_GEOMETRIC:2025-12-23T15:30:00+00:00,1,6456.408025000001,6456.897475000001,6455.184400000001,6459.1,4.894499999999945,6456.881,6447.37,completed,time,False,False,-0.9716007763817069,-1.021600776381707,15.0
2025-12-24 11:30:00+00:00,2025-12-24 11:31:00+00:00,2025-12-24 11:45:00+00:00,2025-12-24 12:00:01+00:00,2025-12-24 11:33:49+00:00,2025-12-24 11:33:50+00:00,2025-12-24 11:48:50+00:00,,,CONTEXT_GEOMETRIC,boom:CONTEXT_GEOMETRIC:2025-12-24T11:30:00+00:00,1,6511.862039285714,6512.450032142857,6510.392057142857,6515.096,5.879928571428536,6512.409,6516.498,completed,time,False,False,0.34770830549447596,0.29770830549447597,15.0
2025-12-24 13:00:00+00:00,2025-12-24 13:01:00+00:00,2025-12-24 13:15:00+00:00,2025-12-24 13:30:01+00:00,2025-12-24 13:08:34+00:00,2025-12-24 13:08:35+00:00,2025-12-24 13:23:35+00:00,,,CONTEXT_GEOMETRIC,boom:CONTEXT_GEOMETRIC:2025-12-24T13:00:00+00:00,1,6510.722478571429,6511.243664285714,6509.419514285714,6513.589,5.211857142857233,6511.222,6501.876,completed,time,False,False,-0.8966093797110396,-0.9466093797110396,15.0
2025-12-25 17:00:00+00:00,2025-12-25 17:01:00+00:00,2025-12-25 17:15:00+00:00,2025-12-25 17:30:01+00:00,2025-12-25 17:03:36+00:00,2025-12-25 17:03:37+00:00,2025-12-25 17:18:37+00:00,,,CONTEXT_GEOMETRIC,boom:CONTEXT_GEOMETRIC:2025-12-25T17:00:00+00:00,1,6242.981553571428,6243.487089285714,6241.717714285714,6245.762,5.055357142857247,6243.459,6256.829,completed,time,False,False,1.3223595902507568,1.2723595902507567,15.0
2025-12-25 17:30:00+00:00,2025-12-25 17:31:00+00:00,2025-12-25 17:45:00+00:00,2025-12-25 18:00:01+00:00,2025-12-25 17:34:53+00:00,2025-12-25 17:34:54+00:00,2025-12-25 17:49:54+00:00,,,CONTEXT_GEOMETRIC,boom:CONTEXT_GEOMETRIC:2025-12-25T17:30:00+00:00,1,6255.14775,6255.83925,6253.419,6258.951,6.9150000000000285,6255.815,6246.428,completed,time,False,False,-0.678741865509738,-0.7287418655097381,15.0
2025-12-25 19:30:00+00:00,2025-12-25 19:31:00+00:00,2025-12-25 19:45:00+00:00,2025-12-25 20:00:01+00:00,2025-12-25 19:35:14+00:00,2025-12-25 19:35:15+00:00,2025-12-25 19:50:15+00:00,,,CONTEXT_GEOMETRIC,boom:CONTEXT_GEOMETRIC:2025-12-25T19:30:00+00:00,1,6289.915507142858,6290.651778571429,6288.074828571429,6293.965,7.362714285714186,6290.633,6283.9,completed,time,False,False,-0.4572362676808035,-0.5072362676808035,15.0
2025-12-27 01:30:00+00:00,2025-12-27 01:31:00+00:00,2025-12-27 01:45:00+00:00,2025-12-27 02:00:01+00:00,2025-12-27 01:34:23+00:00,2025-12-27 01:34:24+00:00,2025-12-27 01:49:24+00:00,,,CONTEXT_GEOMETRIC,boom:CONTEXT_GEOMETRIC:2025-12-27T01:30:00+00:00,1,6233.760635714286,6234.341792857143,6232.307742857143,6236.957,5.811571428571564,6234.33,6240.864,completed,time,False,False,0.5621543226567254,0.5121543226567253,15.0
2025-12-27 18:30:00+00:00,2025-12-27 18:31:00+00:00,2025-12-27 18:45:00+00:00,2025-12-27 19:00:01+00:00,2025-12-27 18:34:27+00:00,2025-12-27 18:34:28+00:00,2025-12-27 18:49:28+00:00,,,CONTEXT_GEOMETRIC,boom:CONTEXT_GEOMETRIC:2025-12-27T18:30:00+00:00,1,6251.742846428571,6252.354510714285,6250.213685714286,6255.107,6.1166428571428435,6252.327,6242.976,completed,time,False,False,-0.7643898964184849,-0.8143898964184849,15.0
2025-12-27 21:00:00+00:00,2025-12-27 21:01:00+00:00,2025-12-27 21:15:00+00:00,2025-12-27 21:30:01+00:00,2025-12-27 21:04:10+00:00,2025-12-27 21:04:11+00:00,2025-12-27 21:19:11+00:00,,,CONTEXT_GEOMETRIC,boom:CONTEXT_GEOMETRIC:2025-12-27T21:00:00+00:00,1,6231.148585714285,6231.770842857143,6229.592942857143,6234.571,6.222571428571492,6231.742,6233.554,completed,time,False,False,0.14559897148628445,0.09559897148628445,15.0
2025-12-28 05:00:00+00:00,2025-12-28 05:01:00+00:00,2025-12-28 05:15:00+00:00,2025-12-28 05:30:01+00:00,2025-12-28 05:03:52+00:00,2025-12-28 05:03:53+00:00,2025-12-28 05:18:53+00:00,,,CONTEXT_GEOMETRIC,boom:CONTEXT_GEOMETRIC:2025-12-28T05:00:00+00:00,1,6245.051778571428,6245.652364285714,6243.550314285714,6248.355,6.005857142857167,6245.611,6236.37,completed,time,False,False,-0.7693323184510317,-0.8193323184510317,15.0
2025-12-28 18:00:00+00:00,2025-12-28 18:01:00+00:00,2025-12-28 18:15:00+00:00,2025-12-28 18:30:01+00:00,2025-12-28 18:03:49+00:00,2025-12-28 18:03:50+00:00,2025-12-28 18:18:50+00:00,,,CONTEXT_GEOMETRIC,boom:CONTEXT_GEOMETRIC:2025-12-28T18:00:00+00:00,1,6314.748717857143,6315.277496428572,6313.426771428572,6317.657,5.287785714285876,6315.262,6313.016,completed,time,False,False,-0.21237623093652733,-0.26237623093652734,15.0
2025-12-29 03:30:00+00:00,2025-12-29 03:31:00+00:00,2025-12-29 03:45:00+00:00,2025-12-29 04:00:01+00:00,2025-12-29 03:33:51+00:00,2025-12-29 03:33:52+00:00,2025-12-29 03:48:52+00:00,,,CONTEXT_GEOMETRIC,boom:CONTEXT_GEOMETRIC:2025-12-29T03:30:00+00:00,1,6298.7366678571425,6299.270546428571,6297.401971428571,6301.673,5.338785714285677,6299.265,6325.612,completed,time,False,False,2.4675086630186045,2.4175086630186047,15.0
2025-12-29 23:30:00+00:00,2025-12-29 23:31:00+00:00,2025-12-29 23:45:00+00:00,2025-12-30 00:00:01+00:00,2025-12-29 23:33:41+00:00,2025-12-29 23:33:42+00:00,2025-12-29 23:48:42+00:00,,,CONTEXT_GEOMETRIC,boom:CONTEXT_GEOMETRIC:2025-12-29T23:30:00+00:00,1,6304.360589285714,6304.852482142857,6303.130857142857,6307.066,4.918928571428621,6304.84,6300.288,completed,time,False,False,-0.4627023887316315,-0.5127023887316315,15.0
2025-12-30 04:30:00+00:00,2025-12-30 04:31:00+00:00,2025-12-30 04:45:00+00:00,2025-12-30 05:00:01+00:00,2025-12-30 04:38:16+00:00,2025-12-30 04:38:17+00:00,2025-12-30 04:53:17+00:00,,,CONTEXT_GEOMETRIC,boom:CONTEXT_GEOMETRIC:2025-12-30T04:30:00+00:00,1,6349.564617857143,6350.1055964285715,6348.212171428572,6352.54,5.40978571428559,6350.097,6340.883,completed,time,False,False,-0.8516048958897379,-0.9016048958897379,15.0
2025-12-30 06:30:00+00:00,2025-12-30 06:31:00+00:00,2025-12-30 06:45:00+00:00,2025-12-30 07:00:01+00:00,2025-12-30 06:33:41+00:00,2025-12-30 06:33:42+00:00,2025-12-30 06:48:42+00:00,,,CONTEXT_GEOMETRIC,boom:CONTEXT_GEOMETRIC:2025-12-30T06:30:00+00:00,1,6356.359757142857,6356.904528571428,6354.997828571429,6359.356,5.447714285714418,6356.901,6365.324,completed,time,False,False,0.7730765196412256,0.7230765196412255,15.0
2025-12-30 11:30:00+00:00,2025-12-30 11:31:00+00:00,2025-12-30 11:45:00+00:00,2025-12-30 12:00:01+00:00,2025-12-30 11:34:26+00:00,2025-12-30 11:34:27+00:00,2025-12-30 11:49:27+00:00,,,CONTEXT_GEOMETRIC,boom:CONTEXT_GEOMETRIC:2025-12-30T11:30:00+00:00,1,6385.873207142858,6386.5100785714285,6384.281028571429,6389.376,6.368714285714369,6386.509,6406.277,completed,time,False,False,1.551961597990157,1.501961597990157,15.0
2025-12-30 12:30:00+00:00,2025-12-30 12:31:00+00:00,2025-12-30 12:45:00+00:00,2025-12-30 13:00:01+00:00,2025-12-30 12:35:04+00:00,2025-12-30 12:35:05+00:00,2025-12-30 12:50:05+00:00,,,CONTEXT_GEOMETRIC,boom:CONTEXT_GEOMETRIC:2025-12-30T12:30:00+00:00,1,6395.418139285714,6396.099932142857,6393.713657142856,6399.168,6.817928571428573,6396.087,6403.131,completed,time,False,False,0.5165791872269444,0.4665791872269444,15.0
2025-12-30 13:30:00+00:00,2025-12-30 13:31:00+00:00,2025-12-30 13:45:00+00:00,2025-12-30 14:00:01+00:00,2025-12-30 13:34:08+00:00,2025-12-30 13:34:09+00:00,2025-12-30 13:49:09+00:00,,,CONTEXT_GEOMETRIC,boom:CONTEXT_GEOMETRIC:2025-12-30T13:30:00+00:00,1,6410.3466,6410.9294,6408.8895999999995,6413.552,5.827999999999845,6410.919,6405.952,completed,time,False,False,-0.42613246396703636,-0.47613246396703635,15.0
2025-12-30 17:00:00+00:00,2025-12-30 17:01:00+00:00,2025-12-30 17:15:00+00:00,2025-12-30 17:30:01+00:00,2025-12-30 17:04:48+00:00,2025-12-30 17:04:49+00:00,2025-12-30 17:19:49+00:00,,,CONTEXT_GEOMETRIC,boom:CONTEXT_GEOMETRIC:2025-12-30T17:00:00+00:00,1,6408.998385714285,6409.659042857143,6407.346742857142,6412.632,6.606571428571442,6409.636,6400.092,completed,time,False,False,-0.7223111187995211,-0.7723111187995212,15.0
2025-12-31 00:00:00+00:00,2025-12-31 00:01:00+00:00,2025-12-31 00:15:00+00:00,2025-12-31 00:30:01+00:00,2025-12-31 00:04:43+00:00,2025-12-31 00:04:44+00:00,2025-12-31 00:19:44+00:00,,,CONTEXT_GEOMETRIC,boom:CONTEXT_GEOMETRIC:2025-12-31T00:00:00+00:00,1,6412.798739285715,6413.517332142857,6411.002257142858,6416.751,7.185928571428576,6413.508,6428.171,completed,time,False,False,1.020257845193515,0.9702578451935149,15.0
2025-12-31 13:00:00+00:00,2025-12-31 13:01:00+00:00,2025-12-31 13:15:00+00:00,2025-12-31 13:30:01+00:00,2025-12-31 13:07:28+00:00,2025-12-31 13:07:29+00:00,2025-12-31 13:22:29+00:00,,,CONTEXT_GEOMETRIC,boom:CONTEXT_GEOMETRIC:2025-12-31T13:00:00+00:00,1,6474.442435714285,6475.083992857142,6472.838542857143,6477.971,6.415571428571444,6475.071,6473.322,completed,time,False,False,-0.13630898038253517,-0.18630898038253518,15.0
2025-12-31 14:00:00+00:00,2025-12-31 14:01:00+00:00,2025-12-31 14:15:00+00:00,2025-12-31 14:30:01+00:00,2025-12-31 14:03:39+00:00,2025-12-31 14:03:40+00:00,2025-12-31 14:18:40+00:00,,,CONTEXT_GEOMETRIC,boom:CONTEXT_GEOMETRIC:2025-12-31T14:00:00+00:00,1,6486.926217857143,6487.471996428571,6485.561771428571,6489.928,5.45778571428569,6487.469,6489.138,completed,time,False,False,0.15290083628890755,0.10290083628890755,15.0
2025-12-31 18:00:00+00:00,2025-12-31 18:01:00+00:00,2025-12-31 18:15:00+00:00,2025-12-31 18:30:01+00:00,2025-12-31 18:10:27+00:00,2025-12-31 18:10:28+00:00,2025-12-31 18:25:28+00:00,,,CONTEXT_GEOMETRIC,boom:CONTEXT_GEOMETRIC:2025-12-31T18:00:00+00:00,1,6471.4602107142855,6471.926717857143,6470.293942857143,6474.026,4.665071428571407,6471.889,6476.371,completed,time,False,False,0.4803784967310245,0.4303784967310245,15.0
2026-01-01 22:00:00+00:00,2026-01-01 22:01:00+00:00,2026-01-01 22:15:00+00:00,2026-01-01 22:30:01+00:00,2026-01-01 22:05:27+00:00,2026-01-01 22:05:28+00:00,2026-01-01 22:20:28+00:00,,,CONTEXT_GEOMETRIC,boom:CONTEXT_GEOMETRIC:2026-01-01T22:00:00+00:00,1,6382.958317857143,6383.603896428572,6381.344371428571,6386.509,6.455785714285672,6383.586,6374.104,completed,time,False,False,-0.7343800134984149,-0.7843800134984149,15.0
2026-01-03 08:00:00+00:00,2026-01-03 08:01:00+00:00,2026-01-03 08:15:00+00:00,2026-01-03 08:30:01+00:00,2026-01-03 08:04:23+00:00,2026-01-03 08:04:24+00:00,2026-01-03 08:19:24+00:00,,,CONTEXT_GEOMETRIC,boom:CONTEXT_GEOMETRIC:2026-01-03T08:00:00+00:00,1,6191.910696428571,6192.479660714285,6190.488285714286,6195.04,5.689642857142839,6192.473,6203.116,completed,time,False,False,0.9352959638440832,0.8852959638440832,15.0
2026-01-03 11:00:00+00:00,2026-01-03 11:01:00+00:00,2026-01-03 11:15:00+00:00,2026-01-03 11:30:01+00:00,2026-01-03 11:03:27+00:00,2026-01-03 11:03:28+00:00,2026-01-03 11:18:28+00:00,,,CONTEXT_GEOMETRIC,boom:CONTEXT_GEOMETRIC:2026-01-03T11:00:00+00:00,1,6192.7063,6193.1717,6191.5428,6195.266,4.653999999999996,6193.164,6222.832,completed,time,False,False,3.1873657069188437,3.137365706918844,15.0
2026-01-03 14:00:00+00:00,2026-01-03 14:01:00+00:00,2026-01-03 14:15:00+00:00,2026-01-03 14:30:01+00:00,2026-01-03 14:05:13+00:00,2026-01-03 14:05:14+00:00,2026-01-03 14:20:14+00:00,,,CONTEXT_GEOMETRIC,boom:CONTEXT_GEOMETRIC:2026-01-03T14:00:00+00:00,1,6257.187396428571,6257.964960714286,6255.243485714285,6261.464,7.775642857142884,6257.949,6258.046,completed,time,False,False,0.006237426395655227,-0.043762573604344775,15.0
2026-01-04 08:00:00+00:00,2026-01-04 08:01:00+00:00,2026-01-04 08:15:00+00:00,2026-01-04 08:30:01+00:00,2026-01-04 08:05:01+00:00,2026-01-04 08:05:02+00:00,2026-01-04 08:20:02+00:00,,,CONTEXT_GEOMETRIC,boom:CONTEXT_GEOMETRIC:2026-01-04T08:00:00+00:00,1,6254.141817857143,6254.878396428571,6252.300371428571,6258.193,7.365785714285656,6254.874,6257.266,completed,time,False,False,0.16237235868541722,0.11237235868541721,15.0
2026-01-04 10:00:00+00:00,2026-01-04 10:01:00+00:00,2026-01-04 10:15:00+00:00,2026-01-04 10:30:01+00:00,2026-01-04 10:03:38+00:00,2026-01-04 10:03:39+00:00,2026-01-04 10:18:39+00:00,,,CONTEXT_GEOMETRIC,boom:CONTEXT_GEOMETRIC:2026-01-04T10:00:00+00:00,1,6276.761382142857,6277.300403571428,6275.413828571428,6279.726,5.390214285714202,6277.27,6282.646,completed,time,False,False,0.4986814730397101,0.4486814730397101,15.0
2026-01-04 11:00:00+00:00,2026-01-04 11:01:00+00:00,2026-01-04 11:15:00+00:00,2026-01-04 11:30:01+00:00,2026-01-04 11:03:46+00:00,2026-01-04 11:03:47+00:00,2026-01-04 11:18:47+00:00,,,CONTEXT_GEOMETRIC,boom:CONTEXT_GEOMETRIC:2026-01-04T11:00:00+00:00,1,6278.397775,6278.916725,6277.1004,6281.252,5.1895000000000175,6278.9,6297.605,completed,time,False,False,1.802196743424209,1.752196743424209,15.0
2026-01-04 11:30:00+00:00,2026-01-04 11:31:00+00:00,2026-01-04 11:45:00+00:00,2026-01-04 12:00:01+00:00,2026-01-04 11:34:10+00:00,2026-01-04 11:34:11+00:00,2026-01-04 11:49:11+00:00,,,CONTEXT_GEOMETRIC,boom:CONTEXT_GEOMETRIC:2026-01-04T11:30:00+00:00,1,6299.531414285714,6300.139157142857,6298.012057142857,6302.874,6.077428571428625,6300.105,6290.903,completed,time,False,False,-0.7570636077287698,-0.8070636077287698,15.0
2026-01-05 04:00:00+00:00,2026-01-05 04:01:00+00:00,2026-01-05 04:15:00+00:00,2026-01-05 04:30:01+00:00,2026-01-05 04:09:10+00:00,2026-01-05 04:09:11+00:00,2026-01-05 04:24:11+00:00,,,CONTEXT_GEOMETRIC,boom:CONTEXT_GEOMETRIC:2026-01-05T04:00:00+00:00,1,6221.091389285714,6221.621682142857,6219.765657142857,6224.008,5.302928571428571,6221.586,6212.61,completed,time,False,False,-0.8463248070473725,-0.8963248070473725,15.0
2026-01-05 20:00:00+00:00,2026-01-05 20:01:00+00:00,2026-01-05 20:15:00+00:00,2026-01-05 20:30:01+00:00,2026-01-05 20:04:53+00:00,2026-01-05 20:04:54+00:00,2026-01-05 20:19:54+00:00,,,CONTEXT_GEOMETRIC,boom:CONTEXT_GEOMETRIC:2026-01-05T20:00:00+00:00,1,6406.296514285715,6407.012057142857,6404.507657142857,6410.232,7.155428571428534,6406.987,6409.579,completed,time,False,False,0.18112122664108768,0.13112122664108766,15.0
2026-01-06 02:00:00+00:00,2026-01-06 02:01:00+00:00,2026-01-06 02:15:00+00:00,2026-01-06 02:30:01+00:00,2026-01-06 02:11:00+00:00,2026-01-06 02:11:01+00:00,2026-01-06 02:26:01+00:00,,,CONTEXT_GEOMETRIC,boom:CONTEXT_GEOMETRIC:2026-01-06T02:00:00+00:00,1,6449.986964285715,6450.618607142857,6448.407857142857,6453.461,6.316428571428593,6450.606,6443.508,completed,time,False,False,-0.5618681442949172,-0.6118681442949172,15.0
2026-01-06 02:30:00+00:00,2026-01-06 02:31:00+00:00,2026-01-06 02:45:00+00:00,2026-01-06 03:00:01+00:00,2026-01-06 02:33:39+00:00,2026-01-06 02:33:40+00:00,2026-01-06 02:48:40+00:00,,,CONTEXT_GEOMETRIC,boom:CONTEXT_GEOMETRIC:2026-01-06T02:30:00+00:00,1,6450.55225,6451.10675,6449.165999999999,6453.602,5.545000000000073,6451.096,6460.117,completed,time,False,False,0.8134355275023013,0.7634355275023013,15.0
2026-01-06 07:00:00+00:00,2026-01-06 07:01:00+00:00,2026-01-06 07:15:00+00:00,2026-01-06 07:30:01+00:00,2026-01-06 07:05:06+00:00,2026-01-06 07:05:07+00:00,2026-01-06 07:20:07+00:00,,,CONTEXT_GEOMETRIC,boom:CONTEXT_GEOMETRIC:2026-01-06T07:00:00+00:00,1,6449.060692857143,6449.782021428572,6447.257371428572,6453.028,7.21328571428564,6449.764,6454.119,completed,time,False,False,0.30187352702352066,0.25187352702352067,15.0
2026-01-06 13:00:00+00:00,2026-01-06 13:01:00+00:00,2026-01-06 13:15:00+00:00,2026-01-06 13:30:01+00:00,2026-01-06 13:06:49+00:00,2026-01-06 13:06:50+00:00,2026-01-06 13:21:50+00:00,,,CONTEXT_GEOMETRIC,boom:CONTEXT_GEOMETRIC:2026-01-06T13:00:00+00:00,1,6479.197239285714,6479.778832142857,6477.743257142857,6482.396,5.815928571428556,6479.754,6494.877,completed,time,False,False,1.3001363251170284,1.2501363251170283,15.0
2026-01-06 15:00:00+00:00,2026-01-06 15:01:00+00:00,2026-01-06 15:15:00+00:00,2026-01-06 15:30:01+00:00,2026-01-06 15:03:22+00:00,2026-01-06 15:03:23+00:00,2026-01-06 15:18:23+00:00,,,CONTEXT_GEOMETRIC,boom:CONTEXT_GEOMETRIC:2026-01-06T15:00:00+00:00,1,6483.635417857144,6484.1127964285715,6482.441971428572,6486.261,4.773785714285688,6484.082,6478.963,completed,time,False,False,-0.5361572875675845,-0.5861572875675846,15.0
2026-01-06 15:30:00+00:00,2026-01-06 15:31:00+00:00,2026-01-06 15:45:00+00:00,2026-01-06 16:00:01+00:00,2026-01-06 15:33:23+00:00,2026-01-06 15:33:24+00:00,2026-01-06 15:48:24+00:00,,,CONTEXT_GEOMETRIC,boom:CONTEXT_GEOMETRIC:2026-01-06T15:30:00+00:00,1,6486.396903571428,6486.888739285714,6485.1673142857135,6489.102,4.918357142857141,6486.875,6488.861,completed,time,False,False,0.20189668443294276,0.15189668443294274,15.0
2026-01-06 16:30:00+00:00,2026-01-06 16:31:00+00:00,2026-01-06 16:45:00+00:00,2026-01-06 17:00:01+00:00,2026-01-06 16:38:17+00:00,2026-01-06 16:38:18+00:00,2026-01-06 16:53:18+00:00,,,CONTEXT_GEOMETRIC,boom:CONTEXT_GEOMETRIC:2026-01-06T16:30:00+00:00,1,6488.599807142858,6489.191478571429,6487.120628571429,6491.854,5.916714285714144,6489.157,6488.78,completed,time,False,False,-0.03185889851996663,-0.08185889851996664,15.0
2026-01-07 05:00:00+00:00,2026-01-07 05:01:00+00:00,2026-01-07 05:15:00+00:00,2026-01-07 05:30:01+00:00,2026-01-07 05:04:45+00:00,2026-01-07 05:04:46+00:00,2026-01-07 05:19:46+00:00,,,CONTEXT_GEOMETRIC,boom:CONTEXT_GEOMETRIC:2026-01-07T05:00:00+00:00,1,6510.909653571429,6511.602989285714,6509.176314285714,6514.723,6.933357142857143,6511.588,6519.033,completed,time,False,False,0.5368971947212166,0.48689719472121656,15.0
2026-01-07 05:30:00+00:00,2026-01-07 05:31:00+00:00,2026-01-07 05:45:00+00:00,2026-01-07 06:00:01+00:00,2026-01-07 05:34:32+00:00,2026-01-07 05:34:33+00:00,2026-01-07 05:49:33+00:00,,,CONTEXT_GEOMETRIC,boom:CONTEXT_GEOMETRIC:2026-01-07T05:30:00+00:00,1,6517.9995392857145,6518.668532142858,6516.3270571428575,6521.679,6.689928571428546,6518.654,6508.536,completed,time,False,False,-0.7562113624958948,-0.8062113624958949,15.0
2026-01-07 14:30:00+00:00,2026-01-07 14:31:00+00:00,2026-01-07 14:45:00+00:00,2026-01-07 15:00:01+00:00,2026-01-07 14:36:07+00:00,2026-01-07 14:36:08+00:00,2026-01-07 14:51:08+00:00,,,CONTEXT_GEOMETRIC,boom:CONTEXT_GEOMETRIC:2026-01-07T14:30:00+00:00,1,6485.202389285715,6485.718682142858,6483.911657142858,6488.042,5.1629285714285675,6485.711,6495.032,completed,time,False,False,0.9026853529973221,0.8526853529973221,15.0
2026-01-07 15:00:00+00:00,2026-01-07 15:01:00+00:00,2026-01-07 15:15:00+00:00,2026-01-07 15:30:01+00:00,2026-01-07 15:04:31+00:00,2026-01-07 15:04:32+00:00,2026-01-07 15:19:32+00:00,,,CONTEXT_GEOMETRIC,boom:CONTEXT_GEOMETRIC:2026-01-07T15:00:00+00:00,1,6509.425210714287,6510.087717857144,6507.768942857144,6513.069,6.625071428571313,6510.076,6515.48,completed,time,False,False,0.40784465935674497,0.357844659356745,15.0
2026-01-07 15:30:00+00:00,2026-01-07 15:31:00+00:00,2026-01-07 15:45:00+00:00,2026-01-07 16:00:01+00:00,2026-01-07 15:34:33+00:00,2026-01-07 15:34:34+00:00,2026-01-07 15:49:34+00:00,,,CONTEXT_GEOMETRIC,boom:CONTEXT_GEOMETRIC:2026-01-07T15:30:00+00:00,1,6518.784767857143,6519.438446428571,6517.150571428572,6522.38,6.536785714285608,6519.427,6527.417,completed,time,False,False,0.611156640987879,0.561156640987879,15.0
2026-01-07 21:30:00+00:00,2026-01-07 21:31:00+00:00,2026-01-07 21:45:00+00:00,2026-01-07 22:00:01+00:00,2026-01-07 21:34:11+00:00,2026-01-07 21:34:12+00:00,2026-01-07 21:49:12+00:00,,,CONTEXT_GEOMETRIC,boom:CONTEXT_GEOMETRIC:2026-01-07T21:30:00+00:00,1,6574.203025,6574.806475,6572.694399999999,6577.522,6.034500000000013,6574.761,6605.912,completed,time,False,False,2.5810754826414595,2.5310754826414597,15.0
2026-01-07 22:30:00+00:00,2026-01-07 22:31:00+00:00,2026-01-07 22:45:00+00:00,2026-01-07 23:00:01+00:00,2026-01-07 22:33:56+00:00,2026-01-07 22:33:57+00:00,2026-01-07 22:48:57+00:00,,,CONTEXT_GEOMETRIC,boom:CONTEXT_GEOMETRIC:2026-01-07T22:30:00+00:00,1,6590.832860714286,6591.459067857143,6589.2673428571425,6594.277,6.262071428571419,6591.42,6599.326,completed,time,False,False,0.6312607649226035,0.5812607649226035,15.0
2026-01-08 05:30:00+00:00,2026-01-08 05:31:00+00:00,2026-01-08 05:45:00+00:00,2026-01-08 06:00:01+00:00,2026-01-08 05:33:48+00:00,2026-01-08 05:33:49+00:00,2026-01-08 05:48:49+00:00,,,CONTEXT_GEOMETRIC,boom:CONTEXT_GEOMETRIC:2026-01-08T05:30:00+00:00,1,6641.119478571429,6641.7206642857145,6639.616514285714,6644.426,6.011857142857025,6641.704,6646.999,completed,time,False,False,0.4403797257800209,0.3903797257800209,15.0
2026-01-08 08:00:00+00:00,2026-01-08 08:01:00+00:00,2026-01-08 08:15:00+00:00,2026-01-08 08:30:01+00:00,2026-01-08 08:07:59+00:00,2026-01-08 08:08:00+00:00,2026-01-08 08:23:00+00:00,,,CONTEXT_GEOMETRIC,boom:CONTEXT_GEOMETRIC:2026-01-08T08:00:00+00:00,1,6699.620817857142,6700.445396428571,6697.559371428571,6704.156,8.245785714285764,6700.432,6701.13,completed,time,False,False,0.04232465068738326,-0.007675349312616743,15.0
2026-01-08 16:00:00+00:00,2026-01-08 16:01:00+00:00,2026-01-08 16:15:00+00:00,2026-01-08 16:30:01+00:00,2026-01-08 16:04:04+00:00,2026-01-08 16:04:05+00:00,2026-01-08 16:19:05+00:00,,,CONTEXT_GEOMETRIC,boom:CONTEXT_GEOMETRIC:2026-01-08T16:00:00+00:00,1,6716.4578,6717.0822,6714.8968,6719.892,6.243999999999947,6717.078,6711.271,completed,time,False,False,-0.46500640614996375,-0.5150064061499637,15.0
2026-01-08 17:00:00+00:00,2026-01-08 17:01:00+00:00,2026-01-08 17:15:00+00:00,2026-01-08 17:30:01+00:00,2026-01-08 17:03:36+00:00,2026-01-08 17:03:37+00:00,2026-01-08 17:18:37+00:00,,,CONTEXT_GEOMETRIC,boom:CONTEXT_GEOMETRIC:2026-01-08T17:00:00+00:00,1,6717.533764285714,6718.065807142857,6716.203657142857,6720.46,5.320428571428498,6718.041,6707.558,completed,time,False,False,-0.985164997449215,-1.035164997449215,15.0
2026-01-09 07:00:00+00:00,2026-01-09 07:01:00+00:00,2026-01-09 07:15:00+00:00,2026-01-09 07:30:01+00:00,2026-01-09 07:05:26+00:00,2026-01-09 07:05:27+00:00,2026-01-09 07:20:27+00:00,,,CONTEXT_GEOMETRIC,boom:CONTEXT_GEOMETRIC:2026-01-09T07:00:00+00:00,1,6702.286839285714,6703.145232142857,6700.140857142857,6707.008,8.583928571428585,6703.117,6698.221,completed,time,False,False,-0.2851841065113745,-0.3351841065113745,15.0
2026-01-09 10:00:00+00:00,2026-01-09 10:01:00+00:00,2026-01-09 10:15:00+00:00,2026-01-09 10:30:01+00:00,2026-01-09 10:03:09+00:00,2026-01-09 10:03:10+00:00,2026-01-09 10:17:21+00:00,2026-01-09 10:17:20+00:00,,CONTEXT_GEOMETRIC,boom:CONTEXT_GEOMETRIC:2026-01-09T10:00:00+00:00,1,6665.023853571428,6665.4947892857135,6663.846514285714,6667.614,4.709357142857243,6665.456,6656.023,completed,sl,False,False,-1.001516737194924,-1.0515167371949241,14.183333333333334
2026-01-09 13:30:00+00:00,2026-01-09 13:31:00+00:00,2026-01-09 13:45:00+00:00,2026-01-09 14:00:01+00:00,2026-01-09 13:35:27+00:00,2026-01-09 13:35:28+00:00,2026-01-09 13:50:28+00:00,,,CONTEXT_GEOMETRIC,boom:CONTEXT_GEOMETRIC:2026-01-09T13:30:00+00:00,1,6735.186278571428,6735.967864285714,6733.232314285714,6739.485,7.815857142857177,6735.957,6733.709,completed,time,False,False,-0.1438102027014992,-0.19381020270149918,15.0
2026-01-09 15:30:00+00:00,2026-01-09 15:31:00+00:00,2026-01-09 15:45:00+00:00,2026-01-09 16:00:01+00:00,2026-01-09 15:33:26+00:00,2026-01-09 15:33:27+00:00,2026-01-09 15:48:27+00:00,,,CONTEXT_GEOMETRIC,boom:CONTEXT_GEOMETRIC:2026-01-09T15:30:00+00:00,1,6724.151975000001,6724.672525,6722.850600000001,6727.015,5.205499999999964,6724.637,6728.219,completed,time,False,False,0.3440591681875285,0.29405916818752853,15.0
2026-01-10 09:00:00+00:00,2026-01-10 09:01:00+00:00,2026-01-10 09:15:00+00:00,2026-01-10 09:30:01+00:00,2026-01-10 09:03:44+00:00,2026-01-10 09:03:45+00:00,2026-01-10 09:18:45+00:00,,,CONTEXT_GEOMETRIC,boom:CONTEXT_GEOMETRIC:2026-01-10T09:00:00+00:00,1,6722.742471428572,6723.2903857142865,6721.372685714286,6725.756,5.479142857142766,6723.281,6719.355,completed,time,False,False,-0.35826771653547423,-0.4082677165354742,15.0
2026-01-10 11:30:00+00:00,2026-01-10 11:31:00+00:00,2026-01-10 11:45:00+00:00,2026-01-10 12:00:01+00:00,2026-01-10 11:35:17+00:00,2026-01-10 11:35:18+00:00,2026-01-10 11:50:18+00:00,,,CONTEXT_GEOMETRIC,boom:CONTEXT_GEOMETRIC:2026-01-10T11:30:00+00:00,1,6718.171735714285,6718.918692857143,6716.304342857143,6722.28,7.469571428571466,6718.908,6715.303,completed,time,False,False,-0.24131237210017006,-0.2913123721001701,15.0
2026-01-10 12:00:00+00:00,2026-01-10 12:01:00+00:00,2026-01-10 12:15:00+00:00,2026-01-10 12:30:01+00:00,2026-01-10 12:04:39+00:00,2026-01-10 12:04:40+00:00,2026-01-10 12:19:40+00:00,,,CONTEXT_GEOMETRIC,boom:CONTEXT_GEOMETRIC:2026-01-10T12:00:00+00:00,1,6715.088614285714,6715.625957142857,6713.745257142858,6718.044,5.373428571428511,6715.616,6708.767,completed,time,False,False,-0.637302600095731,-0.6873026000957311,15.0
2026-01-11 17:30:00+00:00,2026-01-11 17:31:00+00:00,2026-01-11 17:45:00+00:00,2026-01-11 18:00:01+00:00,2026-01-11 17:34:28+00:00,2026-01-11 17:34:29+00:00,2026-01-11 17:49:29+00:00,,,CONTEXT_GEOMETRIC,boom:CONTEXT_GEOMETRIC:2026-01-11T17:30:00+00:00,1,6682.183189285714,6682.869882142857,6680.4664571428575,6685.96,6.8669285714284864,6682.865,6672.489,completed,time,False,False,-0.7555051645048454,-0.8055051645048454,15.0
2026-01-12 04:00:00+00:00,2026-01-12 04:01:00+00:00,2026-01-12 04:15:00+00:00,2026-01-12 04:30:01+00:00,2026-01-12 04:04:30+00:00,2026-01-12 04:04:31+00:00,2026-01-12 04:19:31+00:00,,,CONTEXT_GEOMETRIC,boom:CONTEXT_GEOMETRIC:2026-01-12T04:00:00+00:00,1,6635.785764285713,6636.455807142856,6634.110657142856,6639.471,6.700428571428672,6636.433,6630.454,completed,time,False,False,-0.44616549048036647,-0.49616549048036646,15.0
2026-01-12 04:30:00+00:00,2026-01-12 04:31:00+00:00,2026-01-12 04:45:00+00:00,2026-01-12 05:00:01+00:00,2026-01-12 04:34:19+00:00,2026-01-12 04:34:20+00:00,2026-01-12 04:49:20+00:00,,,CONTEXT_GEOMETRIC,boom:CONTEXT_GEOMETRIC:2026-01-12T04:30:00+00:00,1,6647.284571428571,6647.888285714285,6645.775285714286,6650.605,6.0371428571428885,6647.862,6640.747,completed,time,False,False,-0.5892688121154545,-0.6392688121154545,15.0
2026-01-13 00:30:00+00:00,2026-01-13 00:31:00+00:00,2026-01-13 00:45:00+00:00,2026-01-13 01:00:01+00:00,2026-01-13 00:33:11+00:00,2026-01-13 00:33:12+00:00,2026-01-13 00:48:12+00:00,,,CONTEXT_GEOMETRIC,boom:CONTEXT_GEOMETRIC:2026-01-13T00:30:00+00:00,1,6643.347471428571,6643.8033857142855,6642.207685714286,6645.855,4.559142857142758,6643.786,6640.229,completed,time,False,False,-0.39009525600048667,-0.44009525600048666,15.0
2026-01-13 01:30:00+00:00,2026-01-13 01:31:00+00:00,2026-01-13 01:45:00+00:00,2026-01-13 02:00:01+00:00,2026-01-13 01:33:37+00:00,2026-01-13 01:33:38+00:00,2026-01-13 01:48:38+00:00,,,CONTEXT_GEOMETRIC,boom:CONTEXT_GEOMETRIC:2026-01-13T01:30:00+00:00,1,6638.273607142857,6638.811678571429,6636.928428571428,6641.233,5.380714285714281,6638.805,6648.937,completed,time,False,False,0.941510686313518,0.8915106863135179,15.0
2026-01-13 04:30:00+00:00,2026-01-13 04:31:00+00:00,2026-01-13 04:45:00+00:00,2026-01-13 05:00:01+00:00,2026-01-13 04:34:02+00:00,2026-01-13 04:34:03+00:00,2026-01-13 04:49:03+00:00,,,CONTEXT_GEOMETRIC,boom:CONTEXT_GEOMETRIC:2026-01-13T04:30:00+00:00,1,6679.489571428571,6680.135285714286,6677.875285714285,6683.041,6.457142857142896,6680.127,6694.601,completed,time,False,False,1.120774336283121,1.070774336283121,15.0
2026-01-13 06:30:00+00:00,2026-01-13 06:31:00+00:00,2026-01-13 06:45:00+00:00,2026-01-13 07:00:01+00:00,2026-01-13 06:34:08+00:00,2026-01-13 06:34:09+00:00,2026-01-13 06:49:09+00:00,,,CONTEXT_GEOMETRIC,boom:CONTEXT_GEOMETRIC:2026-01-13T06:30:00+00:00,1,6694.402832142858,6695.005953571429,6692.895028571429,6697.72,6.031214285714278,6694.999,6684.654,completed,time,False,False,-0.8576216587514419,-0.907621658751442,15.0
2026-01-13 13:30:00+00:00,2026-01-13 13:31:00+00:00,2026-01-13 13:45:00+00:00,2026-01-13 14:00:01+00:00,2026-01-13 13:35:12+00:00,2026-01-13 13:35:13+00:00,2026-01-13 13:50:13+00:00,,,CONTEXT_GEOMETRIC,boom:CONTEXT_GEOMETRIC:2026-01-13T13:30:00+00:00,1,6720.976796428572,6721.769560714286,6718.994885714286,6725.337,7.927642857142928,6721.747,6711.589,completed,time,False,False,-0.6406696279744643,-0.6906696279744643,15.0
2026-01-13 14:30:00+00:00,2026-01-13 14:31:00+00:00,2026-01-13 14:45:00+00:00,2026-01-13 15:00:01+00:00,2026-01-13 14:38:11+00:00,2026-01-13 14:38:12+00:00,2026-01-13 14:53:12+00:00,,,CONTEXT_GEOMETRIC,boom:CONTEXT_GEOMETRIC:2026-01-13T14:30:00+00:00,1,6708.971792857144,6709.534921428572,6707.563971428572,6712.069,5.631285714285696,6709.521,6699.702,completed,time,False,False,-0.871825769299028,-0.921825769299028,15.0
2026-01-13 18:00:00+00:00,2026-01-13 18:01:00+00:00,2026-01-13 18:15:00+00:00,2026-01-13 18:30:01+00:00,2026-01-13 18:08:12+00:00,2026-01-13 18:08:13+00:00,2026-01-13 18:23:13+00:00,,,CONTEXT_GEOMETRIC,boom:CONTEXT_GEOMETRIC:2026-01-13T18:00:00+00:00,1,6681.577353571428,6682.143289285714,6680.162514285714,6684.69,5.659357142857126,6682.131,6681.1,completed,time,False,False,-0.09108808420945924,-0.14108808420945923,15.0
2026-01-16 12:00:00+00:00,2026-01-16 12:01:00+00:00,2026-01-16 12:15:00+00:00,2026-01-16 12:30:01+00:00,2026-01-16 12:05:49+00:00,2026-01-16 12:05:50+00:00,2026-01-16 12:20:50+00:00,,,CONTEXT_GEOMETRIC,boom:CONTEXT_GEOMETRIC:2026-01-16T12:00:00+00:00,1,6343.879153571428,6344.639489285714,6341.978314285714,6348.061,7.603357142857151,6344.611,6360.403,completed,time,False,False,1.038488637537953,0.9884886375379529,15.0
2026-01-16 17:00:00+00:00,2026-01-16 17:01:00+00:00,2026-01-16 17:15:00+00:00,2026-01-16 17:30:01+00:00,2026-01-16 17:04:22+00:00,2026-01-16 17:04:23+00:00,2026-01-16 17:19:23+00:00,,,CONTEXT_GEOMETRIC,boom:CONTEXT_GEOMETRIC:2026-01-16T17:00:00+00:00,1,6367.4958964285715,6368.076460714286,6366.044485714286,6370.689,5.805642857142759,6368.051,6358.135,completed,time,False,False,-0.8539967273219693,-0.9039967273219693,15.0
2026-01-17 00:30:00+00:00,2026-01-17 00:31:00+00:00,2026-01-17 00:45:00+00:00,2026-01-17 01:00:01+00:00,2026-01-17 00:33:48+00:00,2026-01-17 00:33:49+00:00,2026-01-17 00:48:49+00:00,,,CONTEXT_GEOMETRIC,boom:CONTEXT_GEOMETRIC:2026-01-17T00:30:00+00:00,1,6384.819771428572,6385.347085714286,6383.501485714286,6387.72,5.27314285714283,6385.33,6375.439,completed,time,False,False,-0.9378657347203851,-0.9878657347203852,15.0
2026-01-17 02:30:00+00:00,2026-01-17 02:31:00+00:00,2026-01-17 02:45:00+00:00,2026-01-17 03:00:01+00:00,2026-01-17 02:33:14+00:00,2026-01-17 02:33:15+00:00,2026-01-17 02:46:54+00:00,2026-01-17 02:46:53+00:00,,CONTEXT_GEOMETRIC,boom:CONTEXT_GEOMETRIC:2026-01-17T02:30:00+00:00,1,6362.658585714285,6363.1068428571425,6361.537942857142,6365.124,4.482571428571516,6363.096,6354.089,completed,sl,False,False,-1.0046688762826825,-1.0546688762826826,13.65
2026-01-17 15:30:00+00:00,2026-01-17 15:31:00+00:00,2026-01-17 15:45:00+00:00,2026-01-17 16:00:01+00:00,2026-01-17 15:33:56+00:00,2026-01-17 15:33:57+00:00,2026-01-17 15:48:57+00:00,,,CONTEXT_GEOMETRIC,boom:CONTEXT_GEOMETRIC:2026-01-17T15:30:00+00:00,1,6447.858471428571,6448.476385714285,6446.313685714285,6451.257,6.179142857142779,6448.45,6445.906,completed,time,False,False,-0.20585379386876715,-0.25585379386876717,15.0
2026-01-19 22:30:00+00:00,2026-01-19 22:31:00+00:00,2026-01-19 22:45:00+00:00,2026-01-19 23:00:01+00:00,2026-01-19 22:33:44+00:00,2026-01-19 22:33:45+00:00,2026-01-19 22:48:45+00:00,,,CONTEXT_GEOMETRIC,boom:CONTEXT_GEOMETRIC:2026-01-19T22:30:00+00:00,1,6318.523675,6319.0968250000005,6317.0908,6321.676,5.731499999999934,6319.084,6337.183,completed,time,False,False,1.5789060455378494,1.5289060455378494,15.0
2026-01-20 04:30:00+00:00,2026-01-20 04:31:00+00:00,2026-01-20 04:45:00+00:00,2026-01-20 05:00:01+00:00,2026-01-20 04:32:56+00:00,2026-01-20 04:32:57+00:00,2026-01-20 04:47:57+00:00,,,CONTEXT_GEOMETRIC,boom:CONTEXT_GEOMETRIC:2026-01-20T04:30:00+00:00,1,6356.859103571429,6357.274539285714,6355.820514285715,6359.144,4.154357142857082,6357.247,6360.121,completed,time,False,False,0.34590189302107716,0.29590189302107717,15.0
2026-01-20 15:00:00+00:00,2026-01-20 15:01:00+00:00,2026-01-20 15:15:00+00:00,2026-01-20 15:30:01+00:00,2026-01-20 15:03:58+00:00,2026-01-20 15:03:59+00:00,2026-01-20 15:18:59+00:00,,,CONTEXT_GEOMETRIC,boom:CONTEXT_GEOMETRIC:2026-01-20T15:00:00+00:00,1,6401.052439285714,6401.641632142857,6399.579457142857,6404.293,5.891928571428577,6401.61,6425.289,completed,time,False,False,2.0094439123740764,1.9594439123740763,15.0
2026-01-20 15:30:00+00:00,2026-01-20 15:31:00+00:00,2026-01-20 15:45:00+00:00,2026-01-20 16:00:01+00:00,2026-01-20 15:35:07+00:00,2026-01-20 15:35:08+00:00,2026-01-20 15:50:08+00:00,,,CONTEXT_GEOMETRIC,boom:CONTEXT_GEOMETRIC:2026-01-20T15:30:00+00:00,1,6424.603267857143,6425.333946428572,6422.7765714285715,6428.622,7.306785714285719,6425.315,6441.861,completed,time,False,False,1.1322352021115583,1.0822352021115582,15.0
2026-01-20 16:00:00+00:00,2026-01-20 16:01:00+00:00,2026-01-20 16:15:00+00:00,2026-01-20 16:30:01+00:00,2026-01-20 16:12:11+00:00,2026-01-20 16:12:12+00:00,2026-01-20 16:27:12+00:00,,,CONTEXT_GEOMETRIC,boom:CONTEXT_GEOMETRIC:2026-01-20T16:00:00+00:00,1,6442.808846428572,6443.582510714286,6440.874685714286,6447.064,7.736642857142864,6443.56,6433.981,completed,time,False,False,-0.6190669633377746,-0.6690669633377746,15.0
2026-01-20 20:00:00+00:00,2026-01-20 20:01:00+00:00,2026-01-20 20:15:00+00:00,2026-01-20 20:30:01+00:00,2026-01-20 20:04:23+00:00,2026-01-20 20:04:24+00:00,2026-01-20 20:19:24+00:00,,,CONTEXT_GEOMETRIC,boom:CONTEXT_GEOMETRIC:2026-01-20T20:00:00+00:00,1,6464.033125,6464.676375,6462.425,6467.571,6.432499999999956,6464.661,6474.133,completed,time,False,False,0.7362611737271526,0.6862611737271526,15.0
2026-01-22 00:00:00+00:00,2026-01-22 00:01:00+00:00,2026-01-22 00:15:00+00:00,2026-01-22 00:30:01+00:00,2026-01-22 00:05:29+00:00,2026-01-22 00:05:30+00:00,2026-01-22 00:20:30+00:00,,,CONTEXT_GEOMETRIC,boom:CONTEXT_GEOMETRIC:2026-01-22T00:00:00+00:00,1,6355.786342857143,6356.575371428572,6353.813771428571,6360.126,7.89028571428571,6356.552,6361.768,completed,time,False,False,0.3305330243337419,0.2805330243337419,15.0
2026-01-22 00:30:00+00:00,2026-01-22 00:31:00+00:00,2026-01-22 00:45:00+00:00,2026-01-22 01:00:01+00:00,2026-01-22 00:34:30+00:00,2026-01-22 00:34:31+00:00,2026-01-22 00:49:31+00:00,,,CONTEXT_GEOMETRIC,boom:CONTEXT_GEOMETRIC:2026-01-22T00:30:00+00:00,1,6362.543875,6363.208625,6360.8820000000005,6366.2,6.647499999999842,6363.178,6366.582,completed,time,False,False,0.2560361037984605,0.2060361037984605,15.0
2026-01-22 11:00:00+00:00,2026-01-22 11:01:00+00:00,2026-01-22 11:15:00+00:00,2026-01-22 11:30:01+00:00,2026-01-22 11:04:13+00:00,2026-01-22 11:04:14+00:00,2026-01-22 11:19:14+00:00,,,CONTEXT_GEOMETRIC,boom:CONTEXT_GEOMETRIC:2026-01-22T11:00:00+00:00,1,6417.506910714286,6418.092017857143,6416.044142857143,6420.725,5.851071428571491,6418.075,6430.218,completed,time,False,False,1.037673197827007,0.987673197827007,15.0
2026-01-24 04:30:00+00:00,2026-01-24 04:31:00+00:00,2026-01-24 04:45:00+00:00,2026-01-24 05:00:01+00:00,2026-01-24 04:34:46+00:00,2026-01-24 04:34:47+00:00,2026-01-24 04:49:47+00:00,,,CONTEXT_GEOMETRIC,boom:CONTEXT_GEOMETRIC:2026-01-24T04:30:00+00:00,1,6216.808039285715,6217.456032142857,6215.188057142857,6220.372,6.47992857142851,6217.435,6233.714,completed,time,False,False,1.2561095250167866,1.2061095250167866,15.0
2026-01-24 15:00:00+00:00,2026-01-24 15:01:00+00:00,2026-01-24 15:15:00+00:00,2026-01-24 15:30:01+00:00,2026-01-24 15:03:25+00:00,2026-01-24 15:03:26+00:00,2026-01-24 15:18:26+00:00,,,CONTEXT_GEOMETRIC,boom:CONTEXT_GEOMETRIC:2026-01-24T15:00:00+00:00,1,6181.194439285714,6181.661632142857,6180.026457142857,6183.764,4.671928571428647,6181.651,6191.721,completed,time,False,False,1.0777133945907444,1.0277133945907444,15.0
2026-01-25 10:30:00+00:00,2026-01-25 10:31:00+00:00,2026-01-25 10:45:00+00:00,2026-01-25 11:00:01+00:00,2026-01-25 10:33:55+00:00,2026-01-25 10:33:56+00:00,2026-01-25 10:48:56+00:00,,,CONTEXT_GEOMETRIC,boom:CONTEXT_GEOMETRIC:2026-01-25T10:30:00+00:00,1,6231.1091,6231.6509,6229.754599999999,6234.089,5.418000000000055,6231.636,6231.725,completed,time,False,False,0.0082133628645202,-0.0417866371354798,15.0
2026-01-25 11:00:00+00:00,2026-01-25 11:01:00+00:00,2026-01-25 11:15:00+00:00,2026-01-25 11:30:01+00:00,2026-01-25 11:03:01+00:00,2026-01-25 11:03:02+00:00,2026-01-25 11:18:02+00:00,,,CONTEXT_GEOMETRIC,boom:CONTEXT_GEOMETRIC:2026-01-25T11:00:00+00:00,1,6233.158125,6233.591375,6232.075,6235.541,4.332499999999982,6233.57,6236.365,completed,time,False,False,0.32256203115984816,0.2725620311598482,15.0
2026-01-25 12:00:00+00:00,2026-01-25 12:01:00+00:00,2026-01-25 12:15:00+00:00,2026-01-25 12:30:01+00:00,2026-01-25 12:03:35+00:00,2026-01-25 12:03:36+00:00,2026-01-25 12:18:36+00:00,,,CONTEXT_GEOMETRIC,boom:CONTEXT_GEOMETRIC:2026-01-25T12:00:00+00:00,1,6233.737385714286,6234.234042857143,6232.495742857142,6236.469,4.966571428571375,6234.219,6224.775,completed,time,False,False,-0.9507564862222231,-1.0007564862222231,15.0
2026-01-25 21:00:00+00:00,2026-01-25 21:01:00+00:00,2026-01-25 21:15:00+00:00,2026-01-25 21:30:01+00:00,2026-01-25 21:03:37+00:00,2026-01-25 21:03:38+00:00,2026-01-25 21:18:38+00:00,,,CONTEXT_GEOMETRIC,boom:CONTEXT_GEOMETRIC:2026-01-25T21:00:00+00:00,1,6201.135267857142,6201.611946428571,6199.943571428571,6203.757,4.7667857142857555,6201.607,6206.58,completed,time,False,False,0.5216303289128552,0.4716303289128552,15.0
2026-01-25 22:30:00+00:00,2026-01-25 22:31:00+00:00,2026-01-25 22:45:00+00:00,2026-01-25 23:00:01+00:00,2026-01-25 22:34:23+00:00,2026-01-25 22:34:24+00:00,2026-01-25 22:49:24+00:00,,,CONTEXT_GEOMETRIC,boom:CONTEXT_GEOMETRIC:2026-01-25T22:30:00+00:00,1,6225.523828571429,6226.155314285715,6223.945114285714,6228.997,6.314857142857103,6226.137,6220.065,completed,time,False,False,-0.4807709709528672,-0.5307709709528672,15.0
2026-01-26 16:00:00+00:00,2026-01-26 16:01:00+00:00,2026-01-26 16:15:00+00:00,2026-01-26 16:30:01+00:00,2026-01-26 16:04:30+00:00,2026-01-26 16:04:31+00:00,2026-01-26 16:19:31+00:00,,,CONTEXT_GEOMETRIC,boom:CONTEXT_GEOMETRIC:2026-01-26T16:00:00+00:00,1,6163.932321428571,6164.591535714286,6162.284285714286,6167.558,6.59214285714279,6164.571,6164.213,completed,time,False,False,-0.027153537761417792,-0.0771535377614178,15.0
2026-01-26 23:00:00+00:00,2026-01-26 23:01:00+00:00,2026-01-26 23:15:00+00:00,2026-01-26 23:30:01+00:00,2026-01-26 23:04:46+00:00,2026-01-26 23:04:47+00:00,2026-01-26 23:19:47+00:00,,,CONTEXT_GEOMETRIC,boom:CONTEXT_GEOMETRIC:2026-01-26T23:00:00+00:00,1,6225.24205,6225.93495,6223.5098,6229.053,6.928999999999958,6225.923,6220.436,completed,time,False,False,-0.3959445807475908,-0.4459445807475908,15.0
2026-01-27 17:00:00+00:00,2026-01-27 17:01:00+00:00,2026-01-27 17:15:00+00:00,2026-01-27 17:30:01+00:00,2026-01-27 17:03:10+00:00,2026-01-27 17:03:11+00:00,2026-01-27 17:18:11+00:00,,,CONTEXT_GEOMETRIC,boom:CONTEXT_GEOMETRIC:2026-01-27T17:00:00+00:00,1,6226.176682142857,6226.6291035714285,6225.045628571429,6228.665,4.524214285714087,6226.616,6225.22,completed,time,False,False,-0.15428093275862495,-0.20428093275862497,15.0
2026-01-29 04:00:00+00:00,2026-01-29 04:01:00+00:00,2026-01-29 04:15:00+00:00,2026-01-29 04:30:01+00:00,2026-01-29 04:03:48+00:00,2026-01-29 04:03:49+00:00,2026-01-29 04:18:49+00:00,,,CONTEXT_GEOMETRIC,boom:CONTEXT_GEOMETRIC:2026-01-29T04:00:00+00:00,1,5983.367739285714,5983.864332142857,5982.126257142857,5986.099,4.965928571428516,5983.848,5975.278,completed,time,False,False,-0.8628799102455106,-0.9128799102455106,15.0
2026-01-29 13:30:00+00:00,2026-01-29 13:31:00+00:00,2026-01-29 13:45:00+00:00,2026-01-29 14:00:01+00:00,2026-01-29 13:39:08+00:00,2026-01-29 13:39:09+00:00,2026-01-29 13:54:09+00:00,,,CONTEXT_GEOMETRIC,boom:CONTEXT_GEOMETRIC:2026-01-29T13:30:00+00:00,1,6001.188857142857,6001.709428571428,5999.887428571428,6004.052,5.205714285714358,6001.689,6006.89,completed,time,False,False,0.499547200878151,0.44954720087815103,15.0
2026-01-29 14:30:00+00:00,2026-01-29 14:31:00+00:00,2026-01-29 14:45:00+00:00,2026-01-29 15:00:01+00:00,2026-01-29 14:33:17+00:00,2026-01-29 14:33:18+00:00,2026-01-29 14:48:18+00:00,,,CONTEXT_GEOMETRIC,boom:CONTEXT_GEOMETRIC:2026-01-29T14:30:00+00:00,1,5996.812564285715,5997.239007142857,5995.746457142857,5999.158,4.2644285714286525,5997.23,5996.025,completed,time,False,False,-0.14128504907707162,-0.1912850490770716,15.0
2026-01-29 15:00:00+00:00,2026-01-29 15:01:00+00:00,2026-01-29 15:15:00+00:00,2026-01-29 15:30:01+00:00,2026-01-29 15:03:44+00:00,2026-01-29 15:03:45+00:00,2026-01-29 15:18:45+00:00,,,CONTEXT_GEOMETRIC,boom:CONTEXT_GEOMETRIC:2026-01-29T15:00:00+00:00,1,6008.669817857143,6009.206396428572,6007.328371428572,6011.621,5.365785714285656,6009.188,6000.042,completed,time,False,False,-0.8522517005896993,-0.9022517005896994,15.0
2026-01-30 08:00:00+00:00,2026-01-30 08:01:00+00:00,2026-01-30 08:15:00+00:00,2026-01-30 08:30:01+00:00,2026-01-30 08:04:26+00:00,2026-01-30 08:04:27+00:00,2026-01-30 08:19:27+00:00,,,CONTEXT_GEOMETRIC,boom:CONTEXT_GEOMETRIC:2026-01-30T08:00:00+00:00,1,6001.371710714286,6001.951217857143,5999.9229428571425,6004.559,5.795071428571386,6001.928,6003.263,completed,time,False,False,0.11518408499834001,0.06518408499834001,15.0
2026-01-30 10:00:00+00:00,2026-01-30 10:01:00+00:00,2026-01-30 10:15:00+00:00,2026-01-30 10:30:01+00:00,2026-01-30 10:03:54+00:00,2026-01-30 10:03:55+00:00,2026-01-30 10:18:55+00:00,,,CONTEXT_GEOMETRIC,boom:CONTEXT_GEOMETRIC:2026-01-30T10:00:00+00:00,1,6001.915075,6002.453425000001,6000.5692,6004.876,5.3834999999999775,6002.434,6000.217,completed,time,False,False,-0.20590693786575298,-0.25590693786575297,15.0
2026-01-30 11:00:00+00:00,2026-01-30 11:01:00+00:00,2026-01-30 11:15:00+00:00,2026-01-30 11:30:01+00:00,2026-01-30 11:05:35+00:00,2026-01-30 11:05:36+00:00,2026-01-30 11:20:36+00:00,,,CONTEXT_GEOMETRIC,boom:CONTEXT_GEOMETRIC:2026-01-30T11:00:00+00:00,1,6031.684803571428,6032.440839285714,6029.794714285714,6035.843,7.560357142857031,6032.423,6028.634,completed,time,False,False,-0.2505834002550778,-0.3005834002550778,15.0
2026-01-30 14:30:00+00:00,2026-01-30 14:31:00+00:00,2026-01-30 14:45:00+00:00,2026-01-30 15:00:01+00:00,2026-01-30 14:33:15+00:00,2026-01-30 14:33:16+00:00,2026-01-30 14:47:28+00:00,2026-01-30 14:47:27+00:00,,CONTEXT_GEOMETRIC,boom:CONTEXT_GEOMETRIC:2026-01-30T14:30:00+00:00,1,5988.0091,5988.430899999999,5986.9546,5990.329,4.217999999999912,5988.401,5979.935,completed,sl,False,False,-1.0035561877666686,-1.0535561877666686,14.2
2026-01-30 23:00:00+00:00,2026-01-30 23:01:00+00:00,2026-01-30 23:15:00+00:00,2026-01-30 23:30:01+00:00,2026-01-30 23:10:05+00:00,2026-01-30 23:10:06+00:00,2026-01-30 23:25:06+00:00,,,CONTEXT_GEOMETRIC,boom:CONTEXT_GEOMETRIC:2026-01-30T23:00:00+00:00,1,6080.342082142857,6081.147703571429,6078.328028571428,6084.773,8.056214285714304,6081.133,6071.838,completed,time,False,False,-0.5768838607286333,-0.6268838607286333,15.0
2026-01-31 03:00:00+00:00,2026-01-31 03:01:00+00:00,2026-01-31 03:15:00+00:00,2026-01-31 03:30:01+00:00,2026-01-31 03:03:14+00:00,2026-01-31 03:03:15+00:00,2026-01-31 03:18:15+00:00,,,CONTEXT_GEOMETRIC,boom:CONTEXT_GEOMETRIC:2026-01-31T03:00:00+00:00,1,6044.1152,6044.5527999999995,6043.0212,6046.522,4.376000000000009,6044.52,6050.703,completed,time,False,False,0.7064670932358295,0.6564670932358294,15.0
2026-01-31 04:30:00+00:00,2026-01-31 04:31:00+00:00,2026-01-31 04:45:00+00:00,2026-01-31 05:00:01+00:00,2026-01-31 04:34:16+00:00,2026-01-31 04:34:17+00:00,2026-01-31 04:49:17+00:00,,,CONTEXT_GEOMETRIC,boom:CONTEXT_GEOMETRIC:2026-01-31T04:30:00+00:00,1,6070.686371428572,6071.256485714286,6069.261085714286,6073.822,5.701142857142778,6071.238,6062.145,completed,time,False,False,-0.7974716848752107,-0.8474716848752107,15.0
2026-01-31 07:00:00+00:00,2026-01-31 07:01:00+00:00,2026-01-31 07:15:00+00:00,2026-01-31 07:30:01+00:00,2026-01-31 07:05:34+00:00,2026-01-31 07:05:35+00:00,2026-01-31 07:20:35+00:00,,,CONTEXT_GEOMETRIC,boom:CONTEXT_GEOMETRIC:2026-01-31T07:00:00+00:00,1,6087.861853571429,6088.626789285715,6085.949514285714,6092.069,7.649357142857168,6088.609,6079.439,completed,time,False,False,-0.599396774705627,-0.6493967747056271,15.0
2026-02-01 05:00:00+00:00,2026-02-01 05:01:00+00:00,2026-02-01 05:15:00+00:00,2026-02-01 05:30:01+00:00,2026-02-01 05:04:07+00:00,2026-02-01 05:04:08+00:00,2026-02-01 05:19:08+00:00,,,CONTEXT_GEOMETRIC,boom:CONTEXT_GEOMETRIC:2026-02-01T05:00:00+00:00,1,5986.6239428571425,5987.147771428571,5985.314371428571,5989.505,5.238285714285796,5987.13,5989.806,completed,time,False,False,0.25542707537902315,0.20542707537902316,15.0
2026-02-01 07:30:00+00:00,2026-02-01 07:31:00+00:00,2026-02-01 07:45:00+00:00,2026-02-01 08:00:01+00:00,2026-02-01 07:33:27+00:00,2026-02-01 07:33:28+00:00,2026-02-01 07:48:28+00:00,,,CONTEXT_GEOMETRIC,boom:CONTEXT_GEOMETRIC:2026-02-01T07:30:00+00:00,1,5980.319335714285,5980.805092857143,5979.104942857142,5982.991,4.857571428571451,5980.79,5978.092,completed,time,False,False,-0.27771079022442363,-0.3277107902244236,15.0
2026-02-01 20:00:00+00:00,2026-02-01 20:01:00+00:00,2026-02-01 20:15:00+00:00,2026-02-01 20:30:01+00:00,2026-02-01 20:04:31+00:00,2026-02-01 20:04:32+00:00,2026-02-01 20:19:32+00:00,,,CONTEXT_GEOMETRIC,boom:CONTEXT_GEOMETRIC:2026-02-01T20:00:00+00:00,1,5937.632728571429,5938.236414285715,5936.123514285715,5940.953,6.036857142857116,5938.221,5929.401,completed,time,False,False,-0.7305125656680184,-0.7805125656680184,15.0
2026-02-02 09:30:00+00:00,2026-02-02 09:31:00+00:00,2026-02-02 09:45:00+00:00,2026-02-02 10:00:01+00:00,2026-02-02 09:35:45+00:00,2026-02-02 09:35:46+00:00,2026-02-02 09:50:46+00:00,,,CONTEXT_GEOMETRIC,boom:CONTEXT_GEOMETRIC:2026-02-02T09:30:00+00:00,1,6012.318217857143,6013.051996428571,6010.483771428572,6016.354,7.337785714285734,6013.026,6015.638,completed,time,False,False,0.17798284807601078,0.1279828480760108,15.0
2026-02-02 11:00:00+00:00,2026-02-02 11:01:00+00:00,2026-02-02 11:15:00+00:00,2026-02-02 11:30:01+00:00,2026-02-02 11:03:53+00:00,2026-02-02 11:03:54+00:00,2026-02-02 11:18:54+00:00,,,CONTEXT_GEOMETRIC,boom:CONTEXT_GEOMETRIC:2026-02-02T11:00:00+00:00,1,6016.674596428571,6017.175760714285,6015.421685714286,6019.431,5.0116428571427605,6017.162,6027.673,completed,time,False,False,1.0486581246525664,0.9986581246525663,15.0
2026-02-02 13:00:00+00:00,2026-02-02 13:01:00+00:00,2026-02-02 13:15:00+00:00,2026-02-02 13:30:01+00:00,2026-02-02 13:04:48+00:00,2026-02-02 13:04:49+00:00,2026-02-02 13:19:49+00:00,,,CONTEXT_GEOMETRIC,boom:CONTEXT_GEOMETRIC:2026-02-02T13:00:00+00:00,1,6049.337696428572,6050.002660714285,6047.675285714286,6052.995,6.64964285714281,6049.987,6054.664,completed,time,False,False,0.35167302218162083,0.30167302218162084,15.0
2026-02-02 13:30:00+00:00,2026-02-02 13:31:00+00:00,2026-02-02 13:45:00+00:00,2026-02-02 14:00:01+00:00,2026-02-02 13:35:27+00:00,2026-02-02 13:35:28+00:00,2026-02-02 13:50:28+00:00,,,CONTEXT_GEOMETRIC,boom:CONTEXT_GEOMETRIC:2026-02-02T13:30:00+00:00,1,6057.654257142857,6058.4280285714285,6055.7198285714285,6061.91,7.737714285714056,6058.404,6051.488,completed,time,False,False,-0.4469020013293203,-0.4969020013293203,15.0
2026-02-03 11:00:00+00:00,2026-02-03 11:01:00+00:00,2026-02-03 11:15:00+00:00,2026-02-03 11:30:01+00:00,2026-02-03 11:03:29+00:00,2026-02-03 11:03:30+00:00,2026-02-03 11:18:30+00:00,,,CONTEXT_GEOMETRIC,boom:CONTEXT_GEOMETRIC:2026-02-03T11:00:00+00:00,1,5904.901342857143,5905.406371428571,5903.638771428572,5907.679,5.050285714285694,5905.4,5914.33,completed,time,False,False,0.8841083955646397,0.8341083955646397,15.0
2026-02-03 13:00:00+00:00,2026-02-03 13:01:00+00:00,2026-02-03 13:15:00+00:00,2026-02-03 13:30:01+00:00,2026-02-03 13:03:55+00:00,2026-02-03 13:03:56+00:00,2026-02-03 13:18:56+00:00,,,CONTEXT_GEOMETRIC,boom:CONTEXT_GEOMETRIC:2026-02-03T13:00:00+00:00,1,5941.259171428572,5941.773685714285,5939.972885714286,5944.089,5.145142857142868,5941.767,5932.325,completed,time,False,False,-0.9175644158151921,-0.9675644158151921,15.0
2026-02-03 15:00:00+00:00,2026-02-03 15:01:00+00:00,2026-02-03 15:15:00+00:00,2026-02-03 15:30:01+00:00,2026-02-03 15:04:19+00:00,2026-02-03 15:04:20+00:00,2026-02-03 15:19:20+00:00,,,CONTEXT_GEOMETRIC,boom:CONTEXT_GEOMETRIC:2026-02-03T15:00:00+00:00,1,5916.612317857143,5917.127896428572,5915.323371428572,5919.448,5.1557857142857495,5917.121,5908.965,completed,time,False,False,-0.79095606877155,-0.84095606877155,15.0
2026-02-03 20:00:00+00:00,2026-02-03 20:01:00+00:00,2026-02-03 20:15:00+00:00,2026-02-03 20:30:01+00:00,2026-02-03 20:03:54+00:00,2026-02-03 20:03:55+00:00,2026-02-03 20:18:55+00:00,,,CONTEXT_GEOMETRIC,boom:CONTEXT_GEOMETRIC:2026-02-03T20:00:00+00:00,1,5908.550325,5909.047175000001,5907.3082,5911.283,4.968500000000079,5909.021,5907.343,completed,time,False,False,-0.16886384220588277,-0.21886384220588279,15.0
2026-02-04 00:30:00+00:00,2026-02-04 00:31:00+00:00,2026-02-04 00:45:00+00:00,2026-02-04 01:00:01+00:00,2026-02-04 00:35:03+00:00,2026-02-04 00:35:04+00:00,2026-02-04 00:50:04+00:00,,,CONTEXT_GEOMETRIC,boom:CONTEXT_GEOMETRIC:2026-02-04T00:30:00+00:00,1,5944.832096428571,5945.518260714285,5943.116685714285,5948.606,6.86164285714293,5945.498,5940.7,completed,time,False,False,-0.34962472544057616,-0.39962472544057615,15.0
2026-02-05 03:00:00+00:00,2026-02-05 03:01:00+00:00,2026-02-05 03:15:00+00:00,2026-02-05 03:30:01+00:00,2026-02-05 03:04:25+00:00,2026-02-05 03:04:26+00:00,2026-02-05 03:19:26+00:00,,,CONTEXT_GEOMETRIC,boom:CONTEXT_GEOMETRIC:2026-02-05T03:00:00+00:00,1,5928.386092857143,5928.968621428571,5926.929771428571,5931.59,5.825285714285656,5928.947,5954.671,completed,time,False,False,2.207960369816354,2.157960369816354,15.0
2026-02-06 04:00:00+00:00,2026-02-06 04:01:00+00:00,2026-02-06 04:15:00+00:00,2026-02-06 04:30:01+00:00,2026-02-06 04:04:20+00:00,2026-02-06 04:04:21+00:00,2026-02-06 04:19:21+00:00,,,CONTEXT_GEOMETRIC,boom:CONTEXT_GEOMETRIC:2026-02-06T04:00:00+00:00,1,5760.984957142858,5761.511328571429,5759.669028571429,5763.88,5.263714285714351,5761.498,5753.134,completed,time,False,False,-0.7944960104217055,-0.8444960104217055,15.0
2026-02-06 13:00:00+00:00,2026-02-06 13:01:00+00:00,2026-02-06 13:15:00+00:00,2026-02-06 13:30:01+00:00,2026-02-06 13:04:08+00:00,2026-02-06 13:04:09+00:00,2026-02-06 13:19:09+00:00,,,CONTEXT_GEOMETRIC,boom:CONTEXT_GEOMETRIC:2026-02-06T13:00:00+00:00,1,5774.804471428572,5775.372385714286,5773.384685714286,5777.928,5.679142857142908,5775.361,5767.146,completed,time,False,False,-0.7232605523972493,-0.7732605523972493,15.0
2026-02-07 02:00:00+00:00,2026-02-07 02:01:00+00:00,2026-02-07 02:15:00+00:00,2026-02-07 02:30:01+00:00,2026-02-07 02:03:57+00:00,2026-02-07 02:03:58+00:00,2026-02-07 02:18:58+00:00,,,CONTEXT_GEOMETRIC,boom:CONTEXT_GEOMETRIC:2026-02-07T02:00:00+00:00,1,5766.153614285715,5766.646957142857,5764.920257142858,5768.867,4.9334285714285215,5766.641,5758.178,completed,time,False,False,-0.8577199281866966,-0.9077199281866967,15.0
2026-02-08 03:00:00+00:00,2026-02-08 03:01:00+00:00,2026-02-08 03:15:00+00:00,2026-02-08 03:30:01+00:00,2026-02-08 03:05:05+00:00,2026-02-08 03:05:06+00:00,2026-02-08 03:20:06+00:00,,,CONTEXT_GEOMETRIC,boom:CONTEXT_GEOMETRIC:2026-02-08T03:00:00+00:00,1,5829.118535714286,5829.751892857143,5827.535142857143,5832.602,6.3335714285714335,5829.748,5827.151,completed,time,False,False,-0.2050186083229757,-0.2550186083229757,15.0
2026-02-08 03:30:00+00:00,2026-02-08 03:31:00+00:00,2026-02-08 03:45:00+00:00,2026-02-08 04:00:01+00:00,2026-02-08 03:42:53+00:00,2026-02-08 03:42:54+00:00,2026-02-08 03:57:54+00:00,,,CONTEXT_GEOMETRIC,boom:CONTEXT_GEOMETRIC:2026-02-08T03:30:00+00:00,1,5827.064221428572,5827.6696357142855,5825.550685714286,5830.394,6.054142857142908,5827.662,5819.191,completed,time,False,False,-0.699603577243478,-0.749603577243478,15.0
2026-02-08 05:00:00+00:00,2026-02-08 05:01:00+00:00,2026-02-08 05:15:00+00:00,2026-02-08 05:30:01+00:00,2026-02-08 05:03:48+00:00,2026-02-08 05:03:49+00:00,2026-02-08 05:18:49+00:00,,,CONTEXT_GEOMETRIC,boom:CONTEXT_GEOMETRIC:2026-02-08T05:00:00+00:00,1,5816.993153571429,5817.459489285714,5815.827314285714,5819.558,4.663357142857227,5817.424,5808.829,completed,time,False,False,-0.9215464028060824,-0.9715464028060824,15.0
2026-02-08 19:30:00+00:00,2026-02-08 19:31:00+00:00,2026-02-08 19:45:00+00:00,2026-02-08 20:00:01+00:00,2026-02-08 19:35:07+00:00,2026-02-08 19:35:08+00:00,2026-02-08 19:50:08+00:00,,,CONTEXT_GEOMETRIC,boom:CONTEXT_GEOMETRIC:2026-02-08T19:30:00+00:00,1,5698.059989285714,5698.703082142857,5696.452257142857,5701.597,6.430928571428597,5698.684,5706.954,completed,time,False,False,0.6429864605199922,0.5929864605199922,15.0
2026-02-09 04:00:00+00:00,2026-02-09 04:01:00+00:00,2026-02-09 04:15:00+00:00,2026-02-09 04:30:01+00:00,2026-02-09 04:05:12+00:00,2026-02-09 04:05:13+00:00,2026-02-09 04:20:13+00:00,,,CONTEXT_GEOMETRIC,boom:CONTEXT_GEOMETRIC:2026-02-09T04:00:00+00:00,1,5724.690003571428,5725.321639285714,5723.110914285714,5728.164,6.316357142857214,5725.305,5716.714,completed,time,False,False,-0.6800597089190398,-0.7300597089190398,15.0
2026-02-09 10:00:00+00:00,2026-02-09 10:01:00+00:00,2026-02-09 10:15:00+00:00,2026-02-09 10:30:01+00:00,2026-02-09 10:05:19+00:00,2026-02-09 10:05:20+00:00,2026-02-09 10:20:20+00:00,,,CONTEXT_GEOMETRIC,boom:CONTEXT_GEOMETRIC:2026-02-09T10:00:00+00:00,1,5762.25915,5762.9698499999995,5760.4824,5766.168,7.107000000000165,5762.965,5754.004,completed,time,False,False,-0.6304347826086979,-0.6804347826086979,15.0
2026-02-09 12:00:00+00:00,2026-02-09 12:01:00+00:00,2026-02-09 12:15:00+00:00,2026-02-09 12:30:01+00:00,2026-02-09 12:04:19+00:00,2026-02-09 12:04:20+00:00,2026-02-09 12:19:20+00:00,,,CONTEXT_GEOMETRIC,boom:CONTEXT_GEOMETRIC:2026-02-09T12:00:00+00:00,1,5755.917203571428,5756.4824392857145,5754.5041142857135,5759.026,5.652357142857064,5756.471,5753.931,completed,time,False,False,-0.2246850239470258,-0.2746850239470258,15.0
2026-02-09 19:00:00+00:00,2026-02-09 19:01:00+00:00,2026-02-09 19:15:00+00:00,2026-02-09 19:30:01+00:00,2026-02-09 19:03:32+00:00,2026-02-09 19:03:33+00:00,2026-02-09 19:18:33+00:00,,,CONTEXT_GEOMETRIC,boom:CONTEXT_GEOMETRIC:2026-02-09T19:00:00+00:00,1,5787.6559,5788.0941,5786.560399999999,5790.066,4.381999999999997,5788.09,5788.708,completed,time,False,False,0.07051574623453717,0.02051574623453717,15.0
2026-02-10 06:30:00+00:00,2026-02-10 06:31:00+00:00,2026-02-10 06:45:00+00:00,2026-02-10 07:00:01+00:00,2026-02-10 06:32:58+00:00,2026-02-10 06:32:59+00:00,2026-02-10 06:47:59+00:00,,,CONTEXT_GEOMETRIC,boom:CONTEXT_GEOMETRIC:2026-02-10T06:30:00+00:00,1,5851.668157142857,5852.0701285714285,5850.663228571429,5853.879,4.019714285714274,5852.063,5868.716,completed,time,False,False,2.0714158788826866,2.021415878882687,15.0
2026-02-10 07:30:00+00:00,2026-02-10 07:31:00+00:00,2026-02-10 07:45:00+00:00,2026-02-10 08:00:01+00:00,2026-02-10 07:34:22+00:00,2026-02-10 07:34:23+00:00,2026-02-10 07:49:23+00:00,,,CONTEXT_GEOMETRIC,boom:CONTEXT_GEOMETRIC:2026-02-10T07:30:00+00:00,1,5875.146439285714,5875.741632142857,5873.6584571428575,5878.42,5.951928571428588,5875.721,5878.629,completed,time,False,False,0.24429056608305158,0.19429056608305156,15.0
2026-02-10 08:30:00+00:00,2026-02-10 08:31:00+00:00,2026-02-10 08:45:00+00:00,2026-02-10 09:00:01+00:00,2026-02-10 08:34:00+00:00,2026-02-10 08:34:01+00:00,2026-02-10 08:49:01+00:00,,,CONTEXT_GEOMETRIC,boom:CONTEXT_GEOMETRIC:2026-02-10T08:30:00+00:00,1,5875.556071428571,5876.080785714285,5874.244285714285,5878.442,5.247142857143119,5876.061,5881.751,completed,time,False,False,0.5421998366458151,0.49219983664581507,15.0
2026-02-10 12:00:00+00:00,2026-02-10 12:01:00+00:00,2026-02-10 12:15:00+00:00,2026-02-10 12:30:01+00:00,2026-02-10 12:04:35+00:00,2026-02-10 12:04:36+00:00,2026-02-10 12:19:36+00:00,,,CONTEXT_GEOMETRIC,boom:CONTEXT_GEOMETRIC:2026-02-10T12:00:00+00:00,1,5878.632382142858,5879.243403571429,5877.10482857143,5881.993,6.110214285714262,5879.222,5870.474,completed,time,False,False,-0.715850507931653,-0.765850507931653,15.0
2026-02-11 03:30:00+00:00,2026-02-11 03:31:00+00:00,2026-02-11 03:45:00+00:00,2026-02-11 04:00:01+00:00,2026-02-11 03:34:26+00:00,2026-02-11 03:34:27+00:00,2026-02-11 03:49:27+00:00,,,CONTEXT_GEOMETRIC,boom:CONTEXT_GEOMETRIC:2026-02-11T03:30:00+00:00,1,5883.448071428571,5884.006785714286,5882.051285714285,5886.521,5.58714285714281,5883.985,5874.73,completed,time,False,False,-0.8282408591153325,-0.8782408591153326,15.0
2026-02-11 05:00:00+00:00,2026-02-11 05:01:00+00:00,2026-02-11 05:15:00+00:00,2026-02-11 05:30:01+00:00,2026-02-11 05:04:05+00:00,2026-02-11 05:04:06+00:00,2026-02-11 05:19:06+00:00,,,CONTEXT_GEOMETRIC,boom:CONTEXT_GEOMETRIC:2026-02-11T05:00:00+00:00,1,5884.808557142856,5885.331728571428,5883.500628571428,5887.686,5.231714285714198,5885.324,5884.363,completed,time,False,False,-0.09184370050782899,-0.141843700507829,15.0
