signal_time,activation_time,wait_end,maximum_end,touch_time,entry_time,exit_time,trigger_time,missing_time,variant,zone_id,side,zone_low,zone_high,invalidation,issue_price,atr,entry,exit,status,reason,censored,ambiguous,gross_R,net_R,holding_minutes
2026-04-07 14:00:00+00:00,2026-04-07 14:01:00+00:00,2026-04-07 14:15:00+00:00,2026-04-07 14:30:01+00:00,2026-04-07 14:07:09+00:00,2026-04-07 14:07:10+00:00,2026-04-07 14:22:10+00:00,,,CONTEXT_GEOMETRIC,boom:CONTEXT_GEOMETRIC:2026-04-07T14:00:00+00:00,1,6390.226232142857,6390.842553571429,6388.685428571428,6393.616,6.16321428571434,6390.837,6383.353,completed,time,False,False,-0.6071507214463949,-0.657150721446395,15.0
2026-04-10 00:00:00+00:00,2026-04-10 00:01:00+00:00,2026-04-10 00:15:00+00:00,2026-04-10 00:30:01+00:00,2026-04-10 00:03:34+00:00,2026-04-10 00:03:35+00:00,2026-04-10 00:18:35+00:00,,,CONTEXT_GEOMETRIC,boom:CONTEXT_GEOMETRIC:2026-04-10T00:00:00+00:00,1,6101.681864285714,6102.185707142858,6100.422257142857,6104.453,5.038428571428669,6102.157,6093.43,completed,time,False,False,-0.8660438345288759,-0.9160438345288759,15.0
2026-04-10 10:30:00+00:00,2026-04-10 10:31:00+00:00,2026-04-10 10:45:00+00:00,2026-04-10 11:00:01+00:00,2026-04-10 10:34:25+00:00,2026-04-10 10:34:26+00:00,2026-04-10 10:49:26+00:00,,,CONTEXT_GEOMETRIC,boom:CONTEXT_GEOMETRIC:2026-04-10T10:30:00+00:00,1,6116.368057142857,6117.016228571429,6114.747628571428,6119.933,6.481714285714263,6117.009,6111.097,completed,time,False,False,-0.4560521907784755,-0.5060521907784755,15.0
2026-04-10 11:30:00+00:00,2026-04-10 11:31:00+00:00,2026-04-10 11:45:00+00:00,2026-04-10 12:00:01+00:00,2026-04-10 11:32:57+00:00,2026-04-10 11:32:58+00:00,2026-04-10 11:47:14+00:00,2026-04-10 11:47:13+00:00,,CONTEXT_GEOMETRIC,boom:CONTEXT_GEOMETRIC:2026-04-10T11:30:00+00:00,1,6090.283428571428,6090.701714285714,6089.237714285714,6092.584,4.182857142857172,6090.688,6082.313,completed,sl,False,False,-1.0011099726775887,-1.0511099726775888,14.266666666666667
2026-04-12 14:00:00+00:00,2026-04-12 14:01:00+00:00,2026-04-12 14:15:00+00:00,2026-04-12 14:30:01+00:00,2026-04-12 14:04:41+00:00,2026-04-12 14:04:42+00:00,2026-04-12 14:19:42+00:00,,,CONTEXT_GEOMETRIC,boom:CONTEXT_GEOMETRIC:2026-04-12T14:00:00+00:00,1,5935.437667857143,5936.033546428572,5933.947971428572,5938.715,5.958785714285763,5936.023,5939.026,completed,time,False,False,0.25198086858537505,0.20198086858537506,15.0
2026-04-12 20:00:00+00:00,2026-04-12 20:01:00+00:00,2026-04-12 20:15:00+00:00,2026-04-12 20:30:01+00:00,2026-04-12 20:06:16+00:00,2026-04-12 20:06:17+00:00,2026-04-12 20:21:17+00:00,,,CONTEXT_GEOMETRIC,boom:CONTEXT_GEOMETRIC:2026-04-12T20:00:00+00:00,1,5931.679814285715,5932.266757142857,5930.212457142858,5934.908,5.8694285714284105,5932.228,5939.453,completed,time,False,False,0.6154772915348773,0.5654772915348772,15.0
2026-04-12 21:00:00+00:00,2026-04-12 21:01:00+00:00,2026-04-12 21:15:00+00:00,2026-04-12 21:30:01+00:00,2026-04-12 21:04:22+00:00,2026-04-12 21:04:23+00:00,2026-04-12 21:19:23+00:00,,,CONTEXT_GEOMETRIC,boom:CONTEXT_GEOMETRIC:2026-04-12T21:00:00+00:00,1,5942.090471428572,5942.640385714286,5940.715685714286,5945.115,5.499142857142813,5942.622,5937.116,completed,time,False,False,-0.5006234737881553,-0.5506234737881553,15.0
2026-04-12 22:00:00+00:00,2026-04-12 22:01:00+00:00,2026-04-12 22:15:00+00:00,2026-04-12 22:30:01+00:00,2026-04-12 22:05:26+00:00,2026-04-12 22:05:27+00:00,2026-04-12 22:20:27+00:00,,,CONTEXT_GEOMETRIC,boom:CONTEXT_GEOMETRIC:2026-04-12T22:00:00+00:00,1,5974.454646428571,5975.144710714286,5972.729485714286,5978.25,6.9006428571427545,5975.131,5966.204,completed,time,False,False,-0.6468237948845869,-0.6968237948845869,15.0
2026-04-12 22:30:00+00:00,2026-04-12 22:31:00+00:00,2026-04-12 22:45:00+00:00,2026-04-12 23:00:01+00:00,2026-04-12 22:34:50+00:00,2026-04-12 22:34:51+00:00,2026-04-12 22:49:51+00:00,,,CONTEXT_GEOMETRIC,boom:CONTEXT_GEOMETRIC:2026-04-12T22:30:00+00:00,1,5961.601049999999,5962.22595,5960.038799999999,5965.038,6.248999999999991,5962.213,5970.735,completed,time,False,False,0.6818690990558447,0.6318690990558447,15.0
2026-04-13 11:00:00+00:00,2026-04-13 11:01:00+00:00,2026-04-13 11:15:00+00:00,2026-04-13 11:30:01+00:00,2026-04-13 11:05:01+00:00,2026-04-13 11:05:02+00:00,2026-04-13 11:20:02+00:00,,,CONTEXT_GEOMETRIC,boom:CONTEXT_GEOMETRIC:2026-04-13T11:00:00+00:00,1,6019.032353571429,6019.738289285714,6017.267514285714,6022.915,7.059357142857217,6019.709,6010.92,completed,time,False,False,-0.6225071080935908,-0.6725071080935908,15.0
2026-04-13 14:00:00+00:00,2026-04-13 14:01:00+00:00,2026-04-13 14:15:00+00:00,2026-04-13 14:30:01+00:00,2026-04-13 14:04:03+00:00,2026-04-13 14:04:04+00:00,2026-04-13 14:19:04+00:00,,,CONTEXT_GEOMETRIC,boom:CONTEXT_GEOMETRIC:2026-04-13T14:00:00+00:00,1,5994.908539285714,5995.441532142857,5993.576057142857,5997.84,5.329928571428614,5995.413,5987.877,completed,time,False,False,-0.7069513126682697,-0.7569513126682698,15.0
2026-04-13 14:30:00+00:00,2026-04-13 14:31:00+00:00,2026-04-13 14:45:00+00:00,2026-04-13 15:00:01+00:00,2026-04-13 14:35:38+00:00,2026-04-13 14:35:39+00:00,2026-04-13 14:50:39+00:00,,,CONTEXT_GEOMETRIC,boom:CONTEXT_GEOMETRIC:2026-04-13T14:30:00+00:00,1,5987.717485714285,5988.293942857143,5986.2763428571425,5990.888,5.7645714285714735,5988.276,5990.07,completed,time,False,False,0.1556056701030802,0.10560567010308021,15.0
2026-04-14 13:00:00+00:00,2026-04-14 13:01:00+00:00,2026-04-14 13:15:00+00:00,2026-04-14 13:30:01+00:00,2026-04-14 13:04:38+00:00,2026-04-14 13:04:39+00:00,2026-04-14 13:19:39+00:00,,,CONTEXT_GEOMETRIC,boom:CONTEXT_GEOMETRIC:2026-04-14T13:00:00+00:00,1,6031.320514285714,6031.964057142857,6029.711657142857,6034.86,6.435428571428539,6031.953,6033.151,completed,time,False,False,0.09307849405074495,0.043078494050744945,15.0
2026-04-14 13:30:00+00:00,2026-04-14 13:31:00+00:00,2026-04-14 13:45:00+00:00,2026-04-14 14:00:01+00:00,2026-04-14 13:34:58+00:00,2026-04-14 13:34:59+00:00,2026-04-14 13:49:59+00:00,,,CONTEXT_GEOMETRIC,boom:CONTEXT_GEOMETRIC:2026-04-14T13:30:00+00:00,1,6030.113435714286,6030.774992857143,6028.459542857144,6033.752,6.615571428571327,6030.75,6032.098,completed,time,False,False,0.10188084389643308,0.051880843896433076,15.0
2026-04-14 15:00:00+00:00,2026-04-14 15:01:00+00:00,2026-04-14 15:15:00+00:00,2026-04-14 15:30:01+00:00,2026-04-14 15:03:41+00:00,2026-04-14 15:03:42+00:00,2026-04-14 15:18:42+00:00,,,CONTEXT_GEOMETRIC,boom:CONTEXT_GEOMETRIC:2026-04-14T15:00:00+00:00,1,6031.659653571429,6032.168989285715,6030.386314285714,6034.461,5.093357142857128,6032.163,6037.026,completed,time,False,False,0.4773865118431863,0.4273865118431863,15.0
2026-04-15 08:00:00+00:00,2026-04-15 08:01:00+00:00,2026-04-15 08:15:00+00:00,2026-04-15 08:30:01+00:00,2026-04-15 08:04:19+00:00,2026-04-15 08:04:20+00:00,2026-04-15 08:19:20+00:00,,,CONTEXT_GEOMETRIC,boom:CONTEXT_GEOMETRIC:2026-04-15T08:00:00+00:00,1,5955.393732142857,5955.959053571429,5953.980428571428,5958.503,5.6532142857142516,5955.959,5958.424,completed,time,False,False,0.2180175627013851,0.16801756270138507,15.0
2026-04-16 04:00:00+00:00,2026-04-16 04:01:00+00:00,2026-04-16 04:15:00+00:00,2026-04-16 04:30:01+00:00,2026-04-16 04:04:26+00:00,2026-04-16 04:04:27+00:00,2026-04-16 04:19:27+00:00,,,CONTEXT_GEOMETRIC,boom:CONTEXT_GEOMETRIC:2026-04-16T04:00:00+00:00,1,5916.555635714286,5917.1367928571435,5915.102742857143,5919.752,5.811571428571499,5917.133,5919.162,completed,time,False,False,0.17456552198818842,0.12456552198818842,15.0
2026-04-17 14:00:00+00:00,2026-04-17 14:01:00+00:00,2026-04-17 14:15:00+00:00,2026-04-17 14:30:01+00:00,2026-04-17 14:08:59+00:00,2026-04-17 14:09:00+00:00,2026-04-17 14:24:00+00:00,,,CONTEXT_GEOMETRIC,boom:CONTEXT_GEOMETRIC:2026-04-17T14:00:00+00:00,1,5860.354667857143,5861.152546428571,5858.359971428571,5864.743,7.97878571428568,5861.133,5860.859,completed,time,False,False,-0.017170532572948226,-0.06717053257294822,15.0
2026-04-18 14:00:00+00:00,2026-04-18 14:01:00+00:00,2026-04-18 14:15:00+00:00,2026-04-18 14:30:01+00:00,2026-04-18 14:03:30+00:00,2026-04-18 14:03:31+00:00,2026-04-18 14:18:31+00:00,,,CONTEXT_GEOMETRIC,boom:CONTEXT_GEOMETRIC:2026-04-18T14:00:00+00:00,1,5666.318546428572,5666.742810714286,5665.257885714286,5668.652,4.242642857142853,5666.732,5661.896,completed,time,False,False,-0.5699277741300355,-0.6199277741300355,15.0
2026-04-19 13:00:00+00:00,2026-04-19 13:01:00+00:00,2026-04-19 13:15:00+00:00,2026-04-19 13:30:01+00:00,2026-04-19 13:03:42+00:00,2026-04-19 13:03:43+00:00,2026-04-19 13:18:43+00:00,,,CONTEXT_GEOMETRIC,boom:CONTEXT_GEOMETRIC:2026-04-19T13:00:00+00:00,1,5714.8778999999995,5715.398099999999,5713.577399999999,5717.739,5.202000000000096,5715.39,5714.423,completed,time,False,False,-0.09294502114576463,-0.14294502114576463,15.0
2026-04-19 23:00:00+00:00,2026-04-19 23:01:00+00:00,2026-04-19 23:15:00+00:00,2026-04-19 23:30:01+00:00,2026-04-19 23:03:44+00:00,2026-04-19 23:03:45+00:00,2026-04-19 23:18:45+00:00,,,CONTEXT_GEOMETRIC,boom:CONTEXT_GEOMETRIC:2026-04-19T23:00:00+00:00,1,5706.3525,5706.8695,5705.0599999999995,5709.196,5.170000000000138,5706.839,5714.941,completed,time,False,False,0.7835589941972578,0.7335589941972578,15.0
2026-04-20 13:00:00+00:00,2026-04-20 13:01:00+00:00,2026-04-20 13:15:00+00:00,2026-04-20 13:30:01+00:00,2026-04-20 13:13:03+00:00,2026-04-20 13:13:04+00:00,2026-04-20 13:28:04+00:00,,,CONTEXT_GEOMETRIC,boom:CONTEXT_GEOMETRIC:2026-04-20T13:00:00+00:00,1,5759.978982142857,5760.468803571428,5758.754428571428,5762.673,4.898214285714273,5760.448,5755.889,completed,time,False,False,-0.4653736784542684,-0.5153736784542684,15.0
2026-04-21 05:30:00+00:00,2026-04-21 05:31:00+00:00,2026-04-21 05:45:00+00:00,2026-04-21 06:00:01+00:00,2026-04-21 05:39:11+00:00,2026-04-21 05:39:12+00:00,2026-04-21 05:54:12+00:00,,,CONTEXT_GEOMETRIC,boom:CONTEXT_GEOMETRIC:2026-04-21T05:30:00+00:00,1,5704.251196428571,5704.729160714286,5703.056285714286,5706.88,4.779642857142984,5704.704,5709.617,completed,time,False,False,0.513950534259917,0.463950534259917,15.0
2026-04-21 16:30:00+00:00,2026-04-21 16:31:00+00:00,2026-04-21 16:45:00+00:00,2026-04-21 17:00:01+00:00,2026-04-21 16:33:38+00:00,2026-04-21 16:33:39+00:00,2026-04-21 16:48:39+00:00,,,CONTEXT_GEOMETRIC,boom:CONTEXT_GEOMETRIC:2026-04-21T16:30:00+00:00,1,5771.6044142857145,5772.086157142857,5770.400057142857,5774.254,4.817428571428536,5772.073,5763.329,completed,time,False,False,-0.9075381056877502,-0.9575381056877502,15.0
2026-04-22 10:00:00+00:00,2026-04-22 10:01:00+00:00,2026-04-22 10:15:00+00:00,2026-04-22 10:30:01+00:00,2026-04-22 10:03:02+00:00,2026-04-22 10:03:03+00:00,2026-04-22 10:18:03+00:00,,,CONTEXT_GEOMETRIC,boom:CONTEXT_GEOMETRIC:2026-04-22T10:00:00+00:00,1,5724.114096428571,5724.552260714286,5723.018685714285,5726.524,4.381642857142781,5724.54,5716.972,completed,time,False,False,-0.8636030190894217,-0.9136030190894218,15.0
2026-04-24 16:30:00+00:00,2026-04-24 16:31:00+00:00,2026-04-24 16:45:00+00:00,2026-04-24 17:00:01+00:00,2026-04-24 16:40:22+00:00,2026-04-24 16:40:23+00:00,2026-04-24 16:55:23+00:00,,,CONTEXT_GEOMETRIC,boom:CONTEXT_GEOMETRIC:2026-04-24T16:30:00+00:00,1,5571.140649999999,5571.70235,5569.7364,5574.23,5.6170000000000595,5571.679,5563.252,completed,time,False,False,-0.7501335232330061,-0.8001335232330061,15.0
2026-04-24 18:00:00+00:00,2026-04-24 18:01:00+00:00,2026-04-24 18:15:00+00:00,2026-04-24 18:30:01+00:00,2026-04-24 18:04:56+00:00,2026-04-24 18:04:57+00:00,2026-04-24 18:19:57+00:00,,,CONTEXT_GEOMETRIC,boom:CONTEXT_GEOMETRIC:2026-04-24T18:00:00+00:00,1,5595.055732142858,5595.683053571429,5593.4874285714295,5598.506,6.273214285714273,5595.68,5588.083,completed,time,False,False,-0.6055109592941047,-0.6555109592941047,15.0
2026-04-24 20:00:00+00:00,2026-04-24 20:01:00+00:00,2026-04-24 20:15:00+00:00,2026-04-24 20:30:01+00:00,2026-04-24 20:04:02+00:00,2026-04-24 20:04:03+00:00,2026-04-24 20:19:03+00:00,,,CONTEXT_GEOMETRIC,boom:CONTEXT_GEOMETRIC:2026-04-24T20:00:00+00:00,1,5597.281,5597.765,5596.071,5599.943,4.840000000000016,5597.748,5606.496,completed,time,False,False,0.9037190082645117,0.8537190082645116,15.0
2026-04-25 17:00:00+00:00,2026-04-25 17:01:00+00:00,2026-04-25 17:15:00+00:00,2026-04-25 17:30:01+00:00,2026-04-25 17:14:43+00:00,2026-04-25 17:14:44+00:00,2026-04-25 17:29:44+00:00,,,CONTEXT_GEOMETRIC,boom:CONTEXT_GEOMETRIC:2026-04-25T17:00:00+00:00,1,5674.758953571429,5675.271689285714,5673.477114285714,5677.579,5.127357142857169,5675.256,5681.736,completed,time,False,False,0.6319044899209662,0.5819044899209661,15.0
2026-04-25 19:30:00+00:00,2026-04-25 19:31:00+00:00,2026-04-25 19:45:00+00:00,2026-04-25 20:00:01+00:00,2026-04-25 19:34:58+00:00,2026-04-25 19:34:59+00:00,2026-04-25 19:49:59+00:00,,,CONTEXT_GEOMETRIC,boom:CONTEXT_GEOMETRIC:2026-04-25T19:30:00+00:00,1,5707.712110714287,5708.350817857144,5706.115342857144,5711.225,6.3870714285712245,5708.331,5703.548,completed,time,False,False,-0.37442825350321035,-0.42442825350321034,15.0
2026-04-25 23:00:00+00:00,2026-04-25 23:01:00+00:00,2026-04-25 23:15:00+00:00,2026-04-25 23:30:01+00:00,2026-04-25 23:03:18+00:00,2026-04-25 23:03:19+00:00,2026-04-25 23:18:19+00:00,,,CONTEXT_GEOMETRIC,boom:CONTEXT_GEOMETRIC:2026-04-25T23:00:00+00:00,1,5659.965553571428,5660.3850892857145,5658.916714285714,5662.273,4.195357142857249,5660.363,5675.107,completed,time,False,False,1.7571805567378087,1.7071805567378087,15.0
2026-04-26 05:00:00+00:00,2026-04-26 05:01:00+00:00,2026-04-26 05:15:00+00:00,2026-04-26 05:30:01+00:00,2026-04-26 05:03:13+00:00,2026-04-26 05:03:14+00:00,2026-04-26 05:18:14+00:00,,,CONTEXT_GEOMETRIC,boom:CONTEXT_GEOMETRIC:2026-04-26T05:00:00+00:00,1,5703.377667857143,5703.819546428572,5702.2729714285715,5705.808,4.4187857142856695,5703.79,5719.058,completed,time,False,False,1.7276239432294147,1.6776239432294147,15.0
2026-04-26 13:00:00+00:00,2026-04-26 13:01:00+00:00,2026-04-26 13:15:00+00:00,2026-04-26 13:30:01+00:00,2026-04-26 13:03:36+00:00,2026-04-26 13:03:37+00:00,2026-04-26 13:18:37+00:00,,,CONTEXT_GEOMETRIC,boom:CONTEXT_GEOMETRIC:2026-04-26T13:00:00+00:00,1,5751.139,5751.572999999999,5750.054,5753.526,4.340000000000081,5751.539,5753.343,completed,time,False,False,0.20783410138249467,0.15783410138249465,15.0
2026-04-26 20:00:00+00:00,2026-04-26 20:01:00+00:00,2026-04-26 20:15:00+00:00,2026-04-26 20:30:01+00:00,2026-04-26 20:03:42+00:00,2026-04-26 20:03:43+00:00,2026-04-26 20:18:43+00:00,,,CONTEXT_GEOMETRIC,boom:CONTEXT_GEOMETRIC:2026-04-26T20:00:00+00:00,1,5708.243503571429,5708.710139285715,5707.076914285714,5710.81,4.666357142857058,5708.695,5700.353,completed,time,False,False,-0.8938449999234424,-0.9438449999234424,15.0
2026-04-26 23:00:00+00:00,2026-04-26 23:01:00+00:00,2026-04-26 23:15:00+00:00,2026-04-26 23:30:01+00:00,2026-04-26 23:03:43+00:00,2026-04-26 23:03:44+00:00,2026-04-26 23:18:44+00:00,,,CONTEXT_GEOMETRIC,boom:CONTEXT_GEOMETRIC:2026-04-26T23:00:00+00:00,1,5684.3618857142865,5684.843542857143,5683.157742857144,5687.011,4.816571428571414,5684.83,5687.364,completed,time,False,False,0.2630501838889194,0.2130501838889194,15.0
2026-04-27 14:00:00+00:00,2026-04-27 14:01:00+00:00,2026-04-27 14:15:00+00:00,2026-04-27 14:30:01+00:00,2026-04-27 14:04:03+00:00,2026-04-27 14:04:04+00:00,2026-04-27 14:19:04+00:00,,,CONTEXT_GEOMETRIC,boom:CONTEXT_GEOMETRIC:2026-04-27T14:00:00+00:00,1,5684.217907142857,5684.713378571429,5682.979228571428,5686.943,4.9547142857142195,5684.703,5692.377,completed,time,False,False,0.7744139780295903,0.7244139780295903,15.0
2026-04-28 16:00:00+00:00,2026-04-28 16:01:00+00:00,2026-04-28 16:15:00+00:00,2026-04-28 16:30:01+00:00,2026-04-28 16:14:22+00:00,2026-04-28 16:14:23+00:00,2026-04-28 16:29:23+00:00,,,CONTEXT_GEOMETRIC,boom:CONTEXT_GEOMETRIC:2026-04-28T16:00:00+00:00,1,5652.631328571428,5653.0738142857135,5651.525114285713,5655.065,4.4248571428571655,5653.058,5644.796,completed,time,False,False,-0.9335894621294911,-0.9835894621294912,15.0
2026-04-28 18:00:00+00:00,2026-04-28 18:01:00+00:00,2026-04-28 18:15:00+00:00,2026-04-28 18:30:01+00:00,2026-04-28 18:03:47+00:00,2026-04-28 18:03:48+00:00,2026-04-28 18:18:48+00:00,,,CONTEXT_GEOMETRIC,boom:CONTEXT_GEOMETRIC:2026-04-28T18:00:00+00:00,1,5650.862721428572,5651.361135714286,5649.616685714286,5653.604,4.9841428571428095,5651.331,5643.1,completed,time,False,False,-0.8257187079021887,-0.8757187079021888,15.0
2026-04-29 16:00:00+00:00,2026-04-29 16:01:00+00:00,2026-04-29 16:15:00+00:00,2026-04-29 16:30:01+00:00,2026-04-29 16:04:41+00:00,2026-04-29 16:04:42+00:00,2026-04-29 16:19:42+00:00,,,CONTEXT_GEOMETRIC,boom:CONTEXT_GEOMETRIC:2026-04-29T16:00:00+00:00,1,5529.000514285714,5529.542057142858,5527.646657142857,5531.979,5.415428571428492,5529.527,5521.244,completed,time,False,False,-0.7647594175372394,-0.8147594175372395,15.0
2026-04-29 18:00:00+00:00,2026-04-29 18:01:00+00:00,2026-04-29 18:15:00+00:00,2026-04-29 18:30:01+00:00,2026-04-29 18:04:40+00:00,2026-04-29 18:04:41+00:00,2026-04-29 18:19:41+00:00,,,CONTEXT_GEOMETRIC,boom:CONTEXT_GEOMETRIC:2026-04-29T18:00:00+00:00,1,5559.618985714286,5560.184442857143,5558.2053428571435,5562.729,5.654571428571411,5560.183,5560.348,completed,time,False,False,0.014589965135664556,-0.03541003486433544,15.0
2026-04-29 20:00:00+00:00,2026-04-29 20:01:00+00:00,2026-04-29 20:15:00+00:00,2026-04-29 20:30:01+00:00,2026-04-29 20:04:04+00:00,2026-04-29 20:04:05+00:00,2026-04-29 20:19:05+00:00,,,CONTEXT_GEOMETRIC,boom:CONTEXT_GEOMETRIC:2026-04-29T20:00:00+00:00,1,5556.368407142857,5556.870878571428,5555.112228571428,5559.132,5.024714285714318,5556.847,5563.813,completed,time,False,False,0.6931737412219903,0.6431737412219902,15.0
2026-04-29 23:00:00+00:00,2026-04-29 23:01:00+00:00,2026-04-29 23:15:00+00:00,2026-04-29 23:30:01+00:00,2026-04-29 23:04:09+00:00,2026-04-29 23:04:10+00:00,2026-04-29 23:19:10+00:00,,,CONTEXT_GEOMETRIC,boom:CONTEXT_GEOMETRIC:2026-04-29T23:00:00+00:00,1,5590.171235714286,5590.689192857143,5588.876342857143,5593.02,5.1795714285716326,5590.67,5604.42,completed,time,False,False,1.3273298949167913,1.2773298949167913,15.0
2026-04-29 23:30:00+00:00,2026-04-29 23:31:00+00:00,2026-04-29 23:45:00+00:00,2026-04-30 00:00:01+00:00,2026-04-29 23:34:11+00:00,2026-04-29 23:34:12+00:00,2026-04-29 23:49:12+00:00,,,CONTEXT_GEOMETRIC,boom:CONTEXT_GEOMETRIC:2026-04-29T23:30:00+00:00,1,5602.525960714285,5603.037967857143,5601.245942857142,5605.342,5.120071428571529,5603.022,5596.852,completed,time,False,False,-0.6025306566593611,-0.6525306566593612,15.0
2026-04-30 00:00:00+00:00,2026-04-30 00:01:00+00:00,2026-04-30 00:15:00+00:00,2026-04-30 00:30:01+00:00,2026-04-30 00:04:00+00:00,2026-04-30 00:04:01+00:00,2026-04-30 00:19:01+00:00,,,CONTEXT_GEOMETRIC,boom:CONTEXT_GEOMETRIC:2026-04-30T00:00:00+00:00,1,5608.305767857143,5608.831446428571,5606.991571428572,5611.197,5.256785714285733,5608.806,5600.489,completed,time,False,False,-0.7910727630953169,-0.841072763095317,15.0
2026-04-30 03:30:00+00:00,2026-04-30 03:31:00+00:00,2026-04-30 03:45:00+00:00,2026-04-30 04:00:01+00:00,2026-04-30 03:34:06+00:00,2026-04-30 03:34:07+00:00,2026-04-30 03:49:07+00:00,,,CONTEXT_GEOMETRIC,boom:CONTEXT_GEOMETRIC:2026-04-30T03:30:00+00:00,1,5630.8457,5631.3543,5629.5742,5633.643,5.08599999999998,5631.341,5626.478,completed,time,False,False,-0.4780770743216971,-0.5280770743216971,15.0
2026-04-30 22:00:00+00:00,2026-04-30 22:01:00+00:00,2026-04-30 22:15:00+00:00,2026-04-30 22:30:01+00:00,2026-04-30 22:03:45+00:00,2026-04-30 22:03:46+00:00,2026-04-30 22:18:46+00:00,,,CONTEXT_GEOMETRIC,boom:CONTEXT_GEOMETRIC:2026-04-30T22:00:00+00:00,1,5584.651557142857,5585.152728571429,5583.398628571429,5587.408,5.011714285714269,5585.136,5596.623,completed,time,False,False,1.146015050453145,1.096015050453145,15.0
2026-05-03 04:00:00+00:00,2026-05-03 04:01:00+00:00,2026-05-03 04:15:00+00:00,2026-05-03 04:30:01+00:00,2026-05-03 04:04:17+00:00,2026-05-03 04:04:18+00:00,2026-05-03 04:19:18+00:00,,,CONTEXT_GEOMETRIC,boom:CONTEXT_GEOMETRIC:2026-05-03T04:00:00+00:00,1,5596.276203571429,5596.807439285714,5594.948114285714,5599.198,5.312357142857048,5596.792,5591.723,completed,time,False,False,-0.4770951823915068,-0.5270951823915068,15.0
2026-05-04 16:00:00+00:00,2026-05-04 16:01:00+00:00,2026-05-04 16:15:00+00:00,2026-05-04 16:30:01+00:00,2026-05-04 16:03:48+00:00,2026-05-04 16:03:49+00:00,2026-05-04 16:18:49+00:00,,,CONTEXT_GEOMETRIC,boom:CONTEXT_GEOMETRIC:2026-05-04T16:00:00+00:00,1,5646.638075,5647.100425,5645.4821999999995,5649.181,4.623500000000084,5647.078,5638.208,completed,time,False,False,-0.9592300205472736,-1.0092300205472735,15.0
2026-05-04 22:30:00+00:00,2026-05-04 22:31:00+00:00,2026-05-04 22:45:00+00:00,2026-05-04 23:00:01+00:00,2026-05-04 22:33:28+00:00,2026-05-04 22:33:29+00:00,2026-05-04 22:48:29+00:00,,,CONTEXT_GEOMETRIC,boom:CONTEXT_GEOMETRIC:2026-05-04T22:30:00+00:00,1,5705.177235714286,5705.637192857143,5704.027342857144,5707.707,4.599571428571315,5705.626,5696.925,completed,time,False,False,-0.9458489921421507,-0.9958489921421507,15.0
2026-05-05 20:00:00+00:00,2026-05-05 20:01:00+00:00,2026-05-05 20:15:00+00:00,2026-05-05 20:30:01+00:00,2026-05-05 20:04:48+00:00,2026-05-05 20:04:49+00:00,2026-05-05 20:19:49+00:00,,,CONTEXT_GEOMETRIC,boom:CONTEXT_GEOMETRIC:2026-05-05T20:00:00+00:00,1,5590.393903571428,5590.969739285714,5588.954314285714,5593.561,5.758357142857027,5590.963,5595.541,completed,time,False,False,0.3975092102162528,0.3475092102162528,15.0
2026-05-05 22:00:00+00:00,2026-05-05 22:01:00+00:00,2026-05-05 22:15:00+00:00,2026-05-05 22:30:01+00:00,2026-05-05 22:04:59+00:00,2026-05-05 22:05:00+00:00,2026-05-05 22:20:00+00:00,,,CONTEXT_GEOMETRIC,boom:CONTEXT_GEOMETRIC:2026-05-05T22:00:00+00:00,1,5610.91995,5611.48105,5609.5172,5614.006,5.611000000000071,5611.475,5619.027,completed,time,False,False,0.6729638210657266,0.6229638210657266,15.0
2026-05-06 20:00:00+00:00,2026-05-06 20:01:00+00:00,2026-05-06 20:15:00+00:00,2026-05-06 20:30:01+00:00,2026-05-06 20:03:46+00:00,2026-05-06 20:03:47+00:00,2026-05-06 20:18:47+00:00,,,CONTEXT_GEOMETRIC,boom:CONTEXT_GEOMETRIC:2026-05-06T20:00:00+00:00,1,5646.151992857142,5646.622721428572,5644.975171428571,5648.741,4.707285714285717,5646.607,5646.588,completed,time,False,False,-0.002018148159412912,-0.052018148159412914,15.0
2026-05-06 20:30:00+00:00,2026-05-06 20:31:00+00:00,2026-05-06 20:45:00+00:00,2026-05-06 21:00:01+00:00,2026-05-06 20:34:27+00:00,2026-05-06 20:34:28+00:00,2026-05-06 20:49:28+00:00,,,CONTEXT_GEOMETRIC,boom:CONTEXT_GEOMETRIC:2026-05-06T20:30:00+00:00,1,5652.417157142857,5652.959128571429,5651.062228571428,5655.398,5.4197142857143,5652.951,5644.34,completed,time,False,False,-0.7944145711423767,-0.8444145711423767,15.0
2026-05-07 05:00:00+00:00,2026-05-07 05:01:00+00:00,2026-05-07 05:15:00+00:00,2026-05-07 05:30:01+00:00,2026-05-07 05:02:53+00:00,2026-05-07 05:02:54+00:00,2026-05-07 05:17:54+00:00,,,CONTEXT_GEOMETRIC,boom:CONTEXT_GEOMETRIC:2026-05-07T05:00:00+00:00,1,5633.7958285714285,5634.193314285714,5632.802114285714,5635.982,3.974857142857348,5634.177,5626.997,completed,time,False,False,-0.9031771132833719,-0.953177113283372,15.0
2026-05-07 06:30:00+00:00,2026-05-07 06:31:00+00:00,2026-05-07 06:45:00+00:00,2026-05-07 07:00:01+00:00,2026-05-07 06:36:24+00:00,2026-05-07 06:36:25+00:00,2026-05-07 06:51:25+00:00,,,CONTEXT_GEOMETRIC,boom:CONTEXT_GEOMETRIC:2026-05-07T06:30:00+00:00,1,5674.608335714286,5675.376092857143,5672.688942857143,5678.831,7.67757142857142,5675.363,5680.442,completed,time,False,False,0.3307686582438467,0.2807686582438467,15.0
2026-05-07 07:00:00+00:00,2026-05-07 07:01:00+00:00,2026-05-07 07:15:00+00:00,2026-05-07 07:30:01+00:00,2026-05-07 07:05:12+00:00,2026-05-07 07:05:13+00:00,2026-05-07 07:20:13+00:00,,,CONTEXT_GEOMETRIC,boom:CONTEXT_GEOMETRIC:2026-05-07T07:00:00+00:00,1,5674.781821428572,5675.448035714286,5673.116285714286,5678.446,6.662142857142759,5675.439,5666.743,completed,time,False,False,-0.6526428648011181,-0.7026428648011181,15.0
2026-05-07 20:00:00+00:00,2026-05-07 20:01:00+00:00,2026-05-07 20:15:00+00:00,2026-05-07 20:30:01+00:00,2026-05-07 20:03:40+00:00,2026-05-07 20:03:41+00:00,2026-05-07 20:18:41+00:00,,,CONTEXT_GEOMETRIC,boom:CONTEXT_GEOMETRIC:2026-05-07T20:00:00+00:00,1,5679.890121428572,5680.359735714285,5678.716085714286,5682.473,4.696142857143059,5680.349,5696.022,completed,time,False,False,1.668709883490915,1.618709883490915,15.0
2026-05-08 12:30:00+00:00,2026-05-08 12:31:00+00:00,2026-05-08 12:45:00+00:00,2026-05-08 13:00:01+00:00,2026-05-08 12:36:00+00:00,2026-05-08 12:36:01+00:00,2026-05-08 12:51:01+00:00,,,CONTEXT_GEOMETRIC,boom:CONTEXT_GEOMETRIC:2026-05-08T12:30:00+00:00,1,5774.55185,5775.325150000001,5772.6186,5778.805,7.733000000000045,5775.303,5771.7,completed,time,False,False,-0.23296262769947268,-0.28296262769947267,15.0
2026-05-08 18:00:00+00:00,2026-05-08 18:01:00+00:00,2026-05-08 18:15:00+00:00,2026-05-08 18:30:01+00:00,2026-05-08 18:04:26+00:00,2026-05-08 18:04:27+00:00,2026-05-08 18:19:27+00:00,,,CONTEXT_GEOMETRIC,boom:CONTEXT_GEOMETRIC:2026-05-08T18:00:00+00:00,1,5866.356739285714,5866.913332142857,5864.965257142857,5869.418,5.56592857142862,5866.906,5866.237,completed,time,False,False,-0.06009778884281973,-0.11009778884281973,15.0
2026-05-09 05:00:00+00:00,2026-05-09 05:01:00+00:00,2026-05-09 05:15:00+00:00,2026-05-09 05:30:01+00:00,2026-05-09 05:03:32+00:00,2026-05-09 05:03:33+00:00,2026-05-09 05:18:33+00:00,,,CONTEXT_GEOMETRIC,boom:CONTEXT_GEOMETRIC:2026-05-09T05:00:00+00:00,1,5883.036296428571,5883.508060714286,5881.856885714285,5885.631,4.717642857142762,5883.489,5890.294,completed,time,False,False,0.7212288218996018,0.6712288218996018,15.0
2026-05-09 07:00:00+00:00,2026-05-09 07:01:00+00:00,2026-05-09 07:15:00+00:00,2026-05-09 07:30:01+00:00,2026-05-09 07:04:05+00:00,2026-05-09 07:04:06+00:00,2026-05-09 07:19:06+00:00,,,CONTEXT_GEOMETRIC,boom:CONTEXT_GEOMETRIC:2026-05-09T07:00:00+00:00,1,5899.703307142857,5900.221978571428,5898.406628571428,5902.556,5.186714285714061,5900.205,5935.103,completed,time,False,False,3.3641721981988537,3.314172198198854,15.0
2026-05-09 08:30:00+00:00,2026-05-09 08:31:00+00:00,2026-05-09 08:45:00+00:00,2026-05-09 09:00:01+00:00,2026-05-09 08:32:25+00:00,2026-05-09 08:32:26+00:00,2026-05-09 08:47:26+00:00,,,CONTEXT_GEOMETRIC,boom:CONTEXT_GEOMETRIC:2026-05-09T08:30:00+00:00,1,5904.056992857143,5904.3757214285715,5903.260171428572,5905.81,3.1872857142857356,5904.353,5900.082,completed,time,False,False,-0.6700058267221979,-0.7200058267221979,15.0
2026-05-09 10:00:00+00:00,2026-05-09 10:01:00+00:00,2026-05-09 10:15:00+00:00,2026-05-09 10:30:01+00:00,2026-05-09 10:05:09+00:00,2026-05-09 10:05:10+00:00,2026-05-09 10:20:10+00:00,,,CONTEXT_GEOMETRIC,boom:CONTEXT_GEOMETRIC:2026-05-09T10:00:00+00:00,1,5924.049853571429,5924.670789285715,5922.497514285715,5927.465,6.2093571428571135,5924.655,5926.936,completed,time,False,False,0.1836744084388736,0.13367440843887357,15.0
2026-05-09 22:00:00+00:00,2026-05-09 22:01:00+00:00,2026-05-09 22:15:00+00:00,2026-05-09 22:30:01+00:00,2026-05-09 22:07:08+00:00,2026-05-09 22:07:09+00:00,2026-05-09 22:22:09+00:00,,,CONTEXT_GEOMETRIC,boom:CONTEXT_GEOMETRIC:2026-05-09T22:00:00+00:00,1,5970.059857142857,5970.994428571428,5967.7234285714285,5975.2,9.345714285714362,5970.979,5970.336,completed,time,False,False,-0.03440079486395725,-0.08440079486395725,15.0
2026-05-09 22:30:00+00:00,2026-05-09 22:31:00+00:00,2026-05-09 22:45:00+00:00,2026-05-09 23:00:01+00:00,2026-05-09 22:34:11+00:00,2026-05-09 22:34:12+00:00,2026-05-09 22:49:12+00:00,,,CONTEXT_GEOMETRIC,boom:CONTEXT_GEOMETRIC:2026-05-09T22:30:00+00:00,1,5967.422767857142,5967.984446428571,5966.018571428571,5970.512,5.616785714285795,5967.977,5968.311,completed,time,False,False,0.029732307496646466,-0.020267692503353536,15.0
2026-05-10 00:00:00+00:00,2026-05-10 00:01:00+00:00,2026-05-10 00:15:00+00:00,2026-05-10 00:30:01+00:00,2026-05-10 00:05:48+00:00,2026-05-10 00:05:49+00:00,2026-05-10 00:20:49+00:00,,,CONTEXT_GEOMETRIC,boom:CONTEXT_GEOMETRIC:2026-05-10T00:00:00+00:00,1,6019.544771428571,6020.336085714285,6017.566485714286,6023.897,7.913142857143092,6020.299,6013.345,completed,time,False,False,-0.43939558058922423,-0.4893955805892242,15.0
2026-05-10 19:00:00+00:00,2026-05-10 19:01:00+00:00,2026-05-10 19:15:00+00:00,2026-05-10 19:30:01+00:00,2026-05-10 19:04:32+00:00,2026-05-10 19:04:33+00:00,2026-05-10 19:19:33+00:00,,,CONTEXT_GEOMETRIC,boom:CONTEXT_GEOMETRIC:2026-05-10T19:00:00+00:00,1,5989.8847000000005,5990.5253,5988.283200000001,5993.408,6.406000000000079,5990.511,5980.857,completed,time,False,False,-0.7535123321885991,-0.8035123321885992,15.0
2026-05-11 04:00:00+00:00,2026-05-11 04:01:00+00:00,2026-05-11 04:15:00+00:00,2026-05-11 04:30:01+00:00,2026-05-11 04:04:11+00:00,2026-05-11 04:04:12+00:00,2026-05-11 04:19:12+00:00,,,CONTEXT_GEOMETRIC,boom:CONTEXT_GEOMETRIC:2026-05-11T04:00:00+00:00,1,5952.160528571429,5952.728614285714,5950.740314285715,5955.285,5.680857142857284,5952.71,5944.06,completed,time,False,False,-0.7613287733238941,-0.8113287733238942,15.0
2026-05-11 20:00:00+00:00,2026-05-11 20:01:00+00:00,2026-05-11 20:15:00+00:00,2026-05-11 20:30:01+00:00,2026-05-11 20:04:22+00:00,2026-05-11 20:04:23+00:00,2026-05-11 20:19:23+00:00,,,CONTEXT_GEOMETRIC,boom:CONTEXT_GEOMETRIC:2026-05-11T20:00:00+00:00,1,5965.817007142857,5966.396278571428,5964.368828571428,5969.003,5.792714285714088,5966.379,5966.695,completed,time,False,False,0.027275641816058353,-0.02272435818394165,15.0
2026-05-12 02:30:00+00:00,2026-05-12 02:31:00+00:00,2026-05-12 02:45:00+00:00,2026-05-12 03:00:01+00:00,2026-05-12 02:35:21+00:00,2026-05-12 02:35:22+00:00,2026-05-12 02:50:22+00:00,,,CONTEXT_GEOMETRIC,boom:CONTEXT_GEOMETRIC:2026-05-12T02:30:00+00:00,1,6016.379767857143,6017.1134464285715,6014.545571428571,6020.415,7.336785714285725,6017.097,6013.226,completed,time,False,False,-0.2638076230346164,-0.3138076230346164,15.0
2026-05-12 04:00:00+00:00,2026-05-12 04:01:00+00:00,2026-05-12 04:15:00+00:00,2026-05-12 04:30:01+00:00,2026-05-12 04:06:36+00:00,2026-05-12 04:06:37+00:00,2026-05-12 04:21:37+00:00,,,CONTEXT_GEOMETRIC,boom:CONTEXT_GEOMETRIC:2026-05-12T04:00:00+00:00,1,6035.612260714285,6036.189667857142,6034.168742857142,6038.788,5.774071428571525,6036.155,6035.73,completed,time,False,False,-0.036802454321674775,-0.08680245432167477,15.0
2026-05-12 11:00:00+00:00,2026-05-12 11:01:00+00:00,2026-05-12 11:15:00+00:00,2026-05-12 11:30:01+00:00,2026-05-12 11:04:07+00:00,2026-05-12 11:04:08+00:00,2026-05-12 11:19:08+00:00,,,CONTEXT_GEOMETRIC,boom:CONTEXT_GEOMETRIC:2026-05-12T11:00:00+00:00,1,6043.200778571429,6043.711364285714,6041.924314285714,6046.009,5.10585714285727,6043.687,6034.621,completed,time,False,False,-0.8878039226658045,-0.9378039226658046,15.0
2026-05-13 04:00:00+00:00,2026-05-13 04:01:00+00:00,2026-05-13 04:15:00+00:00,2026-05-13 04:30:01+00:00,2026-05-13 04:03:47+00:00,2026-05-13 04:03:48+00:00,2026-05-13 04:18:48+00:00,,,CONTEXT_GEOMETRIC,boom:CONTEXT_GEOMETRIC:2026-05-13T04:00:00+00:00,1,5971.430982142857,5971.9668035714285,5970.091428571428,5974.378,5.358214285714309,5971.948,5964.573,completed,time,False,False,-0.6881956941944914,-0.7381956941944915,15.0
2026-05-13 06:00:00+00:00,2026-05-13 06:01:00+00:00,2026-05-13 06:15:00+00:00,2026-05-13 06:30:01+00:00,2026-05-13 06:05:13+00:00,2026-05-13 06:05:14+00:00,2026-05-13 06:20:14+00:00,,,CONTEXT_GEOMETRIC,boom:CONTEXT_GEOMETRIC:2026-05-13T06:00:00+00:00,1,5981.390310714286,5982.060617857143,5979.714542857143,5985.077,6.703071428571418,5982.047,5990.011,completed,time,False,False,0.594056029751884,0.5440560297518839,15.0
2026-05-13 06:30:00+00:00,2026-05-13 06:31:00+00:00,2026-05-13 06:45:00+00:00,2026-05-13 07:00:01+00:00,2026-05-13 06:34:32+00:00,2026-05-13 06:34:33+00:00,2026-05-13 06:49:33+00:00,,,CONTEXT_GEOMETRIC,boom:CONTEXT_GEOMETRIC:2026-05-13T06:30:00+00:00,1,5986.830553571429,5987.454089285714,5985.271714285715,5990.26,6.235357142857343,5987.423,5994.587,completed,time,False,False,0.5744658915173042,0.5244658915173042,15.0
2026-05-13 07:00:00+00:00,2026-05-13 07:01:00+00:00,2026-05-13 07:15:00+00:00,2026-05-13 07:30:01+00:00,2026-05-13 07:04:28+00:00,2026-05-13 07:04:29+00:00,2026-05-13 07:19:29+00:00,,,CONTEXT_GEOMETRIC,boom:CONTEXT_GEOMETRIC:2026-05-13T07:00:00+00:00,1,5995.321878571428,5995.948264285714,5993.7559142857135,5998.767,6.2638571428573675,5995.93,5996.743,completed,time,False,False,0.0648961160398717,0.014896116039871704,15.0
2026-05-13 07:30:00+00:00,2026-05-13 07:31:00+00:00,2026-05-13 07:45:00+00:00,2026-05-13 08:00:01+00:00,2026-05-13 07:33:21+00:00,2026-05-13 07:33:22+00:00,2026-05-13 07:48:22+00:00,,,CONTEXT_GEOMETRIC,boom:CONTEXT_GEOMETRIC:2026-05-13T07:30:00+00:00,1,5991.547857142857,5992.020428571428,5990.366428571428,5994.147,4.72571428571447,5992.009,5984.526,completed,time,False,False,-0.7917321644498062,-0.8417321644498063,15.0
2026-05-13 09:00:00+00:00,2026-05-13 09:01:00+00:00,2026-05-13 09:15:00+00:00,2026-05-13 09:30:01+00:00,2026-05-13 09:04:16+00:00,2026-05-13 09:04:17+00:00,2026-05-13 09:19:17+00:00,,,CONTEXT_GEOMETRIC,boom:CONTEXT_GEOMETRIC:2026-05-13T09:00:00+00:00,1,5998.6362821428565,5999.1795035714285,5997.278228571428,6001.624,5.432214285714314,5999.164,5990.271,completed,time,False,False,-0.8185428199497691,-0.8685428199497691,15.0
2026-05-13 11:00:00+00:00,2026-05-13 11:01:00+00:00,2026-05-13 11:15:00+00:00,2026-05-13 11:30:01+00:00,2026-05-13 11:03:46+00:00,2026-05-13 11:03:47+00:00,2026-05-13 11:18:47+00:00,,,CONTEXT_GEOMETRIC,boom:CONTEXT_GEOMETRIC:2026-05-13T11:00:00+00:00,1,5973.778557142857,5974.279728571429,5972.525628571428,5976.535,5.011714285714463,5974.272,5974.466,completed,time,False,False,0.019354654808774515,-0.030645345191225488,15.0
2026-05-13 12:00:00+00:00,2026-05-13 12:01:00+00:00,2026-05-13 12:15:00+00:00,2026-05-13 12:30:01+00:00,2026-05-13 12:05:11+00:00,2026-05-13 12:05:12+00:00,2026-05-13 12:20:12+00:00,,,CONTEXT_GEOMETRIC,boom:CONTEXT_GEOMETRIC:2026-05-13T12:00:00+00:00,1,5998.189828571429,5998.879314285714,5996.466114285715,6001.982,6.894857142857096,5998.834,6013.838,completed,time,False,False,1.0880573512348755,1.0380573512348754,15.0
2026-05-13 15:00:00+00:00,2026-05-13 15:01:00+00:00,2026-05-13 15:15:00+00:00,2026-05-13 15:30:01+00:00,2026-05-13 15:03:30+00:00,2026-05-13 15:03:31+00:00,2026-05-13 15:18:31+00:00,,,CONTEXT_GEOMETRIC,boom:CONTEXT_GEOMETRIC:2026-05-13T15:00:00+00:00,1,6043.169375,6043.641125,6041.990000000001,6045.764,4.717500000000006,6043.63,6041.993,completed,time,False,False,-0.173502914679355,-0.223502914679355,15.0
2026-05-13 16:30:00+00:00,2026-05-13 16:31:00+00:00,2026-05-13 16:45:00+00:00,2026-05-13 17:00:01+00:00,2026-05-13 16:34:28+00:00,2026-05-13 16:34:29+00:00,2026-05-13 16:49:29+00:00,,,CONTEXT_GEOMETRIC,boom:CONTEXT_GEOMETRIC:2026-05-13T16:30:00+00:00,1,6049.483453571428,6050.029189285714,6048.119114285714,6052.485,5.45735714285703,6050.01,6053.924,completed,time,False,False,0.3585984843526941,0.3085984843526941,15.0
2026-05-13 20:00:00+00:00,2026-05-13 20:01:00+00:00,2026-05-13 20:15:00+00:00,2026-05-13 20:30:01+00:00,2026-05-13 20:05:18+00:00,2026-05-13 20:05:19+00:00,2026-05-13 20:20:19+00:00,,,CONTEXT_GEOMETRIC,boom:CONTEXT_GEOMETRIC:2026-05-13T20:00:00+00:00,1,6058.5674,6059.0886,6057.2644,6061.434,5.211999999999989,6059.086,6051.014,completed,time,False,False,-0.7743668457406114,-0.8243668457406115,15.0
2026-05-14 05:00:00+00:00,2026-05-14 05:01:00+00:00,2026-05-14 05:15:00+00:00,2026-05-14 05:30:01+00:00,2026-05-14 05:04:45+00:00,2026-05-14 05:04:46+00:00,2026-05-14 05:19:46+00:00,,,CONTEXT_GEOMETRIC,boom:CONTEXT_GEOMETRIC:2026-05-14T05:00:00+00:00,1,6067.596971428572,6068.233885714286,6066.004685714286,6071.1,6.369142857142833,6068.22,6059.089,completed,time,False,False,-0.7168154494886331,-0.7668154494886331,15.0
2026-05-14 05:30:00+00:00,2026-05-14 05:31:00+00:00,2026-05-14 05:45:00+00:00,2026-05-14 06:00:01+00:00,2026-05-14 05:34:07+00:00,2026-05-14 05:34:08+00:00,2026-05-14 05:49:08+00:00,,,CONTEXT_GEOMETRIC,boom:CONTEXT_GEOMETRIC:2026-05-14T05:30:00+00:00,1,6055.847935714286,6056.414492857143,6054.4315428571435,6058.964,5.665571428571444,6056.39,6060.981,completed,time,False,False,0.40516654479432146,0.35516654479432147,15.0
2026-05-14 21:00:00+00:00,2026-05-14 21:01:00+00:00,2026-05-14 21:15:00+00:00,2026-05-14 21:30:01+00:00,2026-05-14 21:04:10+00:00,2026-05-14 21:04:11+00:00,2026-05-14 21:19:11+00:00,,,CONTEXT_GEOMETRIC,boom:CONTEXT_GEOMETRIC:2026-05-14T21:00:00+00:00,1,6068.8720357142865,6069.444392857144,6067.441142857144,6072.02,5.723571428571437,6069.43,6063.284,completed,time,False,False,-0.5369025333833074,-0.5869025333833074,15.0
2026-05-15 20:30:00+00:00,2026-05-15 20:31:00+00:00,2026-05-15 20:45:00+00:00,2026-05-15 21:00:01+00:00,2026-05-15 20:32:51+00:00,2026-05-15 20:32:52+00:00,2026-05-15 20:47:52+00:00,,,CONTEXT_GEOMETRIC,boom:CONTEXT_GEOMETRIC:2026-05-15T20:30:00+00:00,1,6021.844964285715,6022.256607142857,6020.815857142858,6024.109,4.116428571428514,6022.241,6035.538,completed,time,False,False,1.6151136560818722,1.5651136560818721,15.0
2026-05-15 22:00:00+00:00,2026-05-15 22:01:00+00:00,2026-05-15 22:15:00+00:00,2026-05-15 22:30:01+00:00,2026-05-15 22:05:09+00:00,2026-05-15 22:05:10+00:00,2026-05-15 22:20:10+00:00,,,CONTEXT_GEOMETRIC,boom:CONTEXT_GEOMETRIC:2026-05-15T22:00:00+00:00,1,6028.067017857143,6028.521196428571,6026.931571428571,6030.565,4.541785714285652,6028.509,6021.749,completed,time,False,False,-0.7442006762601585,-0.7942006762601586,15.0
2026-05-16 01:00:00+00:00,2026-05-16 01:01:00+00:00,2026-05-16 01:15:00+00:00,2026-05-16 01:30:01+00:00,2026-05-16 01:04:39+00:00,2026-05-16 01:04:40+00:00,2026-05-16 01:19:40+00:00,,,CONTEXT_GEOMETRIC,boom:CONTEXT_GEOMETRIC:2026-05-16T01:00:00+00:00,1,6045.613171428571,6046.203685714286,6044.136885714285,6048.861,5.905142857142762,6046.188,6036.848,completed,time,False,False,-0.7908360750919546,-0.8408360750919547,15.0
2026-05-16 03:00:00+00:00,2026-05-16 03:01:00+00:00,2026-05-16 03:15:00+00:00,2026-05-16 03:30:01+00:00,2026-05-16 03:03:35+00:00,2026-05-16 03:03:36+00:00,2026-05-16 03:18:36+00:00,,,CONTEXT_GEOMETRIC,boom:CONTEXT_GEOMETRIC:2026-05-16T03:00:00+00:00,1,6031.361803571429,6031.839839285714,6030.166714285715,6033.991,4.780357142857091,6031.831,6060.66,completed,time,False,False,3.0153604781471834,2.9653604781471836,15.0
2026-05-16 03:30:00+00:00,2026-05-16 03:31:00+00:00,2026-05-16 03:45:00+00:00,2026-05-16 04:00:01+00:00,2026-05-16 03:36:38+00:00,2026-05-16 03:36:39+00:00,2026-05-16 03:51:39+00:00,,,CONTEXT_GEOMETRIC,boom:CONTEXT_GEOMETRIC:2026-05-16T03:30:00+00:00,1,6068.35745,6069.11555,6066.462200000001,6072.527,7.581000000000001,6069.094,6060.116,completed,time,False,False,-0.5921382403376906,-0.6421382403376906,15.0
2026-05-16 05:00:00+00:00,2026-05-16 05:01:00+00:00,2026-05-16 05:15:00+00:00,2026-05-16 05:30:01+00:00,2026-05-16 05:04:13+00:00,2026-05-16 05:04:14+00:00,2026-05-16 05:19:14+00:00,,,CONTEXT_GEOMETRIC,boom:CONTEXT_GEOMETRIC:2026-05-16T05:00:00+00:00,1,6068.598067857143,6069.167146428572,6067.175371428571,6071.728,5.690785714285669,6069.15,6070.191,completed,time,False,False,0.09146364423693978,0.04146364423693978,15.0
2026-05-16 05:30:00+00:00,2026-05-16 05:31:00+00:00,2026-05-16 05:45:00+00:00,2026-05-16 06:00:01+00:00,2026-05-16 05:33:02+00:00,2026-05-16 05:33:03+00:00,2026-05-16 05:46:33+00:00,2026-05-16 05:46:32+00:00,,CONTEXT_GEOMETRIC,boom:CONTEXT_GEOMETRIC:2026-05-16T05:30:00+00:00,1,6075.493210714286,6075.921717857143,6074.421942857143,6077.85,4.2850714285714275,6075.884,6067.3,completed,sl,False,False,-1.0016169092030278,-1.0516169092030279,13.5
2026-05-16 09:30:00+00:00,2026-05-16 09:31:00+00:00,2026-05-16 09:45:00+00:00,2026-05-16 10:00:01+00:00,2026-05-16 09:33:39+00:00,2026-05-16 09:33:40+00:00,2026-05-16 09:48:40+00:00,,,CONTEXT_GEOMETRIC,boom:CONTEXT_GEOMETRIC:2026-05-16T09:30:00+00:00,1,6093.834889285714,6094.380182142857,6092.471657142857,6096.834,5.452928571428466,6094.366,6107.374,completed,time,False,False,1.1927535662357112,1.1427535662357111,15.0
2026-05-16 10:00:00+00:00,2026-05-16 10:01:00+00:00,2026-05-16 10:15:00+00:00,2026-05-16 10:30:01+00:00,2026-05-16 10:04:16+00:00,2026-05-16 10:04:17+00:00,2026-05-16 10:19:17+00:00,,,CONTEXT_GEOMETRIC,boom:CONTEXT_GEOMETRIC:2026-05-16T10:00:00+00:00,1,6111.111910714286,6111.693017857143,6109.659142857143,6114.308,5.811071428571462,6111.678,6115.833,completed,time,False,False,0.35750722143688834,0.30750722143688836,15.0
2026-05-16 12:00:00+00:00,2026-05-16 12:01:00+00:00,2026-05-16 12:15:00+00:00,2026-05-16 12:30:01+00:00,2026-05-16 12:03:58+00:00,2026-05-16 12:03:59+00:00,2026-05-16 12:18:59+00:00,,,CONTEXT_GEOMETRIC,boom:CONTEXT_GEOMETRIC:2026-05-16T12:00:00+00:00,1,6117.866975,6118.401524999999,6116.5306,6120.807,5.345500000000162,6118.377,6111.709,completed,time,False,False,-0.6237021794032712,-0.6737021794032713,15.0
2026-05-16 15:30:00+00:00,2026-05-16 15:31:00+00:00,2026-05-16 15:45:00+00:00,2026-05-16 16:00:01+00:00,2026-05-16 15:33:22+00:00,2026-05-16 15:33:23+00:00,2026-05-16 15:48:23+00:00,,,CONTEXT_GEOMETRIC,boom:CONTEXT_GEOMETRIC:2026-05-16T15:30:00+00:00,1,6129.073089285715,6129.511982142857,6127.975857142857,6131.487,4.38892857142868,6129.497,6133.555,completed,time,False,False,0.46229961754413285,0.41229961754413286,15.0
2026-05-16 17:30:00+00:00,2026-05-16 17:31:00+00:00,2026-05-16 17:45:00+00:00,2026-05-16 18:00:01+00:00,2026-05-16 17:35:27+00:00,2026-05-16 17:35:28+00:00,2026-05-16 17:50:28+00:00,,,CONTEXT_GEOMETRIC,boom:CONTEXT_GEOMETRIC:2026-05-16T17:30:00+00:00,1,6145.527939285715,6146.204132142858,6143.837457142858,6149.247,6.761928571428663,6146.197,6146.333,completed,time,False,False,0.010056302618616569,-0.03994369738138343,15.0
2026-05-18 03:30:00+00:00,2026-05-18 03:31:00+00:00,2026-05-18 03:45:00+00:00,2026-05-18 04:00:01+00:00,2026-05-18 03:34:11+00:00,2026-05-18 03:34:12+00:00,2026-05-18 03:49:12+00:00,,,CONTEXT_GEOMETRIC,boom:CONTEXT_GEOMETRIC:2026-05-18T03:30:00+00:00,1,6182.589589285714,6183.131482142857,6181.234857142857,6185.57,5.418928571428556,6183.128,6176.998,completed,time,False,False,-0.5656099650695431,-0.6156099650695431,15.0
2026-05-18 12:00:00+00:00,2026-05-18 12:01:00+00:00,2026-05-18 12:15:00+00:00,2026-05-18 12:30:01+00:00,2026-05-18 12:04:19+00:00,2026-05-18 12:04:20+00:00,2026-05-18 12:19:20+00:00,,,CONTEXT_GEOMETRIC,boom:CONTEXT_GEOMETRIC:2026-05-18T12:00:00+00:00,1,6159.491232142857,6160.081553571429,6158.015428571429,6162.738,5.903214285714317,6160.062,6164.629,completed,time,False,False,0.3868231592957817,0.3368231592957817,15.0
2026-05-19 06:00:00+00:00,2026-05-19 06:01:00+00:00,2026-05-19 06:15:00+00:00,2026-05-19 06:30:01+00:00,2026-05-19 06:04:12+00:00,2026-05-19 06:04:13+00:00,2026-05-19 06:19:13+00:00,,,CONTEXT_GEOMETRIC,boom:CONTEXT_GEOMETRIC:2026-05-19T06:00:00+00:00,1,6153.592153571429,6154.168489285714,6152.151314285715,6156.762,5.763357142857005,6154.159,6145.098,completed,time,False,False,-0.7860869780757666,-0.8360869780757666,15.0
2026-05-19 08:00:00+00:00,2026-05-19 08:01:00+00:00,2026-05-19 08:15:00+00:00,2026-05-19 08:30:01+00:00,2026-05-19 08:10:46+00:00,2026-05-19 08:10:47+00:00,2026-05-19 08:25:47+00:00,,,CONTEXT_GEOMETRIC,boom:CONTEXT_GEOMETRIC:2026-05-19T08:00:00+00:00,1,6169.412357142857,6170.023928571429,6167.883428571428,6172.776,6.115714285714278,6170.011,6185.536,completed,time,False,False,1.269271198318122,1.219271198318122,15.0
2026-05-19 21:00:00+00:00,2026-05-19 21:01:00+00:00,2026-05-19 21:15:00+00:00,2026-05-19 21:30:01+00:00,2026-05-19 21:13:21+00:00,2026-05-19 21:13:22+00:00,2026-05-19 21:28:22+00:00,,,CONTEXT_GEOMETRIC,boom:CONTEXT_GEOMETRIC:2026-05-19T21:00:00+00:00,1,6172.030935714286,6172.6034928571435,6170.599542857143,6175.18,5.725571428571454,6172.589,6163.409,completed,time,False,False,-0.8016667082512257,-0.8516667082512257,15.0
2026-05-21 20:00:00+00:00,2026-05-21 20:01:00+00:00,2026-05-21 20:15:00+00:00,2026-05-21 20:30:01+00:00,2026-05-21 20:13:48+00:00,2026-05-21 20:13:49+00:00,2026-05-21 20:28:49+00:00,,,CONTEXT_GEOMETRIC,boom:CONTEXT_GEOMETRIC:2026-05-21T20:00:00+00:00,1,6015.217660714286,6015.750267857143,6013.886142857143,6018.147,5.326071428571465,6015.743,6024.28,completed,time,False,False,0.8014349896063174,0.7514349896063174,15.0
2026-05-21 20:30:00+00:00,2026-05-21 20:31:00+00:00,2026-05-21 20:45:00+00:00,2026-05-21 21:00:01+00:00,2026-05-21 20:34:07+00:00,2026-05-21 20:34:08+00:00,2026-05-21 20:49:08+00:00,,,CONTEXT_GEOMETRIC,boom:CONTEXT_GEOMETRIC:2026-05-21T20:30:00+00:00,1,6020.425782142856,6020.986003571428,6019.025228571428,6023.507,5.602214285714191,6020.965,6031.48,completed,time,False,False,0.9384682077239506,0.8884682077239505,15.0
2026-05-22 08:30:00+00:00,2026-05-22 08:31:00+00:00,2026-05-22 08:45:00+00:00,2026-05-22 09:00:01+00:00,2026-05-22 08:33:00+00:00,2026-05-22 08:33:01+00:00,2026-05-22 08:48:01+00:00,,,CONTEXT_GEOMETRIC,boom:CONTEXT_GEOMETRIC:2026-05-22T08:30:00+00:00,1,5939.723210714285,5940.115717857142,5938.741942857143,5941.882,3.925071428571495,5940.11,5938.314,completed,time,False,False,-0.22878564539308394,-0.2787856453930839,15.0
2026-05-23 10:30:00+00:00,2026-05-23 10:31:00+00:00,2026-05-23 10:45:00+00:00,2026-05-23 11:00:01+00:00,2026-05-23 10:32:51+00:00,2026-05-23 10:32:52+00:00,2026-05-23 10:47:04+00:00,2026-05-23 10:47:03+00:00,,CONTEXT_GEOMETRIC,boom:CONTEXT_GEOMETRIC:2026-05-23T10:30:00+00:00,1,5838.888107142857,5839.297178571428,5837.865428571428,5841.138,4.090714285714447,5839.288,5831.087,completed,sl,False,False,-1.0023921774051252,-1.0523921774051253,14.2
2026-05-23 12:00:00+00:00,2026-05-23 12:01:00+00:00,2026-05-23 12:15:00+00:00,2026-05-23 12:30:01+00:00,2026-05-23 12:03:36+00:00,2026-05-23 12:03:37+00:00,2026-05-23 12:18:37+00:00,,,CONTEXT_GEOMETRIC,boom:CONTEXT_GEOMETRIC:2026-05-23T12:00:00+00:00,1,5835.035260714286,5835.530667857143,5833.796742857143,5837.76,4.954071428571297,5835.5,5826.81,completed,time,False,False,-0.8770563894055224,-0.9270563894055225,15.0
2026-05-23 14:00:00+00:00,2026-05-23 14:01:00+00:00,2026-05-23 14:15:00+00:00,2026-05-23 14:30:01+00:00,2026-05-23 14:04:14+00:00,2026-05-23 14:04:15+00:00,2026-05-23 14:19:15+00:00,,,CONTEXT_GEOMETRIC,boom:CONTEXT_GEOMETRIC:2026-05-23T14:00:00+00:00,1,5809.238896428572,5809.735460714286,5807.997485714286,5811.97,4.965642857142744,5809.722,5800.956,completed,time,False,False,-0.8826651706727477,-0.9326651706727478,15.0
2026-05-24 04:00:00+00:00,2026-05-24 04:01:00+00:00,2026-05-24 04:15:00+00:00,2026-05-24 04:30:01+00:00,2026-05-24 04:07:57+00:00,2026-05-24 04:07:58+00:00,2026-05-24 04:22:58+00:00,,,CONTEXT_GEOMETRIC,boom:CONTEXT_GEOMETRIC:2026-05-24T04:00:00+00:00,1,5742.296778571428,5742.951364285715,5740.660314285714,5745.897,6.54585714285713,5742.94,5734.017,completed,time,False,False,-0.6815761332140126,-0.7315761332140126,15.0
2026-05-25 05:00:00+00:00,2026-05-25 05:01:00+00:00,2026-05-25 05:15:00+00:00,2026-05-25 05:30:01+00:00,2026-05-25 05:04:14+00:00,2026-05-25 05:04:15+00:00,2026-05-25 05:19:15+00:00,,,CONTEXT_GEOMETRIC,boom:CONTEXT_GEOMETRIC:2026-05-25T05:00:00+00:00,1,5674.210110714285,5674.766817857143,5672.818342857143,5677.272,5.567071428571386,5674.76,5668.538,completed,time,False,False,-0.5588216425666864,-0.6088216425666865,15.0
2026-05-25 15:00:00+00:00,2026-05-25 15:01:00+00:00,2026-05-25 15:15:00+00:00,2026-05-25 15:30:01+00:00,2026-05-25 15:04:40+00:00,2026-05-25 15:04:41+00:00,2026-05-25 15:19:41+00:00,,,CONTEXT_GEOMETRIC,boom:CONTEXT_GEOMETRIC:2026-05-25T15:00:00+00:00,1,5665.740310714285,5666.286617857143,5664.374542857143,5668.745,5.463071428571311,5666.277,5658.639,completed,time,False,False,-0.6990573068525109,-0.7490573068525109,15.0
2026-05-25 15:30:00+00:00,2026-05-25 15:31:00+00:00,2026-05-25 15:45:00+00:00,2026-05-25 16:00:01+00:00,2026-05-25 15:34:05+00:00,2026-05-25 15:34:06+00:00,2026-05-25 15:49:06+00:00,,,CONTEXT_GEOMETRIC,boom:CONTEXT_GEOMETRIC:2026-05-25T15:30:00+00:00,1,5660.118210714286,5660.662717857143,5658.756942857143,5663.113,5.445071428571347,5660.653,5651.956,completed,time,False,False,-0.7986121131823238,-0.8486121131823239,15.0
2026-05-26 04:30:00+00:00,2026-05-26 04:31:00+00:00,2026-05-26 04:45:00+00:00,2026-05-26 05:00:01+00:00,2026-05-26 04:38:32+00:00,2026-05-26 04:38:33+00:00,2026-05-26 04:53:33+00:00,,,CONTEXT_GEOMETRIC,boom:CONTEXT_GEOMETRIC:2026-05-26T04:30:00+00:00,1,5650.107107142857,5650.568178571429,5648.954428571428,5652.643,4.610714285714233,5650.566,5642.133,completed,time,False,False,-0.9145003872966788,-0.9645003872966789,15.0
2026-05-26 12:30:00+00:00,2026-05-26 12:31:00+00:00,2026-05-26 12:45:00+00:00,2026-05-26 13:00:01+00:00,2026-05-26 12:35:21+00:00,2026-05-26 12:35:22+00:00,2026-05-26 12:50:22+00:00,,,CONTEXT_GEOMETRIC,boom:CONTEXT_GEOMETRIC:2026-05-26T12:30:00+00:00,1,5641.881839285715,5642.464232142857,5640.425857142857,5645.085,5.823928571428626,5642.441,5641.292,completed,time,False,False,-0.09864475378666772,-0.14864475378666772,15.0
2026-05-26 13:00:00+00:00,2026-05-26 13:01:00+00:00,2026-05-26 13:15:00+00:00,2026-05-26 13:30:01+00:00,2026-05-26 13:03:45+00:00,2026-05-26 13:03:46+00:00,2026-05-26 13:18:46+00:00,,,CONTEXT_GEOMETRIC,boom:CONTEXT_GEOMETRIC:2026-05-26T13:00:00+00:00,1,5644.817264285714,5645.324307142857,5643.5496571428575,5647.606,5.070428571428563,5645.308,5636.922,completed,time,False,False,-0.8269517933114002,-0.8769517933114003,15.0
2026-05-26 23:00:00+00:00,2026-05-26 23:01:00+00:00,2026-05-26 23:15:00+00:00,2026-05-26 23:30:01+00:00,2026-05-26 23:04:43+00:00,2026-05-26 23:04:44+00:00,2026-05-26 23:19:44+00:00,,,CONTEXT_GEOMETRIC,boom:CONTEXT_GEOMETRIC:2026-05-26T23:00:00+00:00,1,5691.200210714286,5691.812717857143,5689.6689428571435,5694.569,6.1250714285713785,5691.791,5684.308,completed,time,False,False,-0.6108500192417774,-0.6608500192417774,15.0
2026-05-27 01:00:00+00:00,2026-05-27 01:01:00+00:00,2026-05-27 01:15:00+00:00,2026-05-27 01:30:01+00:00,2026-05-27 01:03:15+00:00,2026-05-27 01:03:16+00:00,2026-05-27 01:18:16+00:00,,,CONTEXT_GEOMETRIC,boom:CONTEXT_GEOMETRIC:2026-05-27T01:00:00+00:00,1,5692.927810714285,5693.371117857143,5691.819542857143,5695.366,4.433071428571501,5693.356,5685.446,completed,time,False,False,-0.892157968515832,-0.942157968515832,15.0
2026-05-27 02:00:00+00:00,2026-05-27 02:01:00+00:00,2026-05-27 02:15:00+00:00,2026-05-27 02:30:01+00:00,2026-05-27 02:04:30+00:00,2026-05-27 02:04:31+00:00,2026-05-27 02:19:31+00:00,,,CONTEXT_GEOMETRIC,boom:CONTEXT_GEOMETRIC:2026-05-27T02:00:00+00:00,1,5719.8382357142855,5720.432192857143,5718.353342857143,5723.105,5.939571428571396,5720.417,5711.693,completed,time,False,False,-0.7343964210982208,-0.7843964210982208,15.0
2026-05-29 00:00:00+00:00,2026-05-29 00:01:00+00:00,2026-05-29 00:15:00+00:00,2026-05-29 00:30:01+00:00,2026-05-29 00:04:24+00:00,2026-05-29 00:04:25+00:00,2026-05-29 00:19:25+00:00,,,CONTEXT_GEOMETRIC,boom:CONTEXT_GEOMETRIC:2026-05-29T00:00:00+00:00,1,5826.640196428571,5827.214160714286,5825.205285714284,5829.797,5.739642857142826,5827.189,5826.298,completed,time,False,False,-0.07761806981524176,-0.12761806981524176,15.0
2026-05-29 01:00:00+00:00,2026-05-29 01:01:00+00:00,2026-05-29 01:15:00+00:00,2026-05-29 01:30:01+00:00,2026-05-29 01:05:34+00:00,2026-05-29 01:05:35+00:00,2026-05-29 01:20:35+00:00,,,CONTEXT_GEOMETRIC,boom:CONTEXT_GEOMETRIC:2026-05-29T01:00:00+00:00,1,5841.651610714286,5842.343317857143,5839.922342857143,5845.456,6.9170714285714245,5842.327,5833.995,completed,time,False,False,-0.6022780078274494,-0.6522780078274495,15.0
2026-05-29 03:00:00+00:00,2026-05-29 03:01:00+00:00,2026-05-29 03:15:00+00:00,2026-05-29 03:30:01+00:00,2026-05-29 03:03:49+00:00,2026-05-29 03:03:50+00:00,2026-05-29 03:18:50+00:00,,,CONTEXT_GEOMETRIC,boom:CONTEXT_GEOMETRIC:2026-05-29T03:00:00+00:00,1,5823.436332142857,5823.9544535714285,5822.141028571429,5826.286,5.181214285714044,5823.94,5819.021,completed,time,False,False,-0.4746956725533271,-0.5246956725533272,15.0
2026-05-29 08:00:00+00:00,2026-05-29 08:01:00+00:00,2026-05-29 08:15:00+00:00,2026-05-29 08:30:01+00:00,2026-05-29 08:05:03+00:00,2026-05-29 08:05:04+00:00,2026-05-29 08:20:04+00:00,,,CONTEXT_GEOMETRIC,boom:CONTEXT_GEOMETRIC:2026-05-29T08:00:00+00:00,1,5857.116292857143,5857.754421428572,5855.520971428572,5860.626,6.381285714285696,5857.733,5871.55,completed,time,False,False,1.082618818419937,1.032618818419937,15.0
2026-05-29 08:30:00+00:00,2026-05-29 08:31:00+00:00,2026-05-29 08:45:00+00:00,2026-05-29 09:00:01+00:00,2026-05-29 08:35:21+00:00,2026-05-29 08:35:22+00:00,2026-05-29 08:50:22+00:00,,,CONTEXT_GEOMETRIC,boom:CONTEXT_GEOMETRIC:2026-05-29T08:30:00+00:00,1,5876.1019642857145,5876.795607142857,5874.367857142857,5879.917,6.936428571428548,5876.782,5871.382,completed,time,False,False,-0.38924930491199616,-0.43924930491199615,15.0
2026-05-29 09:30:00+00:00,2026-05-29 09:31:00+00:00,2026-05-29 09:45:00+00:00,2026-05-29 10:00:01+00:00,2026-05-29 09:34:21+00:00,2026-05-29 09:34:22+00:00,2026-05-29 09:49:22+00:00,,,CONTEXT_GEOMETRIC,boom:CONTEXT_GEOMETRIC:2026-05-29T09:30:00+00:00,1,5884.462357142857,5885.007928571428,5883.0984285714285,5887.463,5.455714285714164,5885.0,5881.492,completed,time,False,False,-0.32149777428645226,-0.37149777428645225,15.0
2026-05-29 10:00:00+00:00,2026-05-29 10:01:00+00:00,2026-05-29 10:15:00+00:00,2026-05-29 10:30:01+00:00,2026-05-29 10:03:51+00:00,2026-05-29 10:03:52+00:00,2026-05-29 10:18:52+00:00,,,CONTEXT_GEOMETRIC,boom:CONTEXT_GEOMETRIC:2026-05-29T10:00:00+00:00,1,5876.431764285715,5876.925807142858,5875.1966571428575,5879.149,4.940428571428454,5876.912,5882.418,completed,time,False,False,0.5572391059190461,0.5072391059190461,15.0
2026-05-29 11:00:00+00:00,2026-05-29 11:01:00+00:00,2026-05-29 11:15:00+00:00,2026-05-29 11:30:01+00:00,2026-05-29 11:03:42+00:00,2026-05-29 11:03:43+00:00,2026-05-29 11:18:43+00:00,,,CONTEXT_GEOMETRIC,boom:CONTEXT_GEOMETRIC:2026-05-29T11:00:00+00:00,1,5883.607292857142,5884.087421428571,5882.406971428571,5886.248,4.8012857142857035,5884.078,5884.222,completed,time,False,False,0.01499598321871025,-0.035004016781289754,15.0
2026-05-29 11:30:00+00:00,2026-05-29 11:31:00+00:00,2026-05-29 11:45:00+00:00,2026-05-29 12:00:01+00:00,2026-05-29 11:33:48+00:00,2026-05-29 11:33:49+00:00,2026-05-29 11:48:49+00:00,,,CONTEXT_GEOMETRIC,boom:CONTEXT_GEOMETRIC:2026-05-29T11:30:00+00:00,1,5880.67465,5881.13635,5879.5204,5883.214,4.616999999999929,5881.123,5875.255,completed,time,False,False,-0.6354775828459578,-0.6854775828459578,15.0
2026-05-29 16:00:00+00:00,2026-05-29 16:01:00+00:00,2026-05-29 16:15:00+00:00,2026-05-29 16:30:01+00:00,2026-05-29 16:05:01+00:00,2026-05-29 16:05:02+00:00,2026-05-29 16:20:02+00:00,,,CONTEXT_GEOMETRIC,boom:CONTEXT_GEOMETRIC:2026-05-29T16:00:00+00:00,1,5875.397875,5876.052625,5873.7609999999995,5878.999,6.547499999999933,5876.042,5883.303,completed,time,False,False,0.5544864452080631,0.5044864452080631,15.0
2026-05-29 17:00:00+00:00,2026-05-29 17:01:00+00:00,2026-05-29 17:15:00+00:00,2026-05-29 17:30:01+00:00,2026-05-29 17:11:49+00:00,2026-05-29 17:11:50+00:00,2026-05-29 17:26:50+00:00,,,CONTEXT_GEOMETRIC,boom:CONTEXT_GEOMETRIC:2026-05-29T17:00:00+00:00,1,5891.064078571429,5891.662064285714,5889.569114285714,5894.353,5.979857142857002,5891.622,5882.973,completed,time,False,False,-0.7231778112234385,-0.7731778112234385,15.0
2026-05-30 09:30:00+00:00,2026-05-30 09:31:00+00:00,2026-05-30 09:45:00+00:00,2026-05-30 10:00:01+00:00,2026-05-30 09:34:59+00:00,2026-05-30 09:35:00+00:00,2026-05-30 09:50:00+00:00,,,CONTEXT_GEOMETRIC,boom:CONTEXT_GEOMETRIC:2026-05-30T09:30:00+00:00,1,5848.130757142857,5848.7715285714285,5846.528828571429,5851.655,6.407714285714129,5848.751,5865.773,completed,time,False,False,1.3282427431221568,1.2782427431221568,15.0
2026-05-30 17:00:00+00:00,2026-05-30 17:01:00+00:00,2026-05-30 17:15:00+00:00,2026-05-30 17:30:01+00:00,2026-05-30 17:03:41+00:00,2026-05-30 17:03:42+00:00,2026-05-30 17:18:42+00:00,,,CONTEXT_GEOMETRIC,boom:CONTEXT_GEOMETRIC:2026-05-30T17:00:00+00:00,1,5831.214064285715,5831.701507142858,5829.995457142858,5833.895,4.87442857142852,5831.696,5840.975,completed,time,False,False,0.951803874446878,0.9018038744468779,15.0
2026-05-30 23:30:00+00:00,2026-05-30 23:31:00+00:00,2026-05-30 23:45:00+00:00,2026-05-31 00:00:01+00:00,2026-05-30 23:34:47+00:00,2026-05-30 23:34:48+00:00,2026-05-30 23:49:48+00:00,,,CONTEXT_GEOMETRIC,boom:CONTEXT_GEOMETRIC:2026-05-30T23:30:00+00:00,1,5874.856049999999,5875.49895,5873.248799999999,5878.392,6.428999999999958,5875.474,5879.568,completed,time,False,False,0.31840099548919565,0.26840099548919566,15.0
2026-05-31 00:00:00+00:00,2026-05-31 00:01:00+00:00,2026-05-31 00:15:00+00:00,2026-05-31 00:30:01+00:00,2026-05-31 00:05:09+00:00,2026-05-31 00:05:10+00:00,2026-05-31 00:20:10+00:00,,,CONTEXT_GEOMETRIC,boom:CONTEXT_GEOMETRIC:2026-05-31T00:00:00+00:00,1,5886.852425,5887.537075,5885.1408,5890.618,6.846499999999911,5887.525,5879.55,completed,time,False,False,-0.5824143723069859,-0.6324143723069859,15.0
2026-05-31 05:00:00+00:00,2026-05-31 05:01:00+00:00,2026-05-31 05:15:00+00:00,2026-05-31 05:30:01+00:00,2026-05-31 05:06:05+00:00,2026-05-31 05:06:06+00:00,2026-05-31 05:21:06+00:00,,,CONTEXT_GEOMETRIC,boom:CONTEXT_GEOMETRIC:2026-05-31T05:00:00+00:00,1,5932.544592857143,5933.340121428571,5930.5557714285715,5936.92,7.9552857142857,5933.321,5925.555,completed,time,False,False,-0.4881031479519228,-0.5381031479519228,15.0
2026-05-31 13:30:00+00:00,2026-05-31 13:31:00+00:00,2026-05-31 13:45:00+00:00,2026-05-31 14:00:01+00:00,2026-05-31 13:34:45+00:00,2026-05-31 13:34:46+00:00,2026-05-31 13:49:46+00:00,,,CONTEXT_GEOMETRIC,boom:CONTEXT_GEOMETRIC:2026-05-31T13:30:00+00:00,1,5971.238367857143,5971.860846428572,5969.682171428572,5974.662,6.224785714285839,5971.853,5978.424,completed,time,False,False,0.5278093336546119,0.4778093336546119,15.0
2026-05-31 14:00:00+00:00,2026-05-31 14:01:00+00:00,2026-05-31 14:15:00+00:00,2026-05-31 14:30:01+00:00,2026-05-31 14:05:08+00:00,2026-05-31 14:05:09+00:00,2026-05-31 14:20:09+00:00,,,CONTEXT_GEOMETRIC,boom:CONTEXT_GEOMETRIC:2026-05-31T14:00:00+00:00,1,5983.782257142857,5984.436028571428,5982.147828571428,5987.378,6.537714285714434,5984.427,5982.759,completed,time,False,False,-0.12756752032162172,-0.1775675203216217,15.0
2026-05-31 16:00:00+00:00,2026-05-31 16:01:00+00:00,2026-05-31 16:15:00+00:00,2026-05-31 16:30:01+00:00,2026-05-31 16:03:41+00:00,2026-05-31 16:03:42+00:00,2026-05-31 16:18:42+00:00,,,CONTEXT_GEOMETRIC,boom:CONTEXT_GEOMETRIC:2026-05-31T16:00:00+00:00,1,5963.237871428571,5963.7089857142855,5962.060085714285,5965.829,4.711142857142802,5963.685,5962.105,completed,time,False,False,-0.1676875492753652,-0.2176875492753652,15.0
2026-05-31 19:00:00+00:00,2026-05-31 19:01:00+00:00,2026-05-31 19:15:00+00:00,2026-05-31 19:30:01+00:00,2026-05-31 19:03:23+00:00,2026-05-31 19:03:24+00:00,2026-05-31 19:18:24+00:00,,,CONTEXT_GEOMETRIC,boom:CONTEXT_GEOMETRIC:2026-05-31T19:00:00+00:00,1,5945.543460714285,5945.996467857143,5944.410942857143,5948.035,4.530071428571318,5945.978,5937.48,completed,time,False,False,-0.9379543053563483,-0.9879543053563483,15.0
2026-06-03 07:30:00+00:00,2026-06-03 07:31:00+00:00,2026-06-03 07:45:00+00:00,2026-06-03 08:00:01+00:00,2026-06-03 07:34:39+00:00,2026-06-03 07:34:40+00:00,2026-06-03 07:49:40+00:00,,,CONTEXT_GEOMETRIC,boom:CONTEXT_GEOMETRIC:2026-06-03T07:30:00+00:00,1,5558.394528571429,5558.980614285715,5556.929314285715,5561.618,5.860857142857185,5558.974,5558.297,completed,time,False,False,-0.05775605713454994,-0.10775605713454994,15.0
2026-06-06 13:30:00+00:00,2026-06-06 13:31:00+00:00,2026-06-06 13:45:00+00:00,2026-06-06 14:00:01+00:00,2026-06-06 13:41:48+00:00,2026-06-06 13:41:49+00:00,2026-06-06 13:56:49+00:00,,,CONTEXT_GEOMETRIC,boom:CONTEXT_GEOMETRIC:2026-06-06T13:30:00+00:00,1,5350.356982142857,5350.720803571428,5349.447428571429,5352.358,3.6382142857143793,5350.704,5352.176,completed,time,False,False,0.20229704525384057,0.15229704525384058,15.0
2026-06-06 15:00:00+00:00,2026-06-06 15:01:00+00:00,2026-06-06 15:15:00+00:00,2026-06-06 15:30:01+00:00,2026-06-06 15:04:14+00:00,2026-06-06 15:04:15+00:00,2026-06-06 15:19:15+00:00,,,CONTEXT_GEOMETRIC,boom:CONTEXT_GEOMETRIC:2026-06-06T15:00:00+00:00,1,5359.023467857143,5359.513746428572,5357.797771428572,5361.72,4.9027857142857885,5359.488,5375.077,completed,time,False,False,1.589810457611532,1.539810457611532,15.0
2026-06-06 15:30:00+00:00,2026-06-06 15:31:00+00:00,2026-06-06 15:45:00+00:00,2026-06-06 16:00:01+00:00,2026-06-06 15:35:33+00:00,2026-06-06 15:35:34+00:00,2026-06-06 15:50:34+00:00,,,CONTEXT_GEOMETRIC,boom:CONTEXT_GEOMETRIC:2026-06-06T15:30:00+00:00,1,5383.171657142857,5383.858628571428,5381.454228571429,5386.95,6.869714285714314,5383.851,5387.618,completed,time,False,False,0.2741744302113317,0.2241744302113317,15.0
2026-06-07 00:30:00+00:00,2026-06-07 00:31:00+00:00,2026-06-07 00:45:00+00:00,2026-06-07 01:00:01+00:00,2026-06-07 00:35:24+00:00,2026-06-07 00:35:25+00:00,2026-06-07 00:50:25+00:00,,,CONTEXT_GEOMETRIC,boom:CONTEXT_GEOMETRIC:2026-06-07T00:30:00+00:00,1,5385.5743464285715,5386.267010714286,5383.842685714286,5389.384,6.926642857142854,5386.258,5387.956,completed,time,False,False,0.12257019995258729,0.07257019995258729,15.0
2026-06-07 05:00:00+00:00,2026-06-07 05:01:00+00:00,2026-06-07 05:15:00+00:00,2026-06-07 05:30:01+00:00,2026-06-07 05:05:04+00:00,2026-06-07 05:05:05+00:00,2026-06-07 05:20:05+00:00,,,CONTEXT_GEOMETRIC,boom:CONTEXT_GEOMETRIC:2026-06-07T05:00:00+00:00,1,5425.8324999999995,5426.4415,5424.3099999999995,5429.182,6.090000000000016,5426.426,5429.594,completed,time,False,False,0.26009852216745954,0.21009852216745956,15.0
2026-06-07 05:30:00+00:00,2026-06-07 05:31:00+00:00,2026-06-07 05:45:00+00:00,2026-06-07 06:00:01+00:00,2026-06-07 05:34:26+00:00,2026-06-07 05:34:27+00:00,2026-06-07 05:49:27+00:00,,,CONTEXT_GEOMETRIC,boom:CONTEXT_GEOMETRIC:2026-06-07T05:30:00+00:00,1,5424.328028571429,5424.823114285715,5423.090314285715,5427.051,4.95085714285707,5424.801,5433.949,completed,time,False,False,0.9238804247460114,0.8738804247460114,15.0
2026-06-07 08:30:00+00:00,2026-06-07 08:31:00+00:00,2026-06-07 08:45:00+00:00,2026-06-07 09:00:01+00:00,2026-06-07 08:34:41+00:00,2026-06-07 08:34:42+00:00,2026-06-07 08:49:42+00:00,,,CONTEXT_GEOMETRIC,boom:CONTEXT_GEOMETRIC:2026-06-07T08:30:00+00:00,1,5436.102346428572,5436.653010714286,5434.725685714286,5439.131,5.506642857142912,5436.635,5431.761,completed,time,False,False,-0.44255639292799914,-0.49255639292799913,15.0
2026-06-08 10:30:00+00:00,2026-06-08 10:31:00+00:00,2026-06-08 10:45:00+00:00,2026-06-08 11:00:01+00:00,2026-06-08 10:34:19+00:00,2026-06-08 10:34:20+00:00,2026-06-08 10:49:20+00:00,,,CONTEXT_GEOMETRIC,boom:CONTEXT_GEOMETRIC:2026-06-08T10:30:00+00:00,1,5322.2963500000005,5322.79065,5321.060600000001,5325.015,4.9430000000000165,5322.781,5323.869,completed,time,False,False,0.11005462269873907,0.06005462269873907,15.0
2026-06-08 11:30:00+00:00,2026-06-08 11:31:00+00:00,2026-06-08 11:45:00+00:00,2026-06-08 12:00:01+00:00,2026-06-08 11:32:58+00:00,2026-06-08 11:32:59+00:00,2026-06-08 11:46:34+00:00,2026-06-08 11:46:33+00:00,,CONTEXT_GEOMETRIC,boom:CONTEXT_GEOMETRIC:2026-06-08T11:30:00+00:00,1,5313.381246428572,5313.752110714286,5312.4540857142865,5315.421,3.7086428571429417,5313.743,5306.304,completed,sl,False,False,-1.0029275245084062,-1.0529275245084062,13.583333333333334
2026-06-09 00:30:00+00:00,2026-06-09 00:31:00+00:00,2026-06-09 00:45:00+00:00,2026-06-09 01:00:01+00:00,2026-06-09 00:35:48+00:00,2026-06-09 00:35:49+00:00,2026-06-09 00:50:49+00:00,,,CONTEXT_GEOMETRIC,boom:CONTEXT_GEOMETRIC:2026-06-09T00:30:00+00:00,1,5306.539410714286,5306.997517857143,5305.3941428571425,5309.059,4.581071428571379,5306.985,5313.829,completed,time,False,False,0.7469868246667323,0.6969868246667322,15.0
2026-06-09 03:00:00+00:00,2026-06-09 03:01:00+00:00,2026-06-09 03:15:00+00:00,2026-06-09 03:30:01+00:00,2026-06-09 03:07:21+00:00,2026-06-09 03:07:22+00:00,2026-06-09 03:22:22+00:00,,,CONTEXT_GEOMETRIC,boom:CONTEXT_GEOMETRIC:2026-06-09T03:00:00+00:00,1,5325.311942857143,5325.8457714285705,5323.977371428571,5328.248,5.338285714285836,5325.821,5329.674,completed,time,False,False,0.3608836437593642,0.3108836437593642,15.0
2026-06-09 04:00:00+00:00,2026-06-09 04:01:00+00:00,2026-06-09 04:15:00+00:00,2026-06-09 04:30:01+00:00,2026-06-09 04:11:33+00:00,2026-06-09 04:11:34+00:00,2026-06-09 04:26:34+00:00,,,CONTEXT_GEOMETRIC,boom:CONTEXT_GEOMETRIC:2026-06-09T04:00:00+00:00,1,5337.426364285715,5337.995207142857,5336.004257142858,5340.555,5.688428571428631,5337.983,5334.918,completed,time,False,False,-0.2694065647053334,-0.3194065647053334,15.0
2026-06-09 20:00:00+00:00,2026-06-09 20:01:00+00:00,2026-06-09 20:15:00+00:00,2026-06-09 20:30:01+00:00,2026-06-09 20:03:45+00:00,2026-06-09 20:03:46+00:00,2026-06-09 20:18:46+00:00,,,CONTEXT_GEOMETRIC,boom:CONTEXT_GEOMETRIC:2026-06-09T20:00:00+00:00,1,5373.149742857143,5373.583971428571,5372.064171428571,5375.538,4.3422857142856754,5373.567,5372.46,completed,time,False,False,-0.1274674299249879,-0.17746742992498793,15.0
2026-06-10 02:30:00+00:00,2026-06-10 02:31:00+00:00,2026-06-10 02:45:00+00:00,2026-06-10 03:00:01+00:00,2026-06-10 02:33:34+00:00,2026-06-10 02:33:35+00:00,2026-06-10 02:48:35+00:00,,,CONTEXT_GEOMETRIC,boom:CONTEXT_GEOMETRIC:2026-06-10T02:30:00+00:00,1,5391.287896428572,5391.710460714286,5390.2314857142865,5393.612,4.225642857142832,5391.695,5387.341,completed,time,False,False,-0.5151878835003245,-0.5651878835003246,15.0
2026-06-10 21:00:00+00:00,2026-06-10 21:01:00+00:00,2026-06-10 21:15:00+00:00,2026-06-10 21:30:01+00:00,2026-06-10 21:05:34+00:00,2026-06-10 21:05:35+00:00,2026-06-10 21:20:35+00:00,,,CONTEXT_GEOMETRIC,boom:CONTEXT_GEOMETRIC:2026-06-10T21:00:00+00:00,1,5371.742689285714,5372.190382142857,5370.623457142857,5374.205,4.476928571428483,5372.16,5372.059,completed,time,False,False,-0.011280054884528936,-0.06128005488452894,15.0
2026-06-11 01:30:00+00:00,2026-06-11 01:31:00+00:00,2026-06-11 01:45:00+00:00,2026-06-11 02:00:01+00:00,2026-06-11 01:33:53+00:00,2026-06-11 01:33:54+00:00,2026-06-11 01:48:54+00:00,,,CONTEXT_GEOMETRIC,boom:CONTEXT_GEOMETRIC:2026-06-11T01:30:00+00:00,1,5403.32945,5403.82755,5402.0842,5406.069,4.981000000000027,5403.8,5409.982,completed,time,False,False,0.6205581208592406,0.5705581208592405,15.0
2026-06-11 02:30:00+00:00,2026-06-11 02:31:00+00:00,2026-06-11 02:45:00+00:00,2026-06-11 03:00:01+00:00,2026-06-11 02:34:12+00:00,2026-06-11 02:34:13+00:00,2026-06-11 02:49:13+00:00,,,CONTEXT_GEOMETRIC,boom:CONTEXT_GEOMETRIC:2026-06-11T02:30:00+00:00,1,5424.953485714286,5425.461942857143,5423.682342857143,5427.75,5.084571428571247,5425.449,5437.478,completed,time,False,False,1.1828922229715408,1.1328922229715408,15.0
2026-06-11 03:00:00+00:00,2026-06-11 03:01:00+00:00,2026-06-11 03:15:00+00:00,2026-06-11 03:30:01+00:00,2026-06-11 03:04:45+00:00,2026-06-11 03:04:46+00:00,2026-06-11 03:19:46+00:00,,,CONTEXT_GEOMETRIC,boom:CONTEXT_GEOMETRIC:2026-06-11T03:00:00+00:00,1,5448.763610714285,5449.375317857142,5447.234342857142,5452.128,6.117071428571437,5449.362,5452.571,completed,time,False,False,0.2622987190415441,0.21229871904154413,15.0
2026-06-11 23:00:00+00:00,2026-06-11 23:01:00+00:00,2026-06-11 23:15:00+00:00,2026-06-11 23:30:01+00:00,2026-06-11 23:03:53+00:00,2026-06-11 23:03:54+00:00,2026-06-11 23:18:54+00:00,,,CONTEXT_GEOMETRIC,boom:CONTEXT_GEOMETRIC:2026-06-11T23:00:00+00:00,1,5429.7889214285715,5430.254935714285,5428.623885714286,5432.352,4.660142857142936,5430.249,5441.598,completed,time,False,False,1.217666533827899,1.1676665338278989,15.0
2026-06-11 23:30:00+00:00,2026-06-11 23:31:00+00:00,2026-06-11 23:45:00+00:00,2026-06-12 00:00:01+00:00,2026-06-11 23:34:19+00:00,2026-06-11 23:34:20+00:00,2026-06-11 23:49:20+00:00,,,CONTEXT_GEOMETRIC,boom:CONTEXT_GEOMETRIC:2026-06-11T23:30:00+00:00,1,5445.532232142857,5446.072553571428,5444.181428571428,5448.504,5.403214285714317,5446.049,5440.376,completed,time,False,False,-0.5249652984334482,-0.5749652984334482,15.0
2026-06-12 00:30:00+00:00,2026-06-12 00:31:00+00:00,2026-06-12 00:45:00+00:00,2026-06-12 01:00:01+00:00,2026-06-12 00:32:49+00:00,2026-06-12 00:32:50+00:00,2026-06-12 00:47:50+00:00,,,CONTEXT_GEOMETRIC,boom:CONTEXT_GEOMETRIC:2026-06-12T00:30:00+00:00,1,5426.107939285715,5426.468132142857,5425.2074571428575,5428.089,3.6019285714285485,5426.435,5426.977,completed,time,False,False,0.07523747198913787,0.025237471989137866,15.0
2026-06-12 20:00:00+00:00,2026-06-12 20:01:00+00:00,2026-06-12 20:15:00+00:00,2026-06-12 20:30:01+00:00,2026-06-12 20:04:23+00:00,2026-06-12 20:04:24+00:00,2026-06-12 20:19:24+00:00,,,CONTEXT_GEOMETRIC,boom:CONTEXT_GEOMETRIC:2026-06-12T20:00:00+00:00,1,5463.462603571429,5463.977039285714,5462.176514285715,5466.292,5.144357142857189,5463.948,5478.336,completed,time,False,False,1.3984254592410346,1.3484254592410345,15.0
2026-06-12 23:00:00+00:00,2026-06-12 23:01:00+00:00,2026-06-12 23:15:00+00:00,2026-06-12 23:30:01+00:00,2026-06-12 23:10:06+00:00,2026-06-12 23:10:07+00:00,2026-06-12 23:25:07+00:00,,,CONTEXT_GEOMETRIC,boom:CONTEXT_GEOMETRIC:2026-06-12T23:00:00+00:00,1,5472.026828571428,5472.524314285714,5470.783114285714,5474.763,4.974857142857153,5472.522,5464.145,completed,time,False,False,-0.8419337238685443,-0.8919337238685443,15.0
2026-06-13 14:00:00+00:00,2026-06-13 14:01:00+00:00,2026-06-13 14:15:00+00:00,2026-06-13 14:30:01+00:00,2026-06-13 14:04:32+00:00,2026-06-13 14:04:33+00:00,2026-06-13 14:19:33+00:00,,,CONTEXT_GEOMETRIC,boom:CONTEXT_GEOMETRIC:2026-06-13T14:00:00+00:00,1,5395.830525,5396.354975,5394.5194,5398.715,5.2444999999999835,5396.336,5391.073,completed,time,False,False,-0.5017637525026157,-0.5517637525026158,15.0
2026-06-13 16:30:00+00:00,2026-06-13 16:31:00+00:00,2026-06-13 16:45:00+00:00,2026-06-13 17:00:01+00:00,2026-06-13 16:33:29+00:00,2026-06-13 16:33:30+00:00,2026-06-13 16:48:30+00:00,,,CONTEXT_GEOMETRIC,boom:CONTEXT_GEOMETRIC:2026-06-13T16:30:00+00:00,1,5381.154414285715,5381.5941571428575,5380.055057142858,5383.573,4.397428571428463,5381.579,5379.804,completed,time,False,False,-0.20182249366509256,-0.2518224936650926,15.0
2026-06-13 18:30:00+00:00,2026-06-13 18:31:00+00:00,2026-06-13 18:45:00+00:00,2026-06-13 19:00:01+00:00,2026-06-13 18:34:37+00:00,2026-06-13 18:34:38+00:00,2026-06-13 18:49:38+00:00,,,CONTEXT_GEOMETRIC,boom:CONTEXT_GEOMETRIC:2026-06-13T18:30:00+00:00,1,5405.4077,5405.9643,5404.0162,5408.469,5.566000000000064,5405.949,5417.286,completed,time,False,False,1.018415379087344,0.968415379087344,15.0
2026-06-13 20:30:00+00:00,2026-06-13 20:31:00+00:00,2026-06-13 20:45:00+00:00,2026-06-13 21:00:01+00:00,2026-06-13 20:34:15+00:00,2026-06-13 20:34:16+00:00,2026-06-13 20:49:16+00:00,,,CONTEXT_GEOMETRIC,boom:CONTEXT_GEOMETRIC:2026-06-13T20:30:00+00:00,1,5425.867939285714,5426.356132142857,5424.647457142857,5428.553,4.881928571428424,5426.347,5419.181,completed,time,False,False,-0.7339312625280215,-0.7839312625280216,15.0
2026-06-14 08:30:00+00:00,2026-06-14 08:31:00+00:00,2026-06-14 08:45:00+00:00,2026-06-14 09:00:01+00:00,2026-06-14 08:35:03+00:00,2026-06-14 08:35:04+00:00,2026-06-14 08:50:04+00:00,,,CONTEXT_GEOMETRIC,boom:CONTEXT_GEOMETRIC:2026-06-14T08:30:00+00:00,1,5428.160296428571,5428.790060714286,5426.585885714286,5431.624,6.2976428571428835,5428.784,5429.542,completed,time,False,False,0.0601812469518643,0.0101812469518643,15.0
2026-06-14 10:00:00+00:00,2026-06-14 10:01:00+00:00,2026-06-14 10:15:00+00:00,2026-06-14 10:30:01+00:00,2026-06-14 10:03:22+00:00,2026-06-14 10:03:23+00:00,2026-06-14 10:18:23+00:00,,,CONTEXT_GEOMETRIC,boom:CONTEXT_GEOMETRIC:2026-06-14T10:00:00+00:00,1,5428.911921428572,5429.325935714286,5427.876885714286,5431.189,4.140142857142954,5429.314,5438.653,completed,time,False,False,1.1278596321727694,1.0778596321727694,15.0
2026-06-15 05:30:00+00:00,2026-06-15 05:31:00+00:00,2026-06-15 05:45:00+00:00,2026-06-15 06:00:01+00:00,2026-06-15 05:34:56+00:00,2026-06-15 05:34:57+00:00,2026-06-15 05:49:57+00:00,,,CONTEXT_GEOMETRIC,boom:CONTEXT_GEOMETRIC:2026-06-15T05:30:00+00:00,1,5385.425221428572,5386.014635714286,5383.951685714286,5388.667,5.8941428571427945,5386.012,5377.819,completed,time,False,False,-0.6950119973823374,-0.7450119973823375,15.0
2026-06-15 07:00:00+00:00,2026-06-15 07:01:00+00:00,2026-06-15 07:15:00+00:00,2026-06-15 07:30:01+00:00,2026-06-15 07:03:17+00:00,2026-06-15 07:03:18+00:00,2026-06-15 07:18:18+00:00,,,CONTEXT_GEOMETRIC,boom:CONTEXT_GEOMETRIC:2026-06-15T07:00:00+00:00,1,5375.833160714285,5376.254767857143,5374.779142857143,5378.152,4.216071428571403,5376.222,5391.827,completed,time,False,False,1.85065650148249,1.80065650148249,15.0
2026-06-15 08:30:00+00:00,2026-06-15 08:31:00+00:00,2026-06-15 08:45:00+00:00,2026-06-15 09:00:01+00:00,2026-06-15 08:33:51+00:00,2026-06-15 08:33:52+00:00,2026-06-15 08:48:52+00:00,,,CONTEXT_GEOMETRIC,boom:CONTEXT_GEOMETRIC:2026-06-15T08:30:00+00:00,1,5388.3279999999995,5388.7519999999995,5387.267999999999,5390.66,4.239999999999911,5388.745,5393.462,completed,time,False,False,0.5562500000000768,0.5062500000000768,15.0
2026-06-15 19:00:00+00:00,2026-06-15 19:01:00+00:00,2026-06-15 19:15:00+00:00,2026-06-15 19:30:01+00:00,2026-06-15 19:03:28+00:00,2026-06-15 19:03:29+00:00,2026-06-15 19:18:29+00:00,,,CONTEXT_GEOMETRIC,boom:CONTEXT_GEOMETRIC:2026-06-15T19:00:00+00:00,1,5343.812303571428,5344.259339285714,5342.694714285713,5346.271,4.470357142857016,5344.238,5350.526,completed,time,False,False,0.7032995126627489,0.6532995126627489,15.0
2026-06-16 14:00:00+00:00,2026-06-16 14:01:00+00:00,2026-06-16 14:15:00+00:00,2026-06-16 14:30:01+00:00,2026-06-16 14:10:52+00:00,2026-06-16 14:10:53+00:00,2026-06-16 14:25:53+00:00,,,CONTEXT_GEOMETRIC,boom:CONTEXT_GEOMETRIC:2026-06-16T14:00:00+00:00,1,5342.902932142858,5343.399853571429,5341.66062857143,5345.636,4.9692142857142505,5343.375,5335.005,completed,time,False,False,-0.842185456165816,-0.892185456165816,15.0
2026-06-17 18:30:00+00:00,2026-06-17 18:31:00+00:00,2026-06-17 18:45:00+00:00,2026-06-17 19:00:01+00:00,2026-06-17 18:33:45+00:00,2026-06-17 18:33:46+00:00,2026-06-17 18:48:46+00:00,,,CONTEXT_GEOMETRIC,boom:CONTEXT_GEOMETRIC:2026-06-17T18:30:00+00:00,1,5149.777014285714,5150.231557142857,5148.640657142857,5152.277,4.545428571428537,5150.216,5142.484,completed,time,False,False,-0.8505248601420612,-0.9005248601420612,15.0
2026-06-18 09:00:00+00:00,2026-06-18 09:01:00+00:00,2026-06-18 09:15:00+00:00,2026-06-18 09:30:01+00:00,2026-06-18 09:04:06+00:00,2026-06-18 09:04:07+00:00,2026-06-18 09:19:07+00:00,,,CONTEXT_GEOMETRIC,boom:CONTEXT_GEOMETRIC:2026-06-18T09:00:00+00:00,1,5205.061317857143,5205.530896428571,5203.887371428572,5207.644,4.695785714285778,5205.528,5200.858,completed,time,False,False,-0.49725437702499303,-0.547254377024993,15.0
2026-06-18 09:30:00+00:00,2026-06-18 09:31:00+00:00,2026-06-18 09:45:00+00:00,2026-06-18 10:00:01+00:00,2026-06-18 09:37:29+00:00,2026-06-18 09:37:30+00:00,2026-06-18 09:52:30+00:00,,,CONTEXT_GEOMETRIC,boom:CONTEXT_GEOMETRIC:2026-06-18T09:30:00+00:00,1,5215.375578571428,5215.856564285714,5214.173114285714,5218.021,4.809857142857254,5215.825,5219.171,completed,time,False,False,0.34782737830055344,0.29782737830055345,15.0
2026-06-19 10:00:00+00:00,2026-06-19 10:01:00+00:00,2026-06-19 10:15:00+00:00,2026-06-19 10:30:01+00:00,2026-06-19 10:14:00+00:00,2026-06-19 10:14:01+00:00,2026-06-19 10:29:01+00:00,,,CONTEXT_GEOMETRIC,boom:CONTEXT_GEOMETRIC:2026-06-19T10:00:00+00:00,1,5171.402003571428,5171.905639285714,5170.142914285714,5174.172,5.036357142857144,5171.893,5180.136,completed,time,False,False,0.8183494305691861,0.768349430569186,15.0
2026-06-19 16:30:00+00:00,2026-06-19 16:31:00+00:00,2026-06-19 16:45:00+00:00,2026-06-19 17:00:01+00:00,2026-06-19 16:34:42+00:00,2026-06-19 16:34:43+00:00,2026-06-19 16:49:43+00:00,,,CONTEXT_GEOMETRIC,boom:CONTEXT_GEOMETRIC:2026-06-19T16:30:00+00:00,1,5236.290732142857,5236.8460535714285,5234.902428571429,5239.345,5.553214285714408,5236.831,5258.489,completed,time,False,False,1.9500418033313112,1.9000418033313111,15.0
2026-06-19 18:30:00+00:00,2026-06-19 18:31:00+00:00,2026-06-19 18:45:00+00:00,2026-06-19 19:00:01+00:00,2026-06-19 18:35:20+00:00,2026-06-19 18:35:21+00:00,2026-06-19 18:50:21+00:00,,,CONTEXT_GEOMETRIC,boom:CONTEXT_GEOMETRIC:2026-06-19T18:30:00+00:00,1,5301.136835714286,5301.781592857143,5299.524942857142,5304.683,6.447571428571597,5301.762,5306.169,completed,time,False,False,0.3417565860900036,0.2917565860900036,15.0
2026-06-19 19:00:00+00:00,2026-06-19 19:01:00+00:00,2026-06-19 19:15:00+00:00,2026-06-19 19:30:01+00:00,2026-06-19 19:08:45+00:00,2026-06-19 19:08:46+00:00,2026-06-19 19:23:46+00:00,,,CONTEXT_GEOMETRIC,boom:CONTEXT_GEOMETRIC:2026-06-19T19:00:00+00:00,1,5314.266496428571,5314.891860714286,5312.703085714285,5317.706,6.25364285714295,5314.863,5312.105,completed,time,False,False,-0.22051147331275206,-0.27051147331275205,15.0
2026-06-21 13:30:00+00:00,2026-06-21 13:31:00+00:00,2026-06-21 13:45:00+00:00,2026-06-21 14:00:01+00:00,2026-06-21 13:34:13+00:00,2026-06-21 13:34:14+00:00,2026-06-21 13:49:14+00:00,,,CONTEXT_GEOMETRIC,boom:CONTEXT_GEOMETRIC:2026-06-21T13:30:00+00:00,1,5219.846153571429,5220.332489285714,5218.630314285714,5222.521,4.8633571428572395,5220.302,5216.542,completed,time,False,False,-0.38656424868175476,-0.43656424868175475,15.0
2026-06-21 16:30:00+00:00,2026-06-21 16:31:00+00:00,2026-06-21 16:45:00+00:00,2026-06-21 17:00:01+00:00,2026-06-21 16:34:24+00:00,2026-06-21 16:34:25+00:00,2026-06-21 16:49:25+00:00,,,CONTEXT_GEOMETRIC,boom:CONTEXT_GEOMETRIC:2026-06-21T16:30:00+00:00,1,5238.330832142858,5238.8559535714285,5237.018028571429,5241.219,5.2512142857143385,5238.826,5231.213,completed,time,False,False,-0.7248799597372234,-0.7748799597372235,15.0
2026-06-21 19:30:00+00:00,2026-06-21 19:31:00+00:00,2026-06-21 19:45:00+00:00,2026-06-21 20:00:01+00:00,2026-06-21 19:34:03+00:00,2026-06-21 19:34:04+00:00,2026-06-21 19:49:04+00:00,,,CONTEXT_GEOMETRIC,boom:CONTEXT_GEOMETRIC:2026-06-21T19:30:00+00:00,1,5234.6966785714285,5235.171464285714,5233.509714285714,5237.308,4.747857142857161,5235.158,5231.502,completed,time,False,False,-0.38501579659996304,-0.43501579659996303,15.0
2026-06-22 05:30:00+00:00,2026-06-22 05:31:00+00:00,2026-06-22 05:45:00+00:00,2026-06-22 06:00:01+00:00,2026-06-22 05:34:40+00:00,2026-06-22 05:34:41+00:00,2026-06-22 05:49:41+00:00,,,CONTEXT_GEOMETRIC,boom:CONTEXT_GEOMETRIC:2026-06-22T05:30:00+00:00,1,5205.5656071428575,5206.109678571429,5204.205428571429,5208.558,5.440714285714291,5206.106,5198.418,completed,time,False,False,-0.706524878561122,-0.756524878561122,15.0
2026-06-22 21:00:00+00:00,2026-06-22 21:01:00+00:00,2026-06-22 21:15:00+00:00,2026-06-22 21:30:01+00:00,2026-06-22 21:03:18+00:00,2026-06-22 21:03:19+00:00,2026-06-22 21:18:19+00:00,,,CONTEXT_GEOMETRIC,boom:CONTEXT_GEOMETRIC:2026-06-22T21:00:00+00:00,1,5138.469546428571,5138.867810714286,5137.473885714286,5140.66,3.9826428571428942,5138.845,5131.085,completed,time,False,False,-0.9742274512617434,-1.0242274512617433,15.0
2026-06-22 22:30:00+00:00,2026-06-22 22:31:00+00:00,2026-06-22 22:45:00+00:00,2026-06-22 23:00:01+00:00,2026-06-22 22:35:06+00:00,2026-06-22 22:35:07+00:00,2026-06-22 22:50:07+00:00,,,CONTEXT_GEOMETRIC,boom:CONTEXT_GEOMETRIC:2026-06-22T22:30:00+00:00,1,5153.121207142857,5153.692078571429,5151.694028571429,5156.261,5.70871428571432,5153.684,5153.285,completed,time,False,False,-0.03494657290861561,-0.08494657290861561,15.0
2026-06-22 23:30:00+00:00,2026-06-22 23:31:00+00:00,2026-06-22 23:45:00+00:00,2026-06-23 00:00:01+00:00,2026-06-22 23:35:37+00:00,2026-06-22 23:35:38+00:00,2026-06-22 23:50:38+00:00,,,CONTEXT_GEOMETRIC,boom:CONTEXT_GEOMETRIC:2026-06-22T23:30:00+00:00,1,5194.223003571428,5194.874639285714,5192.593914285714,5197.807,6.516357142857227,5194.873,5187.014,completed,time,False,False,-0.6030209692093038,-0.6530209692093039,15.0
2026-06-23 00:30:00+00:00,2026-06-23 00:31:00+00:00,2026-06-23 00:45:00+00:00,2026-06-23 01:00:01+00:00,2026-06-23 00:33:20+00:00,2026-06-23 00:33:21+00:00,2026-06-23 00:48:21+00:00,,,CONTEXT_GEOMETRIC,boom:CONTEXT_GEOMETRIC:2026-06-23T00:30:00+00:00,1,5187.604571428572,5188.022285714285,5186.560285714286,5189.902,4.177142857142826,5188.008,5190.509,completed,time,False,False,0.29936730506158615,0.24936730506158616,15.0
2026-06-23 13:00:00+00:00,2026-06-23 13:01:00+00:00,2026-06-23 13:15:00+00:00,2026-06-23 13:30:01+00:00,2026-06-23 13:05:50+00:00,2026-06-23 13:05:51+00:00,2026-06-23 13:20:51+00:00,,,CONTEXT_GEOMETRIC,boom:CONTEXT_GEOMETRIC:2026-06-23T13:00:00+00:00,1,5197.915135714286,5198.571292857143,5196.274742857144,5201.524,6.561571428571369,5198.557,5214.622,completed,time,False,False,1.2241732163463084,1.1741732163463083,15.0
2026-06-23 15:30:00+00:00,2026-06-23 15:31:00+00:00,2026-06-23 15:45:00+00:00,2026-06-23 16:00:01+00:00,2026-06-23 15:33:32+00:00,2026-06-23 15:33:33+00:00,2026-06-23 15:48:33+00:00,,,CONTEXT_GEOMETRIC,boom:CONTEXT_GEOMETRIC:2026-06-23T15:30:00+00:00,1,5210.317910714286,5210.7230178571435,5209.305142857143,5212.546,4.051071428571439,5210.712,5202.66,completed,time,False,False,-0.9938111610685706,-1.0438111610685705,15.0
2026-06-23 17:00:00+00:00,2026-06-23 17:01:00+00:00,2026-06-23 17:15:00+00:00,2026-06-23 17:30:01+00:00,2026-06-23 17:14:56+00:00,2026-06-23 17:14:57+00:00,2026-06-23 17:29:57+00:00,,,CONTEXT_GEOMETRIC,boom:CONTEXT_GEOMETRIC:2026-06-23T17:00:00+00:00,1,5213.710310714286,5214.206617857142,5212.469542857143,5216.44,4.963071428571506,5214.18,5217.746,completed,time,False,False,0.35925334254419405,0.30925334254419407,15.0
2026-06-23 17:30:00+00:00,2026-06-23 17:31:00+00:00,2026-06-23 17:45:00+00:00,2026-06-23 18:00:01+00:00,2026-06-23 17:34:47+00:00,2026-06-23 17:34:48+00:00,2026-06-23 17:49:48+00:00,,,CONTEXT_GEOMETRIC,boom:CONTEXT_GEOMETRIC:2026-06-23T17:30:00+00:00,1,5214.805178571428,5215.336964285714,5213.475714285713,5217.73,5.317857142857195,5215.301,5208.943,completed,time,False,False,-0.5977971793149871,-0.6477971793149871,15.0
2026-06-24 14:00:00+00:00,2026-06-24 14:01:00+00:00,2026-06-24 14:15:00+00:00,2026-06-24 14:30:01+00:00,2026-06-24 14:04:17+00:00,2026-06-24 14:04:18+00:00,2026-06-24 14:19:18+00:00,,,CONTEXT_GEOMETRIC,boom:CONTEXT_GEOMETRIC:2026-06-24T14:00:00+00:00,1,5142.411217857143,5142.872996428571,5141.2567714285715,5144.951,4.617785714285803,5142.867,5149.975,completed,time,False,False,0.7696329409581009,0.7196329409581008,15.0
2026-06-24 17:30:00+00:00,2026-06-24 17:31:00+00:00,2026-06-24 17:45:00+00:00,2026-06-24 18:00:01+00:00,2026-06-24 17:34:00+00:00,2026-06-24 17:34:01+00:00,2026-06-24 17:49:01+00:00,,,CONTEXT_GEOMETRIC,boom:CONTEXT_GEOMETRIC:2026-06-24T17:30:00+00:00,1,5182.159617857143,5182.612596428571,5181.027171428571,5184.651,4.529785714285741,5182.597,5182.902,completed,time,False,False,0.033666051689641964,-0.01633394831035804,15.0
2026-06-25 04:30:00+00:00,2026-06-25 04:31:00+00:00,2026-06-25 04:45:00+00:00,2026-06-25 05:00:01+00:00,2026-06-25 04:34:46+00:00,2026-06-25 04:34:47+00:00,2026-06-25 04:49:47+00:00,,,CONTEXT_GEOMETRIC,boom:CONTEXT_GEOMETRIC:2026-06-25T04:30:00+00:00,1,5212.6016500000005,5213.1353500000005,5211.267400000001,5215.537,5.336999999999924,5213.109,5205.226,completed,time,False,False,-0.7385235150834581,-0.7885235150834582,15.0
2026-06-26 05:30:00+00:00,2026-06-26 05:31:00+00:00,2026-06-26 05:45:00+00:00,2026-06-26 06:00:01+00:00,2026-06-26 05:35:16+00:00,2026-06-26 05:35:17+00:00,2026-06-26 05:50:17+00:00,,,CONTEXT_GEOMETRIC,boom:CONTEXT_GEOMETRIC:2026-06-26T05:30:00+00:00,1,5283.213378571428,5283.796764285714,5281.754914285713,5286.422,5.833857142857141,5283.779,5285.399,completed,time,False,False,0.13884467517201604,0.08884467517201604,15.0
2026-06-26 07:30:00+00:00,2026-06-26 07:31:00+00:00,2026-06-26 07:45:00+00:00,2026-06-26 08:00:01+00:00,2026-06-26 07:35:04+00:00,2026-06-26 07:35:05+00:00,2026-06-26 07:50:05+00:00,,,CONTEXT_GEOMETRIC,boom:CONTEXT_GEOMETRIC:2026-06-26T07:30:00+00:00,1,5326.997960714286,5327.619967857143,5325.442942857143,5330.419,6.220071428571373,5327.593,5323.494,completed,time,False,False,-0.32949782386515286,-0.37949782386515285,15.0
2026-06-26 09:30:00+00:00,2026-06-26 09:31:00+00:00,2026-06-26 09:45:00+00:00,2026-06-26 10:00:01+00:00,2026-06-26 09:33:14+00:00,2026-06-26 09:33:15+00:00,2026-06-26 09:48:15+00:00,,,CONTEXT_GEOMETRIC,boom:CONTEXT_GEOMETRIC:2026-06-26T09:30:00+00:00,1,5335.086414285714,5335.514157142858,5334.017057142857,5337.439,4.2774285714285725,5335.49,5344.402,completed,time,False,False,1.0417473782646753,0.9917473782646753,15.0
2026-06-27 00:30:00+00:00,2026-06-27 00:31:00+00:00,2026-06-27 00:45:00+00:00,2026-06-27 01:00:01+00:00,2026-06-27 00:32:41+00:00,2026-06-27 00:32:42+00:00,2026-06-27 00:47:42+00:00,,,CONTEXT_GEOMETRIC,boom:CONTEXT_GEOMETRIC:2026-06-27T00:30:00+00:00,1,5339.114082142857,5339.421703571428,5338.345028571429,5340.806,3.076214285714351,5339.401,5352.767,completed,time,False,False,2.1724754452364436,2.122475445236444,15.0
2026-06-27 01:00:00+00:00,2026-06-27 01:01:00+00:00,2026-06-27 01:15:00+00:00,2026-06-27 01:30:01+00:00,2026-06-27 01:03:35+00:00,2026-06-27 01:03:36+00:00,2026-06-27 01:18:36+00:00,,,CONTEXT_GEOMETRIC,boom:CONTEXT_GEOMETRIC:2026-06-27T01:00:00+00:00,1,5355.557196428571,5355.997160714285,5354.457285714285,5357.977,4.3996428571430055,5355.99,5347.931,completed,time,False,False,-0.9158697946261787,-0.9658697946261787,15.0
2026-06-27 04:30:00+00:00,2026-06-27 04:31:00+00:00,2026-06-27 04:45:00+00:00,2026-06-27 05:00:01+00:00,2026-06-27 04:35:54+00:00,2026-06-27 04:35:55+00:00,2026-06-27 04:50:55+00:00,,,CONTEXT_GEOMETRIC,boom:CONTEXT_GEOMETRIC:2026-06-27T04:30:00+00:00,1,5390.356221428571,5391.067635714286,5388.5776857142855,5394.269,7.114142857142984,5391.064,5383.002,completed,time,False,False,-0.5666178035703355,-0.6166178035703356,15.0
2026-06-27 08:30:00+00:00,2026-06-27 08:31:00+00:00,2026-06-27 08:45:00+00:00,2026-06-27 09:00:01+00:00,2026-06-27 08:36:17+00:00,2026-06-27 08:36:18+00:00,2026-06-27 08:51:18+00:00,,,CONTEXT_GEOMETRIC,boom:CONTEXT_GEOMETRIC:2026-06-27T08:30:00+00:00,1,5386.232925,5386.968575000001,5384.3938,5390.279,7.356499999999999,5386.952,5387.692,completed,time,False,False,0.05029565690204458,0.00029565690204457623,15.0
2026-06-27 09:30:00+00:00,2026-06-27 09:31:00+00:00,2026-06-27 09:45:00+00:00,2026-06-27 10:00:01+00:00,2026-06-27 09:34:05+00:00,2026-06-27 09:34:06+00:00,2026-06-27 09:49:06+00:00,,,CONTEXT_GEOMETRIC,boom:CONTEXT_GEOMETRIC:2026-06-27T09:30:00+00:00,1,5381.712957142858,5382.197328571429,5380.502028571429,5384.377,4.843714285714278,5382.169,5373.963,completed,time,False,False,-0.8470772134725566,-0.8970772134725566,15.0
2026-06-28 07:00:00+00:00,2026-06-28 07:01:00+00:00,2026-06-28 07:15:00+00:00,2026-06-28 07:30:01+00:00,2026-06-28 07:05:01+00:00,2026-06-28 07:05:02+00:00,2026-06-28 07:20:02+00:00,,,CONTEXT_GEOMETRIC,boom:CONTEXT_GEOMETRIC:2026-06-28T07:00:00+00:00,1,5494.523532142857,5495.175253571429,5492.894228571428,5498.108,6.517214285714284,5495.166,5486.839,completed,time,False,False,-0.6388465711686806,-0.6888465711686806,15.0
2026-06-28 08:00:00+00:00,2026-06-28 08:01:00+00:00,2026-06-28 08:15:00+00:00,2026-06-28 08:30:01+00:00,2026-06-28 08:06:06+00:00,2026-06-28 08:06:07+00:00,2026-06-28 08:21:07+00:00,,,CONTEXT_GEOMETRIC,boom:CONTEXT_GEOMETRIC:2026-06-28T08:00:00+00:00,1,5502.078653571429,5502.639989285714,5500.675314285714,5505.166,5.6133571428572395,5502.619,5494.145,completed,time,False,False,-0.7548067746573063,-0.8048067746573063,15.0
2026-06-28 08:30:00+00:00,2026-06-28 08:31:00+00:00,2026-06-28 08:45:00+00:00,2026-06-28 09:00:01+00:00,2026-06-28 08:43:29+00:00,2026-06-28 08:43:30+00:00,2026-06-28 08:58:30+00:00,,,CONTEXT_GEOMETRIC,boom:CONTEXT_GEOMETRIC:2026-06-28T08:30:00+00:00,1,5514.332910714286,5514.978017857143,5512.720142857143,5517.881,6.45107142857153,5514.963,5506.762,completed,time,False,False,-0.6356308475889858,-0.6856308475889858,15.0
2026-06-28 11:30:00+00:00,2026-06-28 11:31:00+00:00,2026-06-28 11:45:00+00:00,2026-06-28 12:00:01+00:00,2026-06-28 11:44:01+00:00,2026-06-28 11:44:02+00:00,2026-06-28 11:59:02+00:00,,,CONTEXT_GEOMETRIC,boom:CONTEXT_GEOMETRIC:2026-06-28T11:30:00+00:00,1,5549.295846428572,5549.969510714286,5547.611685714286,5553.001,6.736642857142864,5549.952,5545.047,completed,time,False,False,-0.3640537359643374,-0.41405373596433737,15.0
2026-06-28 17:00:00+00:00,2026-06-28 17:01:00+00:00,2026-06-28 17:15:00+00:00,2026-06-28 17:30:01+00:00,2026-06-28 17:03:46+00:00,2026-06-28 17:03:47+00:00,2026-06-28 17:18:47+00:00,,,CONTEXT_GEOMETRIC,boom:CONTEXT_GEOMETRIC:2026-06-28T17:00:00+00:00,1,5559.096717857143,5559.5974964285715,5557.844771428571,5561.851,5.007785714285676,5559.589,5559.977,completed,time,False,False,0.03873967678899229,-0.011260323211007714,15.0
2026-06-28 17:30:00+00:00,2026-06-28 17:31:00+00:00,2026-06-28 17:45:00+00:00,2026-06-28 18:00:01+00:00,2026-06-28 17:34:29+00:00,2026-06-28 17:34:30+00:00,2026-06-28 17:49:30+00:00,,,CONTEXT_GEOMETRIC,boom:CONTEXT_GEOMETRIC:2026-06-28T17:30:00+00:00,1,5568.913403571429,5569.4622392857145,5567.541314285714,5571.932,5.48835714285711,5569.451,5572.009,completed,time,False,False,0.2330387703840605,0.18303877038406052,15.0
2026-06-28 18:30:00+00:00,2026-06-28 18:31:00+00:00,2026-06-28 18:45:00+00:00,2026-06-28 19:00:01+00:00,2026-06-28 18:34:48+00:00,2026-06-28 18:34:49+00:00,2026-06-28 18:49:49+00:00,,,CONTEXT_GEOMETRIC,boom:CONTEXT_GEOMETRIC:2026-06-28T18:30:00+00:00,1,5585.4304999999995,5586.0095,5583.982999999999,5588.615,5.7900000000000285,5586.005,5580.895,completed,time,False,False,-0.4412780656303668,-0.4912780656303668,15.0
2026-06-28 19:30:00+00:00,2026-06-28 19:31:00+00:00,2026-06-28 19:45:00+00:00,2026-06-28 20:00:01+00:00,2026-06-28 19:32:53+00:00,2026-06-28 19:32:54+00:00,2026-06-28 19:47:54+00:00,,,CONTEXT_GEOMETRIC,boom:CONTEXT_GEOMETRIC:2026-06-28T19:30:00+00:00,1,5564.306017857143,5564.660196428571,5563.420571428572,5566.254,3.541785714285587,5564.648,5571.699,completed,time,False,False,0.995401835232391,0.945401835232391,15.0
2026-06-28 21:00:00+00:00,2026-06-28 21:01:00+00:00,2026-06-28 21:15:00+00:00,2026-06-28 21:30:01+00:00,2026-06-28 21:04:40+00:00,2026-06-28 21:04:41+00:00,2026-06-28 21:19:41+00:00,,,CONTEXT_GEOMETRIC,boom:CONTEXT_GEOMETRIC:2026-06-28T21:00:00+00:00,1,5590.0653571428575,5590.624928571428,5588.666428571429,5593.143,5.595714285714361,5590.607,5582.546,completed,time,False,False,-0.7202833801378237,-0.7702833801378237,15.0
2026-06-29 12:00:00+00:00,2026-06-29 12:01:00+00:00,2026-06-29 12:15:00+00:00,2026-06-29 12:30:01+00:00,2026-06-29 12:04:36+00:00,2026-06-29 12:04:37+00:00,2026-06-29 12:19:37+00:00,,,CONTEXT_GEOMETRIC,boom:CONTEXT_GEOMETRIC:2026-06-29T12:00:00+00:00,1,5564.196475000001,5564.786025,5562.722600000001,5567.439,5.895500000000019,5564.762,5570.205,completed,time,False,False,0.4616232719871252,0.4116232719871252,15.0
2026-06-29 13:30:00+00:00,2026-06-29 13:31:00+00:00,2026-06-29 13:45:00+00:00,2026-06-29 14:00:01+00:00,2026-06-29 13:34:48+00:00,2026-06-29 13:34:49+00:00,2026-06-29 13:49:49+00:00,,,CONTEXT_GEOMETRIC,boom:CONTEXT_GEOMETRIC:2026-06-29T13:30:00+00:00,1,5591.838389285715,5592.436682142857,5590.342657142857,5595.129,5.982928571428537,5592.413,5609.946,completed,time,False,False,1.4652523250677907,1.4152523250677906,15.0
2026-06-30 16:00:00+00:00,2026-06-30 16:01:00+00:00,2026-06-30 16:15:00+00:00,2026-06-30 16:30:01+00:00,2026-06-30 16:04:07+00:00,2026-06-30 16:04:08+00:00,2026-06-30 16:19:08+00:00,,,CONTEXT_GEOMETRIC,boom:CONTEXT_GEOMETRIC:2026-06-30T16:00:00+00:00,1,5542.619910714287,5543.113017857143,5541.387142857144,5545.332,4.931071428571288,5543.094,5540.273,completed,time,False,False,-0.2860433113638003,-0.3360433113638003,15.0
2026-06-30 16:30:00+00:00,2026-06-30 16:31:00+00:00,2026-06-30 16:45:00+00:00,2026-06-30 17:00:01+00:00,2026-06-30 16:33:47+00:00,2026-06-30 16:33:48+00:00,2026-06-30 16:48:48+00:00,,,CONTEXT_GEOMETRIC,boom:CONTEXT_GEOMETRIC:2026-06-30T16:30:00+00:00,1,5543.681146428572,5544.162210714286,5542.478485714286,5546.327,4.810642857142868,5544.145,5556.755,completed,time,False,False,1.3106356441817621,1.260635644181762,15.0
2026-06-30 17:00:00+00:00,2026-06-30 17:01:00+00:00,2026-06-30 17:15:00+00:00,2026-06-30 17:30:01+00:00,2026-06-30 17:04:10+00:00,2026-06-30 17:04:11+00:00,2026-06-30 17:19:11+00:00,,,CONTEXT_GEOMETRIC,boom:CONTEXT_GEOMETRIC:2026-06-30T17:00:00+00:00,1,5560.540110714285,5561.086817857143,5559.173342857142,5563.547,5.467071428571477,5561.07,5563.619,completed,time,False,False,0.23312298305438653,0.1831229830543865,15.0
2026-07-01 12:00:00+00:00,2026-07-01 12:01:00+00:00,2026-07-01 12:15:00+00:00,2026-07-01 12:30:01+00:00,2026-07-01 12:05:33+00:00,2026-07-01 12:05:34+00:00,2026-07-01 12:20:34+00:00,,,CONTEXT_GEOMETRIC,boom:CONTEXT_GEOMETRIC:2026-07-01T12:00:00+00:00,1,5465.212960714286,5465.904967857143,5463.482942857143,5469.019,6.920071428571321,5465.886,5465.892,completed,time,False,False,0.0004335215366875265,-0.049566478463312476,15.0
2026-07-01 15:00:00+00:00,2026-07-01 15:01:00+00:00,2026-07-01 15:15:00+00:00,2026-07-01 15:30:01+00:00,2026-07-01 15:07:59+00:00,2026-07-01 15:08:00+00:00,2026-07-01 15:23:00+00:00,,,CONTEXT_GEOMETRIC,boom:CONTEXT_GEOMETRIC:2026-07-01T15:00:00+00:00,1,5489.2423392857145,5489.919732142857,5487.548857142858,5492.968,6.773928571428639,5489.914,5484.544,completed,time,False,False,-0.3963726472293864,-0.4463726472293864,15.0
2026-07-02 14:00:00+00:00,2026-07-02 14:01:00+00:00,2026-07-02 14:15:00+00:00,2026-07-02 14:30:01+00:00,2026-07-02 14:04:09+00:00,2026-07-02 14:04:10+00:00,2026-07-02 14:19:10+00:00,,,CONTEXT_GEOMETRIC,boom:CONTEXT_GEOMETRIC:2026-07-02T14:00:00+00:00,1,5442.401442857143,5442.876271428571,5441.214371428571,5445.013,4.748285714285755,5442.87,5435.257,completed,time,False,False,-0.8016577411396825,-0.8516577411396825,15.0
2026-07-03 04:00:00+00:00,2026-07-03 04:01:00+00:00,2026-07-03 04:15:00+00:00,2026-07-03 04:30:01+00:00,2026-07-03 04:04:33+00:00,2026-07-03 04:04:34+00:00,2026-07-03 04:19:34+00:00,,,CONTEXT_GEOMETRIC,boom:CONTEXT_GEOMETRIC:2026-07-03T04:00:00+00:00,1,5407.123296428571,5407.681060714285,5405.728885714285,5410.191,5.577642857142889,5407.679,5417.856,completed,time,False,False,0.9123029441520016,0.8623029441520016,15.0
2026-07-03 10:30:00+00:00,2026-07-03 10:31:00+00:00,2026-07-03 10:45:00+00:00,2026-07-03 11:00:01+00:00,2026-07-03 10:33:45+00:00,2026-07-03 10:33:46+00:00,2026-07-03 10:48:46+00:00,,,CONTEXT_GEOMETRIC,boom:CONTEXT_GEOMETRIC:2026-07-03T10:30:00+00:00,1,5413.604074999999,5414.078425,5412.418199999999,5416.213,4.74350000000004,5414.074,5426.78,completed,time,False,False,1.339306419310638,1.289306419310638,15.0
2026-07-03 11:30:00+00:00,2026-07-03 11:31:00+00:00,2026-07-03 11:45:00+00:00,2026-07-03 12:00:01+00:00,2026-07-03 11:40:17+00:00,2026-07-03 11:40:18+00:00,2026-07-03 11:55:18+00:00,,,CONTEXT_GEOMETRIC,boom:CONTEXT_GEOMETRIC:2026-07-03T11:30:00+00:00,1,5419.318853571428,5419.833789285714,5418.0315142857135,5422.151,5.149357142857233,5419.831,5412.227,completed,time,False,False,-0.7383445922514732,-0.7883445922514732,15.0
2026-07-03 21:30:00+00:00,2026-07-03 21:31:00+00:00,2026-07-03 21:45:00+00:00,2026-07-03 22:00:01+00:00,2026-07-03 21:33:22+00:00,2026-07-03 21:33:23+00:00,2026-07-03 21:48:23+00:00,,,CONTEXT_GEOMETRIC,boom:CONTEXT_GEOMETRIC:2026-07-03T21:30:00+00:00,1,5457.814889285714,5458.208182142857,5456.831657142857,5459.978,3.93292857142855,5458.181,5464.478,completed,time,False,False,0.8005484825920998,0.7505484825920997,15.0
2026-07-03 22:30:00+00:00,2026-07-03 22:31:00+00:00,2026-07-03 22:45:00+00:00,2026-07-03 23:00:01+00:00,2026-07-03 22:33:41+00:00,2026-07-03 22:33:42+00:00,2026-07-03 22:48:42+00:00,,,CONTEXT_GEOMETRIC,boom:CONTEXT_GEOMETRIC:2026-07-03T22:30:00+00:00,1,5460.690157142857,5461.132128571428,5459.585228571428,5463.121,4.41971428571443,5461.122,5457.183,completed,time,False,False,-0.4456170405326983,-0.4956170405326983,15.0
2026-07-04 08:00:00+00:00,2026-07-04 08:01:00+00:00,2026-07-04 08:15:00+00:00,2026-07-04 08:30:01+00:00,2026-07-04 08:03:55+00:00,2026-07-04 08:03:56+00:00,2026-07-04 08:18:56+00:00,,,CONTEXT_GEOMETRIC,boom:CONTEXT_GEOMETRIC:2026-07-04T08:00:00+00:00,1,5429.397764285714,5429.893807142857,5428.157657142857,5432.126,4.96042857142863,5429.865,5429.387,completed,time,False,False,-0.04818132073842149,-0.0981813207384215,15.0
2026-07-04 11:00:00+00:00,2026-07-04 11:01:00+00:00,2026-07-04 11:15:00+00:00,2026-07-04 11:30:01+00:00,2026-07-04 11:05:25+00:00,2026-07-04 11:05:26+00:00,2026-07-04 11:20:26+00:00,,,CONTEXT_GEOMETRIC,boom:CONTEXT_GEOMETRIC:2026-07-04T11:00:00+00:00,1,5465.248403571429,5465.873239285715,5463.686314285715,5468.685,6.248357142857198,5465.851,5457.46,completed,time,False,False,-0.671456497136354,-0.7214564971363541,15.0
2026-07-04 13:30:00+00:00,2026-07-04 13:31:00+00:00,2026-07-04 13:45:00+00:00,2026-07-04 14:00:01+00:00,2026-07-04 13:40:13+00:00,2026-07-04 13:40:14+00:00,2026-07-04 13:55:14+00:00,,,CONTEXT_GEOMETRIC,boom:CONTEXT_GEOMETRIC:2026-07-04T13:30:00+00:00,1,5458.667110714286,5459.261817857143,5457.180342857143,5461.938,5.9470714285713,5459.246,5456.718,completed,time,False,False,-0.21254158709571477,-0.2625415870957148,15.0
2026-07-04 14:00:00+00:00,2026-07-04 14:01:00+00:00,2026-07-04 14:15:00+00:00,2026-07-04 14:30:01+00:00,2026-07-04 14:03:34+00:00,2026-07-04 14:03:35+00:00,2026-07-04 14:18:35+00:00,,,CONTEXT_GEOMETRIC,boom:CONTEXT_GEOMETRIC:2026-07-04T14:00:00+00:00,1,5454.8712214285715,5455.314635714286,5453.762685714286,5457.31,4.434142857142758,5455.3,5473.797,completed,time,False,False,2.085746963497513,2.0357469634975134,15.0
2026-07-04 14:30:00+00:00,2026-07-04 14:31:00+00:00,2026-07-04 14:45:00+00:00,2026-07-04 15:00:01+00:00,2026-07-04 14:34:12+00:00,2026-07-04 14:34:13+00:00,2026-07-04 14:49:13+00:00,,,CONTEXT_GEOMETRIC,boom:CONTEXT_GEOMETRIC:2026-07-04T14:30:00+00:00,1,5472.987314285714,5473.491257142857,5471.727457142857,5475.759,5.039428571428549,5473.478,5478.23,completed,time,False,False,0.4714820274407052,0.42148202744070523,15.0
2026-07-05 00:00:00+00:00,2026-07-05 00:01:00+00:00,2026-07-05 00:15:00+00:00,2026-07-05 00:30:01+00:00,2026-07-05 00:09:40+00:00,2026-07-05 00:09:41+00:00,2026-07-05 00:24:41+00:00,,,CONTEXT_GEOMETRIC,boom:CONTEXT_GEOMETRIC:2026-07-05T00:00:00+00:00,1,5481.5485392857145,5482.079532142857,5480.221057142858,5484.469,5.309928571428502,5482.074,5480.734,completed,time,False,False,-0.12617872180140674,-0.17617872180140676,15.0
2026-07-05 06:00:00+00:00,2026-07-05 06:01:00+00:00,2026-07-05 06:15:00+00:00,2026-07-05 06:30:01+00:00,2026-07-05 06:04:25+00:00,2026-07-05 06:04:26+00:00,2026-07-05 06:19:26+00:00,,,CONTEXT_GEOMETRIC,boom:CONTEXT_GEOMETRIC:2026-07-05T06:00:00+00:00,1,5559.514996428572,5560.035360714286,5558.214085714286,5562.377,5.203642857142833,5560.023,5553.995,completed,time,False,False,-0.5792096196346231,-0.6292096196346232,15.0
2026-07-06 14:00:00+00:00,2026-07-06 14:01:00+00:00,2026-07-06 14:15:00+00:00,2026-07-06 14:30:01+00:00,2026-07-06 14:03:56+00:00,2026-07-06 14:03:57+00:00,2026-07-06 14:18:57+00:00,,,CONTEXT_GEOMETRIC,boom:CONTEXT_GEOMETRIC:2026-07-06T14:00:00+00:00,1,5450.225653571429,5450.690989285714,5449.062314285715,5452.785,4.653357142857203,5450.68,5442.452,completed,time,False,False,-0.884092897600806,-0.934092897600806,15.0
2026-07-06 14:30:00+00:00,2026-07-06 14:31:00+00:00,2026-07-06 14:45:00+00:00,2026-07-06 15:00:01+00:00,2026-07-06 14:33:46+00:00,2026-07-06 14:33:47+00:00,2026-07-06 14:48:47+00:00,,,CONTEXT_GEOMETRIC,boom:CONTEXT_GEOMETRIC:2026-07-06T14:30:00+00:00,1,5438.377025,5438.816475,5437.2784,5440.794,4.39450000000001,5438.801,5430.654,completed,time,False,False,-0.9269541472294819,-0.9769541472294819,15.0
2026-07-07 03:30:00+00:00,2026-07-07 03:31:00+00:00,2026-07-07 03:45:00+00:00,2026-07-07 04:00:01+00:00,2026-07-07 03:44:56+00:00,2026-07-07 03:44:57+00:00,2026-07-07 03:59:57+00:00,,,CONTEXT_GEOMETRIC,boom:CONTEXT_GEOMETRIC:2026-07-07T03:30:00+00:00,1,5492.110310714286,5492.654617857143,5490.749542857144,5495.104,5.4430714285715895,5492.636,5484.975,completed,time,False,False,-0.7037386979515088,-0.7537386979515088,15.0
2026-07-07 20:00:00+00:00,2026-07-07 20:01:00+00:00,2026-07-07 20:15:00+00:00,2026-07-07 20:30:01+00:00,2026-07-07 20:07:53+00:00,2026-07-07 20:07:54+00:00,2026-07-07 20:22:54+00:00,,,CONTEXT_GEOMETRIC,boom:CONTEXT_GEOMETRIC:2026-07-07T20:00:00+00:00,1,5440.664603571428,5441.095039285715,5439.588514285714,5443.032,4.304357142857043,5441.069,5442.476,completed,time,False,False,0.1634390401751536,0.11343904017515359,15.0
2026-07-07 20:30:00+00:00,2026-07-07 20:31:00+00:00,2026-07-07 20:45:00+00:00,2026-07-07 21:00:01+00:00,2026-07-07 20:33:13+00:00,2026-07-07 20:33:14+00:00,2026-07-07 20:48:14+00:00,,,CONTEXT_GEOMETRIC,boom:CONTEXT_GEOMETRIC:2026-07-07T20:30:00+00:00,1,5443.278739285714,5443.679332142857,5442.277257142858,5445.482,4.005928571428415,5443.674,5478.852,completed,time,False,False,4.390742292673516,4.340742292673516,15.0
2026-07-07 21:30:00+00:00,2026-07-07 21:31:00+00:00,2026-07-07 21:45:00+00:00,2026-07-07 22:00:01+00:00,2026-07-07 21:40:44+00:00,2026-07-07 21:40:45+00:00,2026-07-07 21:55:45+00:00,,,CONTEXT_GEOMETRIC,boom:CONTEXT_GEOMETRIC:2026-07-07T21:30:00+00:00,1,5459.6204071428565,5460.198878571428,5458.174228571428,5462.802,5.784714285714277,5460.184,5452.12,completed,time,False,False,-0.6970093596424347,-0.7470093596424348,15.0
2026-07-08 01:30:00+00:00,2026-07-08 01:31:00+00:00,2026-07-08 01:45:00+00:00,2026-07-08 02:00:01+00:00,2026-07-08 01:34:46+00:00,2026-07-08 01:34:47+00:00,2026-07-08 01:49:47+00:00,,,CONTEXT_GEOMETRIC,boom:CONTEXT_GEOMETRIC:2026-07-08T01:30:00+00:00,1,5476.302121428572,5476.879735714286,5474.858085714286,5479.479,5.7761428571427915,5476.866,5471.141,completed,time,False,False,-0.4955729231073999,-0.5455729231073999,15.0
2026-07-08 03:00:00+00:00,2026-07-08 03:01:00+00:00,2026-07-08 03:15:00+00:00,2026-07-08 03:30:01+00:00,2026-07-08 03:04:14+00:00,2026-07-08 03:04:15+00:00,2026-07-08 03:19:15+00:00,,,CONTEXT_GEOMETRIC,boom:CONTEXT_GEOMETRIC:2026-07-08T03:00:00+00:00,1,5479.717292857143,5480.239421428571,5478.411971428572,5482.589,5.221285714285776,5480.235,5474.379,completed,time,False,False,-0.5607814167281989,-0.610781416728199,15.0
2026-07-08 08:00:00+00:00,2026-07-08 08:01:00+00:00,2026-07-08 08:15:00+00:00,2026-07-08 08:30:01+00:00,2026-07-08 08:03:57+00:00,2026-07-08 08:03:58+00:00,2026-07-08 08:18:58+00:00,,,CONTEXT_GEOMETRIC,boom:CONTEXT_GEOMETRIC:2026-07-08T08:00:00+00:00,1,5501.118932142857,5501.565853571428,5500.001628571429,5503.577,4.46921428571438,5501.551,5500.343,completed,time,False,False,-0.13514679793513706,-0.18514679793513705,15.0
2026-07-09 06:00:00+00:00,2026-07-09 06:01:00+00:00,2026-07-09 06:15:00+00:00,2026-07-09 06:30:01+00:00,2026-07-09 06:03:52+00:00,2026-07-09 06:03:53+00:00,2026-07-09 06:18:53+00:00,,,CONTEXT_GEOMETRIC,boom:CONTEXT_GEOMETRIC:2026-07-09T06:00:00+00:00,1,5470.2679,5470.7461,5469.0724,5472.898,4.781999999999958,5470.742,5478.198,completed,time,False,False,0.7795901296528854,0.7295901296528854,15.0
2026-07-09 14:00:00+00:00,2026-07-09 14:01:00+00:00,2026-07-09 14:15:00+00:00,2026-07-09 14:30:01+00:00,2026-07-09 14:04:10+00:00,2026-07-09 14:04:11+00:00,2026-07-09 14:19:11+00:00,,,CONTEXT_GEOMETRIC,boom:CONTEXT_GEOMETRIC:2026-07-09T14:00:00+00:00,1,5481.633682142858,5482.142103571429,5480.362628571429,5484.43,5.084214285714292,5482.128,5474.344,completed,time,False,False,-0.7655066803410766,-0.8155066803410767,15.0
2026-07-09 20:00:00+00:00,2026-07-09 20:01:00+00:00,2026-07-09 20:15:00+00:00,2026-07-09 20:30:01+00:00,2026-07-09 20:04:55+00:00,2026-07-09 20:04:56+00:00,2026-07-09 20:19:56+00:00,,,CONTEXT_GEOMETRIC,boom:CONTEXT_GEOMETRIC:2026-07-09T20:00:00+00:00,1,5490.851721428571,5491.462135714286,5489.325685714285,5494.209,6.104142857142896,5491.437,5487.711,completed,time,False,False,-0.30520255564133775,-0.35520255564133774,15.0
2026-07-10 22:30:00+00:00,2026-07-10 22:31:00+00:00,2026-07-10 22:45:00+00:00,2026-07-10 23:00:01+00:00,2026-07-10 22:35:19+00:00,2026-07-10 22:35:20+00:00,2026-07-10 22:50:20+00:00,,,CONTEXT_GEOMETRIC,boom:CONTEXT_GEOMETRIC:2026-07-10T22:30:00+00:00,1,5472.197292857143,5472.813421428572,5470.6569714285715,5475.586,6.161285714286025,5472.792,5468.285,completed,time,False,False,-0.36575158246194,-0.41575158246194,15.0
2026-07-10 23:00:00+00:00,2026-07-10 23:01:00+00:00,2026-07-10 23:15:00+00:00,2026-07-10 23:30:01+00:00,2026-07-10 23:05:13+00:00,2026-07-10 23:05:14+00:00,2026-07-10 23:20:14+00:00,,,CONTEXT_GEOMETRIC,boom:CONTEXT_GEOMETRIC:2026-07-10T23:00:00+00:00,1,5466.7132571428565,5467.317028571428,5465.203828571428,5470.034,6.037714285714563,5467.299,5462.058,completed,time,False,False,-0.43402186257805947,-0.48402186257805946,15.0
2026-07-11 09:30:00+00:00,2026-07-11 09:31:00+00:00,2026-07-11 09:45:00+00:00,2026-07-11 10:00:01+00:00,2026-07-11 09:34:34+00:00,2026-07-11 09:34:35+00:00,2026-07-11 09:49:35+00:00,,,CONTEXT_GEOMETRIC,boom:CONTEXT_GEOMETRIC:2026-07-11T09:30:00+00:00,1,5436.748525,5437.304975,5435.3574,5439.809,5.564499999999953,5437.295,5432.13,completed,time,False,False,-0.4641027945008543,-0.5141027945008543,15.0
2026-07-11 10:00:00+00:00,2026-07-11 10:01:00+00:00,2026-07-11 10:15:00+00:00,2026-07-11 10:30:01+00:00,2026-07-11 10:03:20+00:00,2026-07-11 10:03:21+00:00,2026-07-11 10:18:21+00:00,,,CONTEXT_GEOMETRIC,boom:CONTEXT_GEOMETRIC:2026-07-11T10:00:00+00:00,1,5429.97375,5430.40925,5428.885,5432.369,4.355000000000018,5430.386,5422.041,completed,time,False,False,-0.958094144661334,-1.008094144661334,15.0
2026-07-11 12:00:00+00:00,2026-07-11 12:01:00+00:00,2026-07-11 12:15:00+00:00,2026-07-11 12:30:01+00:00,2026-07-11 12:06:50+00:00,2026-07-11 12:06:51+00:00,2026-07-11 12:21:51+00:00,,,CONTEXT_GEOMETRIC,boom:CONTEXT_GEOMETRIC:2026-07-11T12:00:00+00:00,1,5423.2901678571425,5423.767046428571,5422.097971428571,5425.913,4.768785714285708,5423.766,5425.323,completed,time,False,False,0.163249105043286,0.11324910504328599,15.0
2026-07-13 02:00:00+00:00,2026-07-13 02:01:00+00:00,2026-07-13 02:15:00+00:00,2026-07-13 02:30:01+00:00,2026-07-13 02:04:15+00:00,2026-07-13 02:04:16+00:00,2026-07-13 02:19:16+00:00,,,CONTEXT_GEOMETRIC,boom:CONTEXT_GEOMETRIC:2026-07-13T02:00:00+00:00,1,5395.017357142857,5395.552928571428,5393.678428571428,5397.963,5.3557142857143845,5395.541,5399.101,completed,time,False,False,0.33235529474521175,0.28235529474521176,15.0
2026-07-13 16:00:00+00:00,2026-07-13 16:01:00+00:00,2026-07-13 16:15:00+00:00,2026-07-13 16:30:01+00:00,2026-07-13 16:05:57+00:00,2026-07-13 16:05:58+00:00,2026-07-13 16:20:58+00:00,,,CONTEXT_GEOMETRIC,boom:CONTEXT_GEOMETRIC:2026-07-13T16:00:00+00:00,1,5401.421396428572,5402.138960714286,5399.627485714286,5405.368,7.175642857142781,5402.123,5417.232,completed,time,False,False,1.0527976587463919,1.0027976587463918,15.0
2026-07-13 20:00:00+00:00,2026-07-13 20:01:00+00:00,2026-07-13 20:15:00+00:00,2026-07-13 20:30:01+00:00,2026-07-13 20:04:07+00:00,2026-07-13 20:04:08+00:00,2026-07-13 20:19:08+00:00,,,CONTEXT_GEOMETRIC,boom:CONTEXT_GEOMETRIC:2026-07-13T20:00:00+00:00,1,5414.560217857143,5415.059996428571,5413.310771428571,5417.309,4.997785714285848,5415.055,5407.039,completed,time,False,False,-0.8019551515671544,-0.8519551515671544,15.0
2026-07-14 09:00:00+00:00,2026-07-14 09:01:00+00:00,2026-07-14 09:15:00+00:00,2026-07-14 09:30:01+00:00,2026-07-14 09:05:03+00:00,2026-07-14 09:05:04+00:00,2026-07-14 09:20:04+00:00,,,CONTEXT_GEOMETRIC,boom:CONTEXT_GEOMETRIC:2026-07-14T09:00:00+00:00,1,5350.712117857143,5351.298096428572,5349.247171428572,5353.935,5.859785714285733,5351.286,5346.968,completed,time,False,False,-0.36844350719798846,-0.41844350719798845,15.0
2026-07-14 14:00:00+00:00,2026-07-14 14:01:00+00:00,2026-07-14 14:15:00+00:00,2026-07-14 14:30:01+00:00,2026-07-14 14:04:13+00:00,2026-07-14 14:04:14+00:00,2026-07-14 14:19:14+00:00,,,CONTEXT_GEOMETRIC,boom:CONTEXT_GEOMETRIC:2026-07-14T14:00:00+00:00,1,5338.978728571428,5339.520414285714,5337.624514285714,5341.958,5.416857142857225,5339.501,5331.396,completed,time,False,False,-0.7481275383723094,-0.7981275383723094,15.0
2026-07-15 07:00:00+00:00,2026-07-15 07:01:00+00:00,2026-07-15 07:15:00+00:00,2026-07-15 07:30:01+00:00,2026-07-15 07:03:34+00:00,2026-07-15 07:03:35+00:00,2026-07-15 07:18:35+00:00,,,CONTEXT_GEOMETRIC,boom:CONTEXT_GEOMETRIC:2026-07-15T07:00:00+00:00,1,5352.270671428571,5352.708185714286,5351.176885714286,5354.677,4.375142857142821,5352.695,5349.836,completed,time,False,False,-0.32673218833664935,-0.37673218833664934,15.0
2026-07-15 21:00:00+00:00,2026-07-15 21:01:00+00:00,2026-07-15 21:15:00+00:00,2026-07-15 21:30:01+00:00,2026-07-15 21:04:20+00:00,2026-07-15 21:04:21+00:00,2026-07-15 21:19:21+00:00,,,CONTEXT_GEOMETRIC,boom:CONTEXT_GEOMETRIC:2026-07-15T21:00:00+00:00,1,5373.376746428571,5373.900610714286,5372.067085714285,5376.258,5.238642857142752,5373.877,5383.254,completed,time,False,False,0.8949837062488623,0.8449837062488622,15.0
2026-07-16 00:00:00+00:00,2026-07-16 00:01:00+00:00,2026-07-16 00:15:00+00:00,2026-07-16 00:30:01+00:00,2026-07-16 00:04:20+00:00,2026-07-16 00:04:21+00:00,2026-07-16 00:19:21+00:00,,,CONTEXT_GEOMETRIC,boom:CONTEXT_GEOMETRIC:2026-07-16T00:00:00+00:00,1,5388.7230178571435,5389.233196428572,5387.447571428572,5391.529,5.101785714285922,5389.223,5404.166,completed,time,False,False,1.464487224361179,1.414487224361179,15.0
2026-07-16 03:00:00+00:00,2026-07-16 03:01:00+00:00,2026-07-16 03:15:00+00:00,2026-07-16 03:30:01+00:00,2026-07-16 03:04:21+00:00,2026-07-16 03:04:22+00:00,2026-07-16 03:19:22+00:00,,,CONTEXT_GEOMETRIC,boom:CONTEXT_GEOMETRIC:2026-07-16T03:00:00+00:00,1,5405.344310714286,5405.910617857143,5403.928542857143,5408.459,5.663071428571324,5405.902,5404.794,completed,time,False,False,-0.09782677244808302,-0.147826772448083,15.0
2026-07-16 03:30:00+00:00,2026-07-16 03:31:00+00:00,2026-07-16 03:45:00+00:00,2026-07-16 04:00:01+00:00,2026-07-16 03:33:30+00:00,2026-07-16 03:33:31+00:00,2026-07-16 03:48:31+00:00,,,CONTEXT_GEOMETRIC,boom:CONTEXT_GEOMETRIC:2026-07-16T03:30:00+00:00,1,5405.932010714286,5406.332917857143,5404.929742857143,5408.137,4.009071428571198,5406.306,5412.344,completed,time,False,False,0.7530422078501557,0.7030422078501557,15.0
2026-07-16 05:00:00+00:00,2026-07-16 05:01:00+00:00,2026-07-16 05:15:00+00:00,2026-07-16 05:30:01+00:00,2026-07-16 05:05:07+00:00,2026-07-16 05:05:08+00:00,2026-07-16 05:20:08+00:00,,,CONTEXT_GEOMETRIC,boom:CONTEXT_GEOMETRIC:2026-07-16T05:00:00+00:00,1,5444.435146428571,5445.048210714285,5442.902485714285,5447.807,6.130642857142773,5445.036,5437.111,completed,time,False,False,-0.6463433105360896,-0.6963433105360897,15.0
2026-07-16 16:00:00+00:00,2026-07-16 16:01:00+00:00,2026-07-16 16:15:00+00:00,2026-07-16 16:30:01+00:00,2026-07-16 16:05:00+00:00,2026-07-16 16:05:01+00:00,2026-07-16 16:20:01+00:00,,,CONTEXT_GEOMETRIC,boom:CONTEXT_GEOMETRIC:2026-07-16T16:00:00+00:00,1,5401.921103571429,5402.544539285715,5400.3625142857145,5405.35,6.234357142857269,5402.538,5402.665,completed,time,False,False,0.010185492833524297,-0.03981450716647571,15.0
2026-07-17 13:30:00+00:00,2026-07-17 13:31:00+00:00,2026-07-17 13:45:00+00:00,2026-07-17 14:00:01+00:00,2026-07-17 13:35:27+00:00,2026-07-17 13:35:28+00:00,2026-07-17 13:50:28+00:00,,,CONTEXT_GEOMETRIC,boom:CONTEXT_GEOMETRIC:2026-07-17T13:30:00+00:00,1,5375.345885714285,5375.973542857142,5373.776742857142,5378.798,6.2765714285716445,5375.937,5383.761,completed,time,False,False,0.623270211216335,0.5732702112163349,15.0
2026-07-17 14:30:00+00:00,2026-07-17 14:31:00+00:00,2026-07-17 14:45:00+00:00,2026-07-17 15:00:01+00:00,2026-07-17 14:34:12+00:00,2026-07-17 14:34:13+00:00,2026-07-17 14:49:13+00:00,,,CONTEXT_GEOMETRIC,boom:CONTEXT_GEOMETRIC:2026-07-17T14:30:00+00:00,1,5379.294307142857,5379.810978571429,5378.002628571428,5382.136,5.166714285714339,5379.779,5379.189,completed,time,False,False,-0.05709624796086178,-0.10709624796086178,15.0
2026-07-17 17:00:00+00:00,2026-07-17 17:01:00+00:00,2026-07-17 17:15:00+00:00,2026-07-17 17:30:01+00:00,2026-07-17 17:04:42+00:00,2026-07-17 17:04:43+00:00,2026-07-17 17:19:43+00:00,,,CONTEXT_GEOMETRIC,boom:CONTEXT_GEOMETRIC:2026-07-17T17:00:00+00:00,1,5397.345792857142,5397.910921428571,5395.932971428571,5400.454,5.651285714285677,5397.894,5398.842,completed,time,False,False,0.08387471877443714,0.03387471877443714,15.0
2026-07-17 17:30:00+00:00,2026-07-17 17:31:00+00:00,2026-07-17 17:45:00+00:00,2026-07-17 18:00:01+00:00,2026-07-17 17:44:09+00:00,2026-07-17 17:44:10+00:00,2026-07-17 17:59:10+00:00,,,CONTEXT_GEOMETRIC,boom:CONTEXT_GEOMETRIC:2026-07-17T17:30:00+00:00,1,5395.728946428571,5396.218410714286,5394.5052857142855,5398.421,4.8946428571428315,5396.213,5403.557,completed,time,False,False,0.7502079533017239,0.7002079533017238,15.0
2026-07-17 18:00:00+00:00,2026-07-17 18:01:00+00:00,2026-07-17 18:15:00+00:00,2026-07-17 18:30:01+00:00,2026-07-17 18:03:51+00:00,2026-07-17 18:03:52+00:00,2026-07-17 18:18:52+00:00,,,CONTEXT_GEOMETRIC,boom:CONTEXT_GEOMETRIC:2026-07-17T18:00:00+00:00,1,5400.561025000001,5401.032475000001,5399.382400000001,5403.154,4.714499999999979,5401.01,5401.098,completed,time,False,False,0.009332909110164224,-0.04066709088983578,15.0
2026-07-17 18:30:00+00:00,2026-07-17 18:31:00+00:00,2026-07-17 18:45:00+00:00,2026-07-17 19:00:01+00:00,2026-07-17 18:34:04+00:00,2026-07-17 18:34:05+00:00,2026-07-17 18:49:05+00:00,,,CONTEXT_GEOMETRIC,boom:CONTEXT_GEOMETRIC:2026-07-17T18:30:00+00:00,1,5397.832467857143,5398.288746428571,5396.691771428571,5400.342,4.562785714285643,5398.277,5411.344,completed,time,False,False,1.4319103304685652,1.3819103304685652,15.0
2026-07-18 23:00:00+00:00,2026-07-18 23:01:00+00:00,2026-07-18 23:15:00+00:00,2026-07-18 23:30:01+00:00,2026-07-18 23:04:32+00:00,2026-07-18 23:04:33+00:00,2026-07-18 23:19:33+00:00,,,CONTEXT_GEOMETRIC,boom:CONTEXT_GEOMETRIC:2026-07-18T23:00:00+00:00,1,5456.708228571429,5457.306914285715,5455.211514285715,5460.001,5.986857142856999,5457.29,5448.912,completed,time,False,False,-0.699699341414519,-0.749699341414519,15.0
2026-07-20 20:00:00+00:00,2026-07-20 20:01:00+00:00,2026-07-20 20:15:00+00:00,2026-07-20 20:30:01+00:00,2026-07-20 20:03:36+00:00,2026-07-20 20:03:37+00:00,2026-07-20 20:18:37+00:00,,,CONTEXT_GEOMETRIC,boom:CONTEXT_GEOMETRIC:2026-07-20T20:00:00+00:00,1,5322.295089285714,5322.735982142857,5321.192857142857,5324.72,4.4089285714285325,5322.718,5314.982,completed,time,False,False,-0.8773106520858585,-0.9273106520858585,15.0
2026-07-20 22:00:00+00:00,2026-07-20 22:01:00+00:00,2026-07-20 22:15:00+00:00,2026-07-20 22:30:01+00:00,2026-07-20 22:03:57+00:00,2026-07-20 22:03:58+00:00,2026-07-20 22:18:58+00:00,,,CONTEXT_GEOMETRIC,boom:CONTEXT_GEOMETRIC:2026-07-20T22:00:00+00:00,1,5332.017792857143,5332.502921428571,5330.804971428572,5334.686,4.851285714285821,5332.493,5325.239,completed,time,False,False,-0.7476368562090254,-0.7976368562090255,15.0
2026-07-20 22:30:00+00:00,2026-07-20 22:31:00+00:00,2026-07-20 22:45:00+00:00,2026-07-20 23:00:01+00:00,2026-07-20 22:33:47+00:00,2026-07-20 22:33:48+00:00,2026-07-20 22:48:48+00:00,,,CONTEXT_GEOMETRIC,boom:CONTEXT_GEOMETRIC:2026-07-20T22:30:00+00:00,1,5325.571957142857,5326.036328571428,5324.411028571429,5328.126,4.6437142857143305,5326.01,5350.642,completed,time,False,False,2.6521872885005164,2.6021872885005166,15.0
2026-07-20 23:00:00+00:00,2026-07-20 23:01:00+00:00,2026-07-20 23:15:00+00:00,2026-07-20 23:30:01+00:00,2026-07-20 23:11:57+00:00,2026-07-20 23:11:58+00:00,2026-07-20 23:26:58+00:00,,,CONTEXT_GEOMETRIC,boom:CONTEXT_GEOMETRIC:2026-07-20T23:00:00+00:00,1,5352.090046428571,5352.6513107142855,5350.686885714285,5355.177,5.612642857143003,5352.646,5344.826,completed,time,False,False,-0.6966415108746394,-0.7466415108746395,15.0
2026-07-21 01:30:00+00:00,2026-07-21 01:31:00+00:00,2026-07-21 01:45:00+00:00,2026-07-21 02:00:01+00:00,2026-07-21 01:38:23+00:00,2026-07-21 01:38:24+00:00,2026-07-21 01:53:24+00:00,,,CONTEXT_GEOMETRIC,boom:CONTEXT_GEOMETRIC:2026-07-21T01:30:00+00:00,1,5360.961242857143,5361.428471428571,5359.793171428571,5363.531,4.672285714285798,5361.424,5359.062,completed,time,False,False,-0.2527670763774271,-0.3027670763774271,15.0
2026-07-21 04:00:00+00:00,2026-07-21 04:01:00+00:00,2026-07-21 04:15:00+00:00,2026-07-21 04:30:01+00:00,2026-07-21 04:04:02+00:00,2026-07-21 04:04:03+00:00,2026-07-21 04:19:03+00:00,,,CONTEXT_GEOMETRIC,boom:CONTEXT_GEOMETRIC:2026-07-21T04:00:00+00:00,1,5353.853914285714,5354.370657142857,5352.562057142857,5356.696,5.167428571428445,5354.36,5364.898,completed,time,False,False,1.0196560875816247,0.9696560875816247,15.0
2026-07-21 05:00:00+00:00,2026-07-21 05:01:00+00:00,2026-07-21 05:15:00+00:00,2026-07-21 05:30:01+00:00,2026-07-21 05:04:27+00:00,2026-07-21 05:04:28+00:00,2026-07-21 05:19:28+00:00,,,CONTEXT_GEOMETRIC,boom:CONTEXT_GEOMETRIC:2026-07-21T05:00:00+00:00,1,5365.353960714286,5365.899967857143,5363.988942857143,5368.357,5.460071428571545,5365.889,5364.227,completed,time,False,False,-0.1521958111484882,-0.20219581114848822,15.0
2026-07-22 01:00:00+00:00,2026-07-22 01:01:00+00:00,2026-07-22 01:15:00+00:00,2026-07-22 01:30:01+00:00,2026-07-22 01:03:31+00:00,2026-07-22 01:03:32+00:00,2026-07-22 01:18:32+00:00,,,CONTEXT_GEOMETRIC,boom:CONTEXT_GEOMETRIC:2026-07-22T01:00:00+00:00,1,5424.251417857143,5424.662796428572,5423.222971428571,5426.514,4.1137857142857035,5424.644,5419.963,completed,time,False,False,-0.5689406698731365,-0.6189406698731366,15.0
2026-07-22 17:00:00+00:00,2026-07-22 17:01:00+00:00,2026-07-22 17:15:00+00:00,2026-07-22 17:30:01+00:00,2026-07-22 17:09:44+00:00,2026-07-22 17:09:45+00:00,2026-07-22 17:24:45+00:00,,,CONTEXT_GEOMETRIC,boom:CONTEXT_GEOMETRIC:2026-07-22T17:00:00+00:00,1,5494.947082142857,5495.396703571429,5493.823028571428,5497.42,4.496214285714359,5495.382,5501.36,completed,time,False,False,0.6647814828347622,0.6147814828347622,15.0
2026-07-22 17:30:00+00:00,2026-07-22 17:31:00+00:00,2026-07-22 17:45:00+00:00,2026-07-22 18:00:01+00:00,2026-07-22 17:34:04+00:00,2026-07-22 17:34:05+00:00,2026-07-22 17:49:05+00:00,,,CONTEXT_GEOMETRIC,boom:CONTEXT_GEOMETRIC:2026-07-22T17:30:00+00:00,1,5499.3413,5499.8427,5498.0878,5502.099,5.013999999999994,5499.837,5495.481,completed,time,False,False,-0.43438372556847643,-0.4843837255684764,15.0
2026-07-22 20:00:00+00:00,2026-07-22 20:01:00+00:00,2026-07-22 20:15:00+00:00,2026-07-22 20:30:01+00:00,2026-07-22 20:04:12+00:00,2026-07-22 20:04:13+00:00,2026-07-22 20:19:13+00:00,,,CONTEXT_GEOMETRIC,boom:CONTEXT_GEOMETRIC:2026-07-22T20:00:00+00:00,1,5501.100317857143,5501.635896428572,5499.761371428572,5504.046,5.355785714285632,5501.62,5495.364,completed,time,False,False,-0.5840412904602881,-0.6340412904602881,15.0
2026-07-24 00:00:00+00:00,2026-07-24 00:01:00+00:00,2026-07-24 00:15:00+00:00,2026-07-24 00:30:01+00:00,2026-07-24 00:03:54+00:00,2026-07-24 00:03:55+00:00,2026-07-24 00:18:55+00:00,,,CONTEXT_GEOMETRIC,boom:CONTEXT_GEOMETRIC:2026-07-24T00:00:00+00:00,1,5490.109578571429,5490.612564285714,5488.852114285714,5492.876,5.029857142857119,5490.586,5497.718,completed,time,False,False,0.7089664574398234,0.6589664574398234,15.0
2026-07-24 01:00:00+00:00,2026-07-24 01:01:00+00:00,2026-07-24 01:15:00+00:00,2026-07-24 01:30:01+00:00,2026-07-24 01:05:48+00:00,2026-07-24 01:05:49+00:00,2026-07-24 01:20:49+00:00,,,CONTEXT_GEOMETRIC,boom:CONTEXT_GEOMETRIC:2026-07-24T01:00:00+00:00,1,5540.045685714285,5540.789742857142,5538.1855428571425,5544.138,7.440571428571535,5540.761,5565.718,completed,time,False,False,1.6770889332615917,1.6270889332615917,15.0
2026-07-24 02:30:00+00:00,2026-07-24 02:31:00+00:00,2026-07-24 02:45:00+00:00,2026-07-24 03:00:01+00:00,2026-07-24 02:34:28+00:00,2026-07-24 02:34:29+00:00,2026-07-24 02:49:29+00:00,,,CONTEXT_GEOMETRIC,boom:CONTEXT_GEOMETRIC:2026-07-24T02:30:00+00:00,1,5589.911764285714,5590.499807142857,5588.4416571428565,5593.146,5.880428571428638,5590.473,5596.667,completed,time,False,False,0.5266622938075749,0.4766622938075749,15.0
2026-07-24 04:30:00+00:00,2026-07-24 04:31:00+00:00,2026-07-24 04:45:00+00:00,2026-07-24 05:00:01+00:00,2026-07-24 04:35:16+00:00,2026-07-24 04:35:17+00:00,2026-07-24 04:50:17+00:00,,,CONTEXT_GEOMETRIC,boom:CONTEXT_GEOMETRIC:2026-07-24T04:30:00+00:00,1,5618.980907142857,5619.644378571429,5617.322228571428,5622.63,6.634714285714251,5619.624,5610.848,completed,time,False,False,-0.6613698512154598,-0.7113698512154598,15.0
2026-07-24 05:00:00+00:00,2026-07-24 05:01:00+00:00,2026-07-24 05:15:00+00:00,2026-07-24 05:30:01+00:00,2026-07-24 05:03:36+00:00,2026-07-24 05:03:37+00:00,2026-07-24 05:18:37+00:00,,,CONTEXT_GEOMETRIC,boom:CONTEXT_GEOMETRIC:2026-07-24T05:00:00+00:00,1,5608.358364285715,5608.833207142858,5607.171257142858,5610.97,4.748428571428511,5608.825,5611.134,completed,time,False,False,0.2431330665784407,0.1931330665784407,15.0
2026-07-24 05:30:00+00:00,2026-07-24 05:31:00+00:00,2026-07-24 05:45:00+00:00,2026-07-24 06:00:01+00:00,2026-07-24 05:33:56+00:00,2026-07-24 05:33:57+00:00,2026-07-24 05:48:57+00:00,,,CONTEXT_GEOMETRIC,boom:CONTEXT_GEOMETRIC:2026-07-24T05:30:00+00:00,1,5618.494039285714,5618.996032142857,5617.239057142857,5621.255,5.019928571428538,5618.98,5621.645,completed,time,False,False,0.2654420239332693,0.21544202393326933,15.0
2026-07-24 06:30:00+00:00,2026-07-24 06:31:00+00:00,2026-07-24 06:45:00+00:00,2026-07-24 07:00:01+00:00,2026-07-24 06:33:30+00:00,2026-07-24 06:33:31+00:00,2026-07-24 06:48:31+00:00,,,CONTEXT_GEOMETRIC,boom:CONTEXT_GEOMETRIC:2026-07-24T06:30:00+00:00,1,5604.195696428572,5604.6326607142855,5603.103285714286,5606.599,4.36964285714287,5604.629,5596.243,completed,time,False,False,-0.9595749897833495,-1.0095749897833495,15.0
2026-07-25 16:00:00+00:00,2026-07-25 16:01:00+00:00,2026-07-25 16:15:00+00:00,2026-07-25 16:30:01+00:00,2026-07-25 16:05:53+00:00,2026-07-25 16:05:54+00:00,2026-07-25 16:20:54+00:00,,,CONTEXT_GEOMETRIC,boom:CONTEXT_GEOMETRIC:2026-07-25T16:00:00+00:00,1,5515.770085714285,5516.499342857142,5513.946942857143,5519.781,7.292571428571331,5516.474,5514.799,completed,time,False,False,-0.11484289296349935,-0.16484289296349935,15.0
2026-07-25 16:30:00+00:00,2026-07-25 16:31:00+00:00,2026-07-25 16:45:00+00:00,2026-07-25 17:00:01+00:00,2026-07-25 16:37:57+00:00,2026-07-25 16:37:58+00:00,2026-07-25 16:52:58+00:00,,,CONTEXT_GEOMETRIC,boom:CONTEXT_GEOMETRIC:2026-07-25T16:30:00+00:00,1,5517.958317857143,5518.4598964285715,5516.704371428572,5520.717,5.0157857142856175,5518.455,5517.346,completed,time,False,False,-0.11055097477966418,-0.16055097477966418,15.0
2026-07-26 05:00:00+00:00,2026-07-26 05:01:00+00:00,2026-07-26 05:15:00+00:00,2026-07-26 05:30:01+00:00,2026-07-26 05:04:36+00:00,2026-07-26 05:04:37+00:00,2026-07-26 05:19:37+00:00,,,CONTEXT_GEOMETRIC,boom:CONTEXT_GEOMETRIC:2026-07-26T05:00:00+00:00,1,5512.276946428571,5512.8424107142855,5510.863285714286,5515.387,5.654642857142854,5512.822,5518.2,completed,time,False,False,0.4755384323880241,0.42553843238802413,15.0
2026-07-26 05:30:00+00:00,2026-07-26 05:31:00+00:00,2026-07-26 05:45:00+00:00,2026-07-26 06:00:01+00:00,2026-07-26 05:34:44+00:00,2026-07-26 05:34:45+00:00,2026-07-26 05:49:45+00:00,,,CONTEXT_GEOMETRIC,boom:CONTEXT_GEOMETRIC:2026-07-26T05:30:00+00:00,1,5512.838207142858,5513.401078571429,5511.431028571429,5515.934,5.628714285714328,5513.382,5509.805,completed,time,False,False,-0.3177457424937822,-0.36774574249378217,15.0
2026-07-26 07:00:00+00:00,2026-07-26 07:01:00+00:00,2026-07-26 07:15:00+00:00,2026-07-26 07:30:01+00:00,2026-07-26 07:03:55+00:00,2026-07-26 07:03:56+00:00,2026-07-26 07:18:56+00:00,,,CONTEXT_GEOMETRIC,boom:CONTEXT_GEOMETRIC:2026-07-26T07:00:00+00:00,1,5513.535282142857,5514.004503571428,5512.362228571428,5516.116,4.692214285714207,5513.993,5508.672,completed,time,False,False,-0.5670030902255466,-0.6170030902255467,15.0
2026-07-27 10:30:00+00:00,2026-07-27 10:31:00+00:00,2026-07-27 10:45:00+00:00,2026-07-27 11:00:01+00:00,2026-07-27 10:34:41+00:00,2026-07-27 10:34:42+00:00,2026-07-27 10:49:42+00:00,,,CONTEXT_GEOMETRIC,boom:CONTEXT_GEOMETRIC:2026-07-27T10:30:00+00:00,1,5484.200639285714,5484.777432142857,5482.7586571428565,5487.373,5.767928571428586,5484.772,5476.434,completed,time,False,False,-0.7227898106524752,-0.7727898106524752,15.0
2026-07-27 22:00:00+00:00,2026-07-27 22:01:00+00:00,2026-07-27 22:15:00+00:00,2026-07-27 22:30:01+00:00,2026-07-27 22:11:00+00:00,2026-07-27 22:11:01+00:00,2026-07-27 22:26:01+00:00,,,CONTEXT_GEOMETRIC,boom:CONTEXT_GEOMETRIC:2026-07-27T22:00:00+00:00,1,5494.197835714286,5494.698592857143,5492.945942857144,5496.952,5.007571428571347,5494.679,5492.621,completed,time,False,False,-0.20548883119847353,-0.25548883119847354,15.0
2026-07-29 06:30:00+00:00,2026-07-29 06:31:00+00:00,2026-07-29 06:45:00+00:00,2026-07-29 07:00:01+00:00,2026-07-29 06:35:25+00:00,2026-07-29 06:35:26+00:00,2026-07-29 06:50:26+00:00,,,CONTEXT_GEOMETRIC,boom:CONTEXT_GEOMETRIC:2026-07-29T06:30:00+00:00,1,5521.055117857143,5521.715096428572,5519.4051714285715,5524.685,6.599785714285774,5521.695,5523.169,completed,time,False,False,0.11167029232551952,0.061670292325519516,15.0
2026-07-29 08:30:00+00:00,2026-07-29 08:31:00+00:00,2026-07-29 08:45:00+00:00,2026-07-29 09:00:01+00:00,2026-07-29 08:34:10+00:00,2026-07-29 08:34:11+00:00,2026-07-29 08:49:11+00:00,,,CONTEXT_GEOMETRIC,boom:CONTEXT_GEOMETRIC:2026-07-29T08:30:00+00:00,1,5532.587103571428,5533.120539285714,5531.253514285714,5535.521,5.3343571428571135,5533.105,5533.129,completed,time,False,False,0.002249568163286441,-0.04775043183671356,15.0
2026-07-29 10:30:00+00:00,2026-07-29 10:31:00+00:00,2026-07-29 10:45:00+00:00,2026-07-29 11:00:01+00:00,2026-07-29 10:36:43+00:00,2026-07-29 10:36:44+00:00,2026-07-29 10:51:44+00:00,,,CONTEXT_GEOMETRIC,boom:CONTEXT_GEOMETRIC:2026-07-29T10:30:00+00:00,1,5603.594464285714,5604.431107142857,5601.502857142857,5608.196,8.366428571428644,5604.411,5613.643,completed,time,False,False,0.5517288482882202,0.5017288482882202,15.0
2026-07-29 11:00:00+00:00,2026-07-29 11:01:00+00:00,2026-07-29 11:15:00+00:00,2026-07-29 11:30:01+00:00,2026-07-29 11:05:47+00:00,2026-07-29 11:05:48+00:00,2026-07-29 11:20:48+00:00,,,CONTEXT_GEOMETRIC,boom:CONTEXT_GEOMETRIC:2026-07-29T11:00:00+00:00,1,5610.168925,5610.848575,5608.4698,5613.907,6.796499999999924,5610.836,5611.924,completed,time,False,False,0.08004119767525567,0.030041197675255663,15.0
2026-07-30 13:30:00+00:00,2026-07-30 13:31:00+00:00,2026-07-30 13:45:00+00:00,2026-07-30 14:00:01+00:00,2026-07-30 13:33:32+00:00,2026-07-30 13:33:33+00:00,2026-07-30 13:48:33+00:00,,,CONTEXT_GEOMETRIC,boom:CONTEXT_GEOMETRIC:2026-07-30T13:30:00+00:00,1,5589.429132142857,5589.889653571429,5588.2778285714285,5591.962,4.605214285714153,5589.857,5589.572,completed,time,False,False,-0.030943185519504892,-0.0809431855195049,15.0
2026-07-30 15:00:00+00:00,2026-07-30 15:01:00+00:00,2026-07-30 15:15:00+00:00,2026-07-30 15:30:01+00:00,2026-07-30 15:04:05+00:00,2026-07-30 15:04:06+00:00,2026-07-30 15:19:06+00:00,,,CONTEXT_GEOMETRIC,boom:CONTEXT_GEOMETRIC:2026-07-30T15:00:00+00:00,1,5588.401657142857,5588.872628571428,5587.224228571429,5590.992,4.709714285714393,5588.859,5583.431,completed,time,False,False,-0.5762557631643516,-0.6262557631643516,15.0
2026-07-30 16:30:00+00:00,2026-07-30 16:31:00+00:00,2026-07-30 16:45:00+00:00,2026-07-30 17:00:01+00:00,2026-07-30 16:34:32+00:00,2026-07-30 16:34:33+00:00,2026-07-30 16:49:33+00:00,,,CONTEXT_GEOMETRIC,boom:CONTEXT_GEOMETRIC:2026-07-30T16:30:00+00:00,1,5612.786475,5613.378025,5611.3076,5616.04,5.915499999999871,5613.369,5607.773,completed,time,False,False,-0.4729946750063115,-0.5229946750063115,15.0
2026-07-30 17:00:00+00:00,2026-07-30 17:01:00+00:00,2026-07-30 17:15:00+00:00,2026-07-30 17:30:01+00:00,2026-07-30 17:03:38+00:00,2026-07-30 17:03:39+00:00,2026-07-30 17:18:39+00:00,,,CONTEXT_GEOMETRIC,boom:CONTEXT_GEOMETRIC:2026-07-30T17:00:00+00:00,1,5609.232539285715,5609.711532142857,5608.035057142857,5611.867,4.789928571428455,5609.698,5601.615,completed,time,False,False,-0.843749533992531,-0.8937495339925311,15.0
2026-07-30 17:30:00+00:00,2026-07-30 17:31:00+00:00,2026-07-30 17:45:00+00:00,2026-07-30 18:00:01+00:00,2026-07-30 17:33:18+00:00,2026-07-30 17:33:19+00:00,2026-07-30 17:48:19+00:00,,,CONTEXT_GEOMETRIC,boom:CONTEXT_GEOMETRIC:2026-07-30T17:30:00+00:00,1,5604.868796428571,5605.313560714285,5603.756885714285,5607.315,4.44764285714278,5605.313,5606.512,completed,time,False,False,0.13479049898015716,0.08479049898015716,15.0
2026-07-31 01:30:00+00:00,2026-07-31 01:31:00+00:00,2026-07-31 01:45:00+00:00,2026-07-31 02:00:01+00:00,2026-07-31 01:33:02+00:00,2026-07-31 01:33:03+00:00,2026-07-31 01:48:03+00:00,,,CONTEXT_GEOMETRIC,boom:CONTEXT_GEOMETRIC:2026-07-31T01:30:00+00:00,1,5605.355235714286,5605.751192857143,5604.365342857143,5607.533,3.9595714285715076,5605.716,5611.101,completed,time,False,False,0.6799978352634558,0.6299978352634558,15.0
2026-07-31 03:30:00+00:00,2026-07-31 03:31:00+00:00,2026-07-31 03:45:00+00:00,2026-07-31 04:00:01+00:00,2026-07-31 03:33:15+00:00,2026-07-31 03:33:16+00:00,2026-07-31 03:46:54+00:00,2026-07-31 03:46:53+00:00,,CONTEXT_GEOMETRIC,boom:CONTEXT_GEOMETRIC:2026-07-31T03:30:00+00:00,1,5629.420171428572,5629.806685714286,5628.453885714286,5631.546,3.865142857142928,5629.782,5622.028,completed,sl,False,False,-1.0030677114133344,-1.0530677114133344,13.633333333333333
2026-07-31 16:00:00+00:00,2026-07-31 16:01:00+00:00,2026-07-31 16:15:00+00:00,2026-07-31 16:30:01+00:00,2026-07-31 16:04:53+00:00,2026-07-31 16:04:54+00:00,2026-07-31 16:19:54+00:00,,,CONTEXT_GEOMETRIC,boom:CONTEXT_GEOMETRIC:2026-07-31T16:00:00+00:00,1,5655.497132142857,5656.1176535714285,5653.945828571428,5658.91,6.205214285714321,5656.094,5649.08,completed,time,False,False,-0.5651698456367408,-0.6151698456367408,15.0
2026-08-01 05:00:00+00:00,2026-08-01 05:01:00+00:00,2026-08-01 05:15:00+00:00,2026-08-01 05:30:01+00:00,2026-08-01 05:03:15+00:00,2026-08-01 05:03:16+00:00,2026-08-01 05:18:16+00:00,,,CONTEXT_GEOMETRIC,boom:CONTEXT_GEOMETRIC:2026-08-01T05:00:00+00:00,1,5607.415175,5607.845325,5606.3398,5609.781,4.301499999999968,5607.823,5601.77,completed,time,False,False,-0.7035917703126734,-0.7535917703126734,15.0
2026-08-02 09:30:00+00:00,2026-08-02 09:31:00+00:00,2026-08-02 09:45:00+00:00,2026-08-02 10:00:01+00:00,2026-08-02 09:34:50+00:00,2026-08-02 09:34:51+00:00,2026-08-02 09:49:51+00:00,,,CONTEXT_GEOMETRIC,boom:CONTEXT_GEOMETRIC:2026-08-02T09:30:00+00:00,1,5497.3865857142855,5497.946842857143,5495.985942857143,5500.468,5.602571428571472,5497.934,5515.955,completed,time,False,False,1.608279361517634,1.558279361517634,15.0
2026-08-02 12:00:00+00:00,2026-08-02 12:01:00+00:00,2026-08-02 12:15:00+00:00,2026-08-02 12:30:01+00:00,2026-08-02 12:06:51+00:00,2026-08-02 12:06:52+00:00,2026-08-02 12:21:52+00:00,,,CONTEXT_GEOMETRIC,boom:CONTEXT_GEOMETRIC:2026-08-02T12:00:00+00:00,1,5557.434464285714,5558.269107142857,5555.347857142857,5562.025,8.346428571428532,5558.24,5551.804,completed,time,False,False,-0.38555412922548626,-0.43555412922548625,15.0
2026-08-02 14:00:00+00:00,2026-08-02 14:01:00+00:00,2026-08-02 14:15:00+00:00,2026-08-02 14:30:01+00:00,2026-08-02 14:03:12+00:00,2026-08-02 14:03:13+00:00,2026-08-02 14:18:13+00:00,,,CONTEXT_GEOMETRIC,boom:CONTEXT_GEOMETRIC:2026-08-02T14:00:00+00:00,1,5536.183671428572,5536.569185714286,5535.219885714286,5538.304,3.8551428571428397,5536.551,5533.551,completed,time,False,False,-0.38909063959090073,-0.4390906395909007,15.0
2026-08-02 22:00:00+00:00,2026-08-02 22:01:00+00:00,2026-08-02 22:15:00+00:00,2026-08-02 22:30:01+00:00,2026-08-02 22:05:13+00:00,2026-08-02 22:05:14+00:00,2026-08-02 22:20:14+00:00,,,CONTEXT_GEOMETRIC,boom:CONTEXT_GEOMETRIC:2026-08-02T22:00:00+00:00,1,5607.5176035714285,5608.146039285714,5605.946514285714,5610.974,6.284357142857191,5608.139,5616.972,completed,time,False,False,0.7027767358861223,0.6527767358861223,15.0
2026-08-02 22:30:00+00:00,2026-08-02 22:31:00+00:00,2026-08-02 22:45:00+00:00,2026-08-02 23:00:01+00:00,2026-08-02 22:35:44+00:00,2026-08-02 22:35:45+00:00,2026-08-02 22:50:45+00:00,,,CONTEXT_GEOMETRIC,boom:CONTEXT_GEOMETRIC:2026-08-02T22:30:00+00:00,1,5618.5704964285715,5619.239860714286,5616.897085714286,5622.252,6.693642857142939,5619.218,5610.939,completed,time,False,False,-0.6184225971336992,-0.6684225971336992,15.0
2026-08-02 23:00:00+00:00,2026-08-02 23:01:00+00:00,2026-08-02 23:15:00+00:00,2026-08-02 23:30:01+00:00,2026-08-02 23:04:37+00:00,2026-08-02 23:04:38+00:00,2026-08-02 23:19:38+00:00,,,CONTEXT_GEOMETRIC,boom:CONTEXT_GEOMETRIC:2026-08-02T23:00:00+00:00,1,5613.141878571429,5613.7862642857135,5611.530914285714,5616.686,6.443857142857269,5613.777,5622.801,completed,time,False,False,0.7002017425233463,0.6502017425233463,15.0
2026-08-03 01:00:00+00:00,2026-08-03 01:01:00+00:00,2026-08-03 01:15:00+00:00,2026-08-03 01:30:01+00:00,2026-08-03 01:03:37+00:00,2026-08-03 01:03:38+00:00,2026-08-03 01:18:38+00:00,,,CONTEXT_GEOMETRIC,boom:CONTEXT_GEOMETRIC:2026-08-03T01:00:00+00:00,1,5600.457460714286,5600.916467857143,5599.309942857143,5602.982,4.5900714285713935,5600.907,5596.66,completed,time,False,False,-0.4626289662470599,-0.5126289662470599,15.0
2026-08-03 03:00:00+00:00,2026-08-03 03:01:00+00:00,2026-08-03 03:15:00+00:00,2026-08-03 03:30:01+00:00,2026-08-03 03:04:00+00:00,2026-08-03 03:04:01+00:00,2026-08-03 03:19:01+00:00,,,CONTEXT_GEOMETRIC,boom:CONTEXT_GEOMETRIC:2026-08-03T03:00:00+00:00,1,5588.147996428572,5588.646360714286,5586.902085714286,5590.889,4.983642857142773,5588.644,5579.981,completed,time,False,False,-0.8691433403563699,-0.9191433403563699,15.0
2026-08-03 11:30:00+00:00,2026-08-03 11:31:00+00:00,2026-08-03 11:45:00+00:00,2026-08-03 12:00:01+00:00,2026-08-03 11:33:15+00:00,2026-08-03 11:33:16+00:00,2026-08-03 11:48:13+00:00,2026-08-03 11:48:12+00:00,,CONTEXT_GEOMETRIC,boom:CONTEXT_GEOMETRIC:2026-08-03T11:30:00+00:00,1,5607.447542857143,5607.872171428572,5606.385971428572,5609.783,4.246285714285672,5607.856,5599.344,completed,sl,False,False,-1.0022877136320585,-1.0522877136320585,14.95
2026-08-04 08:00:00+00:00,2026-08-04 08:01:00+00:00,2026-08-04 08:15:00+00:00,2026-08-04 08:30:01+00:00,2026-08-04 08:03:19+00:00,2026-08-04 08:03:20+00:00,2026-08-04 08:18:20+00:00,,,CONTEXT_GEOMETRIC,boom:CONTEXT_GEOMETRIC:2026-08-04T08:00:00+00:00,1,5493.9671178571425,5494.399096428571,5492.8871714285715,5496.343,4.319785714285639,5494.375,5505.018,completed,time,False,False,1.2318898093490336,1.1818898093490335,15.0
2026-08-04 09:00:00+00:00,2026-08-04 09:01:00+00:00,2026-08-04 09:15:00+00:00,2026-08-04 09:30:01+00:00,2026-08-04 09:04:39+00:00,2026-08-04 09:04:40+00:00,2026-08-04 09:19:40+00:00,,,CONTEXT_GEOMETRIC,boom:CONTEXT_GEOMETRIC:2026-08-04T09:00:00+00:00,1,5528.729114285715,5529.347457142857,5527.183257142858,5532.13,6.183428571428651,5529.316,5534.48,completed,time,False,False,0.4175676924498412,0.3675676924498412,15.0
2026-08-04 09:30:00+00:00,2026-08-04 09:31:00+00:00,2026-08-04 09:45:00+00:00,2026-08-04 10:00:01+00:00,2026-08-04 09:34:38+00:00,2026-08-04 09:34:39+00:00,2026-08-04 09:49:39+00:00,,,CONTEXT_GEOMETRIC,boom:CONTEXT_GEOMETRIC:2026-08-04T09:30:00+00:00,1,5534.969307142857,5535.543978571429,5533.532628571429,5538.13,5.746714285714266,5535.525,5535.647,completed,time,False,False,0.010614761230045629,-0.039385238769954374,15.0
2026-08-05 17:30:00+00:00,2026-08-05 17:31:00+00:00,2026-08-05 17:45:00+00:00,2026-08-05 18:00:01+00:00,2026-08-05 17:34:51+00:00,2026-08-05 17:34:52+00:00,2026-08-05 17:49:52+00:00,,,CONTEXT_GEOMETRIC,boom:CONTEXT_GEOMETRIC:2026-08-05T17:30:00+00:00,1,5471.913675,5472.504825,5470.4358,5475.165,5.9114999999999,5472.496,5464.482,completed,time,False,False,-0.677831345682167,-0.727831345682167,15.0
2026-08-05 19:00:00+00:00,2026-08-05 19:01:00+00:00,2026-08-05 19:15:00+00:00,2026-08-05 19:30:01+00:00,2026-08-05 19:03:36+00:00,2026-08-05 19:03:37+00:00,2026-08-05 19:18:37+00:00,,,CONTEXT_GEOMETRIC,boom:CONTEXT_GEOMETRIC:2026-08-05T19:00:00+00:00,1,5466.699935714286,5467.154492857143,5465.563542857143,5469.2,4.545571428571553,5467.133,5459.032,completed,time,False,False,-0.8910870863320037,-0.9410870863320038,15.0
2026-08-05 19:30:00+00:00,2026-08-05 19:31:00+00:00,2026-08-05 19:45:00+00:00,2026-08-05 20:00:01+00:00,2026-08-05 19:33:35+00:00,2026-08-05 19:33:36+00:00,2026-08-05 19:48:36+00:00,,,CONTEXT_GEOMETRIC,boom:CONTEXT_GEOMETRIC:2026-08-05T19:30:00+00:00,1,5455.344321428572,5455.761535714286,5454.301285714286,5457.639,4.172142857142977,5455.746,5451.683,completed,time,False,False,-0.4869200479369953,-0.5369200479369953,15.0
2026-08-05 21:00:00+00:00,2026-08-05 21:01:00+00:00,2026-08-05 21:15:00+00:00,2026-08-05 21:30:01+00:00,2026-08-05 21:04:11+00:00,2026-08-05 21:04:12+00:00,2026-08-05 21:19:12+00:00,,,CONTEXT_GEOMETRIC,boom:CONTEXT_GEOMETRIC:2026-08-05T21:00:00+00:00,1,5465.061285714286,5465.560142857144,5463.814142857143,5467.805,4.988571428571374,5465.549,5457.327,completed,time,False,False,-0.8240836197021606,-0.8740836197021606,15.0
2026-08-05 23:30:00+00:00,2026-08-05 23:31:00+00:00,2026-08-05 23:45:00+00:00,2026-08-06 00:00:01+00:00,2026-08-05 23:35:30+00:00,2026-08-05 23:35:31+00:00,2026-08-05 23:50:31+00:00,,,CONTEXT_GEOMETRIC,boom:CONTEXT_GEOMETRIC:2026-08-05T23:30:00+00:00,1,5489.602539285715,5490.255532142857,5487.9700571428575,5493.194,6.529928571428757,5490.227,5486.723,completed,time,False,False,-0.268303087979508,-0.318303087979508,15.0
2026-08-06 14:00:00+00:00,2026-08-06 14:01:00+00:00,2026-08-06 14:15:00+00:00,2026-08-06 14:30:01+00:00,2026-08-06 14:03:34+00:00,2026-08-06 14:03:35+00:00,2026-08-06 14:18:35+00:00,,,CONTEXT_GEOMETRIC,boom:CONTEXT_GEOMETRIC:2026-08-06T14:00:00+00:00,1,5493.16135,5493.59965,5492.0656,5495.572,4.382999999999876,5493.594,5492.952,completed,time,False,False,-0.07323750855576587,-0.12323750855576587,15.0
2026-08-06 14:30:00+00:00,2026-08-06 14:31:00+00:00,2026-08-06 14:45:00+00:00,2026-08-06 15:00:01+00:00,2026-08-06 14:34:10+00:00,2026-08-06 14:34:11+00:00,2026-08-06 14:49:11+00:00,,,CONTEXT_GEOMETRIC,boom:CONTEXT_GEOMETRIC:2026-08-06T14:30:00+00:00,1,5494.978842857143,5495.466871428571,5493.758771428571,5497.663,4.8802857142856215,5495.452,5506.662,completed,time,False,False,1.1484983314794472,1.0984983314794472,15.0
2026-08-06 15:00:00+00:00,2026-08-06 15:01:00+00:00,2026-08-06 15:15:00+00:00,2026-08-06 15:30:01+00:00,2026-08-06 15:04:34+00:00,2026-08-06 15:04:35+00:00,2026-08-06 15:19:35+00:00,,,CONTEXT_GEOMETRIC,boom:CONTEXT_GEOMETRIC:2026-08-06T15:00:00+00:00,1,5501.8032,5502.3488,5500.439200000001,5504.804,5.455999999999806,5502.343,5497.797,completed,time,False,False,-0.4166055718475475,-0.4666055718475475,15.0
2026-08-06 23:00:00+00:00,2026-08-06 23:01:00+00:00,2026-08-06 23:15:00+00:00,2026-08-06 23:30:01+00:00,2026-08-06 23:05:10+00:00,2026-08-06 23:05:11+00:00,2026-08-06 23:20:11+00:00,,,CONTEXT_GEOMETRIC,boom:CONTEXT_GEOMETRIC:2026-08-06T23:00:00+00:00,1,5580.983885714286,5581.577542857142,5579.499742857143,5584.249,5.936571428571434,5581.567,5623.057,completed,time,False,False,3.4944412359225887,3.444441235922589,15.0
2026-08-07 00:30:00+00:00,2026-08-07 00:31:00+00:00,2026-08-07 00:45:00+00:00,2026-08-07 01:00:01+00:00,2026-08-07 00:32:49+00:00,2026-08-07 00:32:50+00:00,2026-08-07 00:47:50+00:00,,,CONTEXT_GEOMETRIC,boom:CONTEXT_GEOMETRIC:2026-08-07T00:30:00+00:00,1,5611.728285714285,5612.121142857143,5610.746142857142,5613.889,3.9285714285714937,5612.11,5622.352,completed,time,False,False,1.3035272727272753,1.2535272727272753,15.0
2026-08-07 01:30:00+00:00,2026-08-07 01:31:00+00:00,2026-08-07 01:45:00+00:00,2026-08-07 02:00:01+00:00,2026-08-07 01:34:39+00:00,2026-08-07 01:34:40+00:00,2026-08-07 01:49:40+00:00,,,CONTEXT_GEOMETRIC,boom:CONTEXT_GEOMETRIC:2026-08-07T01:30:00+00:00,1,5626.879164285714,5627.472407142857,5625.396057142857,5630.142,5.932428571428578,5627.464,5630.043,completed,time,False,False,0.21736460615982425,0.16736460615982424,15.0
2026-08-08 00:00:00+00:00,2026-08-08 00:01:00+00:00,2026-08-08 00:15:00+00:00,2026-08-08 00:30:01+00:00,2026-08-08 00:04:16+00:00,2026-08-08 00:04:17+00:00,2026-08-08 00:19:17+00:00,,,CONTEXT_GEOMETRIC,boom:CONTEXT_GEOMETRIC:2026-08-08T00:00:00+00:00,1,5587.686285714285,5588.225142857143,5586.339142857142,5590.65,5.388571428571465,5588.199,5585.122,completed,time,False,False,-0.2855116648991923,-0.33551166489919226,15.0
2026-08-08 00:30:00+00:00,2026-08-08 00:31:00+00:00,2026-08-08 00:45:00+00:00,2026-08-08 01:00:01+00:00,2026-08-08 00:34:14+00:00,2026-08-08 00:34:15+00:00,2026-08-08 00:49:15+00:00,,,CONTEXT_GEOMETRIC,boom:CONTEXT_GEOMETRIC:2026-08-08T00:30:00+00:00,1,5604.306,5604.834,5602.986,5607.21,5.280000000000006,5604.804,5609.3,completed,time,False,False,0.4257575757575843,0.3757575757575843,15.0
2026-08-08 03:00:00+00:00,2026-08-08 03:01:00+00:00,2026-08-08 03:15:00+00:00,2026-08-08 03:30:01+00:00,2026-08-08 03:04:24+00:00,2026-08-08 03:04:25+00:00,2026-08-08 03:19:25+00:00,,,CONTEXT_GEOMETRIC,boom:CONTEXT_GEOMETRIC:2026-08-08T03:00:00+00:00,1,5629.884671428572,5630.426185714286,5628.530885714286,5632.863,5.4151428571428495,5630.416,5624.491,completed,time,False,False,-0.5470769798976591,-0.5970769798976592,15.0
2026-08-08 03:30:00+00:00,2026-08-08 03:31:00+00:00,2026-08-08 03:45:00+00:00,2026-08-08 04:00:01+00:00,2026-08-08 03:33:51+00:00,2026-08-08 03:33:52+00:00,2026-08-08 03:48:52+00:00,,,CONTEXT_GEOMETRIC,boom:CONTEXT_GEOMETRIC:2026-08-08T03:30:00+00:00,1,5621.343210714285,5621.8277178571425,5620.131942857142,5624.008,4.845071428571438,5621.821,5616.381,completed,time,False,False,-0.5613952322683895,-0.6113952322683895,15.0
2026-08-08 05:30:00+00:00,2026-08-08 05:31:00+00:00,2026-08-08 05:45:00+00:00,2026-08-08 06:00:01+00:00,2026-08-08 05:34:30+00:00,2026-08-08 05:34:31+00:00,2026-08-08 05:49:31+00:00,,,CONTEXT_GEOMETRIC,boom:CONTEXT_GEOMETRIC:2026-08-08T05:30:00+00:00,1,5621.229275,5621.667225,5620.1344,5623.638,4.379500000000007,5621.656,5619.99,completed,time,False,False,-0.19020436122846954,-0.24020436122846955,15.0
2026-08-08 08:30:00+00:00,2026-08-08 08:31:00+00:00,2026-08-08 08:45:00+00:00,2026-08-08 09:00:01+00:00,2026-08-08 08:34:20+00:00,2026-08-08 08:34:21+00:00,2026-08-08 08:49:21+00:00,,,CONTEXT_GEOMETRIC,boom:CONTEXT_GEOMETRIC:2026-08-08T08:30:00+00:00,1,5616.544989285714,5617.070082142857,5615.232257142857,5619.433,5.250928571428566,5617.054,5616.845,completed,time,False,False,-0.019901241957188936,-0.06990124195718894,15.0
2026-08-08 09:30:00+00:00,2026-08-08 09:31:00+00:00,2026-08-08 09:45:00+00:00,2026-08-08 10:00:01+00:00,2026-08-08 09:34:11+00:00,2026-08-08 09:34:12+00:00,2026-08-08 09:49:12+00:00,,,CONTEXT_GEOMETRIC,boom:CONTEXT_GEOMETRIC:2026-08-08T09:30:00+00:00,1,5631.368528571429,5631.8886142857145,5630.068314285715,5634.229,5.200857142857201,5631.877,5629.025,completed,time,False,False,-0.2741855738065865,-0.32418557380658647,15.0
2026-08-08 15:00:00+00:00,2026-08-08 15:01:00+00:00,2026-08-08 15:15:00+00:00,2026-08-08 15:30:01+00:00,2026-08-08 15:04:23+00:00,2026-08-08 15:04:24+00:00,2026-08-08 15:19:24+00:00,,,CONTEXT_GEOMETRIC,boom:CONTEXT_GEOMETRIC:2026-08-08T15:00:00+00:00,1,5616.348539285715,5616.871532142857,5615.041057142857,5619.225,5.22992857142851,5616.848,5620.659,completed,time,False,False,0.3643453202037473,0.31434532020374734,15.0
2026-08-08 20:00:00+00:00,2026-08-08 20:01:00+00:00,2026-08-08 20:15:00+00:00,2026-08-08 20:30:01+00:00,2026-08-08 20:05:10+00:00,2026-08-08 20:05:11+00:00,2026-08-08 20:20:11+00:00,,,CONTEXT_GEOMETRIC,boom:CONTEXT_GEOMETRIC:2026-08-08T20:00:00+00:00,1,5668.4770071428575,5669.0042785714295,5667.158828571429,5671.377,5.2727142857140405,5668.989,5672.956,completed,time,False,False,0.37618196103938284,0.32618196103938285,15.0
2026-08-10 00:00:00+00:00,2026-08-10 00:01:00+00:00,2026-08-10 00:15:00+00:00,2026-08-10 00:30:01+00:00,2026-08-10 00:03:42+00:00,2026-08-10 00:03:43+00:00,2026-08-10 00:18:43+00:00,,,CONTEXT_GEOMETRIC,boom:CONTEXT_GEOMETRIC:2026-08-10T00:00:00+00:00,1,5477.595907142857,5478.087378571428,5476.367228571428,5480.299,4.914714285714321,5478.077,5474.865,completed,time,False,False,-0.3267738278638919,-0.3767738278638919,15.0
2026-08-10 01:00:00+00:00,2026-08-10 01:01:00+00:00,2026-08-10 01:15:00+00:00,2026-08-10 01:30:01+00:00,2026-08-10 01:07:49+00:00,2026-08-10 01:07:50+00:00,2026-08-10 01:22:50+00:00,,,CONTEXT_GEOMETRIC,boom:CONTEXT_GEOMETRIC:2026-08-10T01:00:00+00:00,1,5486.733278571428,5487.326864285714,5485.249314285714,5489.998,5.935857142857198,5487.313,5486.874,completed,time,False,False,-0.036978652740031655,-0.08697865274003166,15.0
2026-08-10 03:00:00+00:00,2026-08-10 03:01:00+00:00,2026-08-10 03:15:00+00:00,2026-08-10 03:30:01+00:00,2026-08-10 03:05:19+00:00,2026-08-10 03:05:20+00:00,2026-08-10 03:20:20+00:00,,,CONTEXT_GEOMETRIC,boom:CONTEXT_GEOMETRIC:2026-08-10T03:00:00+00:00,1,5519.154703571428,5519.798939285714,5517.544114285714,5522.698,6.442357142857288,5519.774,5516.567,completed,time,False,False,-0.24889958200749324,-0.2988995820074932,15.0
2026-08-10 08:00:00+00:00,2026-08-10 08:01:00+00:00,2026-08-10 08:15:00+00:00,2026-08-10 08:30:01+00:00,2026-08-10 08:05:24+00:00,2026-08-10 08:05:25+00:00,2026-08-10 08:20:25+00:00,,,CONTEXT_GEOMETRIC,boom:CONTEXT_GEOMETRIC:2026-08-10T08:00:00+00:00,1,5517.695364285714,5518.326207142857,5516.118257142857,5521.165,6.308428571428457,5518.308,5521.853,completed,time,False,False,0.28097330102584933,0.23097330102584934,15.0
2026-08-10 09:00:00+00:00,2026-08-10 09:01:00+00:00,2026-08-10 09:15:00+00:00,2026-08-10 09:30:01+00:00,2026-08-10 09:04:20+00:00,2026-08-10 09:04:21+00:00,2026-08-10 09:19:21+00:00,,,CONTEXT_GEOMETRIC,boom:CONTEXT_GEOMETRIC:2026-08-10T09:00:00+00:00,1,5524.366560714286,5524.889367857143,5523.059542857143,5527.242,5.228071428571444,5524.883,5517.64,completed,time,False,False,-0.692702854098018,-0.7427028540980181,15.0
2026-08-10 09:30:00+00:00,2026-08-10 09:31:00+00:00,2026-08-10 09:45:00+00:00,2026-08-10 10:00:01+00:00,2026-08-10 09:33:16+00:00,2026-08-10 09:33:17+00:00,2026-08-10 09:47:45+00:00,2026-08-10 09:47:44+00:00,,CONTEXT_GEOMETRIC,boom:CONTEXT_GEOMETRIC:2026-08-10T09:30:00+00:00,1,5514.963335714286,5515.3610928571425,5513.968942857143,5517.151,3.9775714285716015,5515.336,5507.371,completed,sl,False,False,-1.0012390906152102,-1.0512390906152103,14.466666666666667
2026-08-11 00:00:00+00:00,2026-08-11 00:01:00+00:00,2026-08-11 00:15:00+00:00,2026-08-11 00:30:01+00:00,2026-08-11 00:03:27+00:00,2026-08-11 00:03:28+00:00,2026-08-11 00:18:28+00:00,,,CONTEXT_GEOMETRIC,boom:CONTEXT_GEOMETRIC:2026-08-11T00:00:00+00:00,1,5473.380675,5473.793825000001,5472.3478000000005,5475.653,4.131499999999895,5473.776,5467.295,completed,time,False,False,-0.7843398281495743,-0.8343398281495743,15.0
2026-08-12 04:00:00+00:00,2026-08-12 04:01:00+00:00,2026-08-12 04:15:00+00:00,2026-08-12 04:30:01+00:00,2026-08-12 04:04:12+00:00,2026-08-12 04:04:13+00:00,2026-08-12 04:19:13+00:00,,,CONTEXT_GEOMETRIC,boom:CONTEXT_GEOMETRIC:2026-08-12T04:00:00+00:00,1,5401.240725,5401.748775,5399.9706,5404.035,5.080499999999964,5401.736,5396.2,completed,time,False,False,-0.5448282649345633,-0.5948282649345633,15.0
2026-08-13 21:30:00+00:00,2026-08-13 21:31:00+00:00,2026-08-13 21:45:00+00:00,2026-08-13 22:00:01+00:00,2026-08-13 21:33:21+00:00,2026-08-13 21:33:22+00:00,2026-08-13 21:48:22+00:00,,,CONTEXT_GEOMETRIC,boom:CONTEXT_GEOMETRIC:2026-08-13T21:30:00+00:00,1,5273.342557142858,5273.745728571429,5272.33462857143,5275.56,4.031714285714315,5273.74,5276.323,completed,time,False,False,0.3203351994898242,0.2703351994898242,15.0
2026-08-14 04:00:00+00:00,2026-08-14 04:01:00+00:00,2026-08-14 04:15:00+00:00,2026-08-14 04:30:01+00:00,2026-08-14 04:04:41+00:00,2026-08-14 04:04:42+00:00,2026-08-14 04:19:42+00:00,,,CONTEXT_GEOMETRIC,boom:CONTEXT_GEOMETRIC:2026-08-14T04:00:00+00:00,1,5310.782739285714,5311.347332142857,5309.371257142857,5313.888,5.645928571428548,5311.339,5310.812,completed,time,False,False,-0.04667079943828449,-0.0966707994382845,15.0
2026-08-14 08:30:00+00:00,2026-08-14 08:31:00+00:00,2026-08-14 08:45:00+00:00,2026-08-14 09:00:01+00:00,2026-08-14 08:34:14+00:00,2026-08-14 08:34:15+00:00,2026-08-14 08:49:15+00:00,,,CONTEXT_GEOMETRIC,boom:CONTEXT_GEOMETRIC:2026-08-14T08:30:00+00:00,1,5363.721710714286,5364.213217857143,5362.492942857143,5366.425,4.915071428571407,5364.21,5367.743,completed,time,False,False,0.35940474633419955,0.30940474633419957,15.0
2026-08-14 11:00:00+00:00,2026-08-14 11:01:00+00:00,2026-08-14 11:15:00+00:00,2026-08-14 11:30:01+00:00,2026-08-14 11:03:45+00:00,2026-08-14 11:03:46+00:00,2026-08-14 11:18:46+00:00,,,CONTEXT_GEOMETRIC,boom:CONTEXT_GEOMETRIC:2026-08-14T11:00:00+00:00,1,5351.479803571428,5351.925839285715,5350.364714285714,5353.933,4.460357142857122,5351.918,5349.871,completed,time,False,False,-0.22946593001836918,-0.27946593001836917,15.0
2026-08-15 04:00:00+00:00,2026-08-15 04:01:00+00:00,2026-08-15 04:15:00+00:00,2026-08-15 04:30:01+00:00,2026-08-15 04:04:24+00:00,2026-08-15 04:04:25+00:00,2026-08-15 04:19:25+00:00,,,CONTEXT_GEOMETRIC,boom:CONTEXT_GEOMETRIC:2026-08-15T04:00:00+00:00,1,5317.942435714285,5318.467992857142,5316.628542857143,5320.833,5.255571428571394,5318.458,5333.165,completed,time,False,False,1.3991818206529536,1.3491818206529536,15.0
2026-08-15 05:00:00+00:00,2026-08-15 05:01:00+00:00,2026-08-15 05:15:00+00:00,2026-08-15 05:30:01+00:00,2026-08-15 05:04:26+00:00,2026-08-15 05:04:27+00:00,2026-08-15 05:19:27+00:00,,,CONTEXT_GEOMETRIC,boom:CONTEXT_GEOMETRIC:2026-08-15T05:00:00+00:00,1,5337.68015,5338.21885,5336.3334,5340.643,5.386999999999911,5338.204,5347.307,completed,time,False,False,0.8449043994802503,0.7949043994802503,15.0
2026-08-15 08:00:00+00:00,2026-08-15 08:01:00+00:00,2026-08-15 08:15:00+00:00,2026-08-15 08:30:01+00:00,2026-08-15 08:05:29+00:00,2026-08-15 08:05:30+00:00,2026-08-15 08:20:30+00:00,,,CONTEXT_GEOMETRIC,boom:CONTEXT_GEOMETRIC:2026-08-15T08:00:00+00:00,1,5349.411914285714,5350.0626571428575,5347.785057142857,5352.991,6.507428571428591,5350.051,5348.382,completed,time,False,False,-0.1282380576045554,-0.1782380576045554,15.0
2026-08-15 10:30:00+00:00,2026-08-15 10:31:00+00:00,2026-08-15 10:45:00+00:00,2026-08-15 11:00:01+00:00,2026-08-15 10:35:26+00:00,2026-08-15 10:35:27+00:00,2026-08-15 10:50:27+00:00,,,CONTEXT_GEOMETRIC,boom:CONTEXT_GEOMETRIC:2026-08-15T10:30:00+00:00,1,5384.058846428572,5384.686510714286,5382.489685714287,5387.511,6.276642857142763,5384.671,5376.702,completed,time,False,False,-0.6348138791210177,-0.6848138791210178,15.0
2026-08-16 01:30:00+00:00,2026-08-16 01:31:00+00:00,2026-08-16 01:45:00+00:00,2026-08-16 02:00:01+00:00,2026-08-16 01:33:19+00:00,2026-08-16 01:33:20+00:00,2026-08-16 01:48:20+00:00,,,CONTEXT_GEOMETRIC,boom:CONTEXT_GEOMETRIC:2026-08-16T01:30:00+00:00,1,5345.349539285714,5345.756532142857,5344.332057142857,5347.588,4.069928571428396,5345.749,5337.99,completed,time,False,False,-0.9532108320609776,-1.0032108320609776,15.0
2026-08-16 03:30:00+00:00,2026-08-16 03:31:00+00:00,2026-08-16 03:45:00+00:00,2026-08-16 04:00:01+00:00,2026-08-16 03:32:52+00:00,2026-08-16 03:32:53+00:00,2026-08-16 03:47:53+00:00,,,CONTEXT_GEOMETRIC,boom:CONTEXT_GEOMETRIC:2026-08-16T03:30:00+00:00,1,5346.656539285715,5346.983532142857,5345.839057142857,5348.455,3.2699285714286037,5346.974,5352.954,completed,time,False,False,0.9143930623210759,0.8643930623210758,15.0
2026-08-16 07:30:00+00:00,2026-08-16 07:31:00+00:00,2026-08-16 07:45:00+00:00,2026-08-16 08:00:01+00:00,2026-08-16 07:33:38+00:00,2026-08-16 07:33:39+00:00,2026-08-16 07:48:39+00:00,,,CONTEXT_GEOMETRIC,boom:CONTEXT_GEOMETRIC:2026-08-16T07:30:00+00:00,1,5377.204382142857,5377.665403571428,5376.051828571429,5379.74,4.610214285714327,5377.658,5369.455,completed,time,False,False,-0.889654958709736,-0.939654958709736,15.0
2026-08-18 09:00:00+00:00,2026-08-18 09:01:00+00:00,2026-08-18 09:15:00+00:00,2026-08-18 09:30:01+00:00,2026-08-18 09:12:50+00:00,2026-08-18 09:12:51+00:00,2026-08-18 09:27:51+00:00,,,CONTEXT_GEOMETRIC,boom:CONTEXT_GEOMETRIC:2026-08-18T09:00:00+00:00,1,5406.758175,5407.3863249999995,5405.1878,5410.213,6.281499999999986,5407.362,5399.334,completed,time,False,False,-0.6390193425137519,-0.689019342513752,15.0
2026-08-18 09:30:00+00:00,2026-08-18 09:31:00+00:00,2026-08-18 09:45:00+00:00,2026-08-18 10:00:01+00:00,2026-08-18 09:37:18+00:00,2026-08-18 09:37:19+00:00,2026-08-18 09:52:19+00:00,,,CONTEXT_GEOMETRIC,boom:CONTEXT_GEOMETRIC:2026-08-18T09:30:00+00:00,1,5405.580392857143,5406.134321428572,5404.195571428571,5408.627,5.539285714285727,5406.118,5398.818,completed,time,False,False,-0.6589297227595249,-0.7089297227595249,15.0
2026-08-18 21:00:00+00:00,2026-08-18 21:01:00+00:00,2026-08-18 21:15:00+00:00,2026-08-18 21:30:01+00:00,2026-08-18 21:04:14+00:00,2026-08-18 21:04:15+00:00,2026-08-18 21:19:15+00:00,,,CONTEXT_GEOMETRIC,boom:CONTEXT_GEOMETRIC:2026-08-18T21:00:00+00:00,1,5396.61645,5397.11655,5395.3662,5399.367,5.001000000000009,5397.106,5399.527,completed,time,False,False,0.24205158968209078,0.1920515896820908,15.0
2026-08-19 04:00:00+00:00,2026-08-19 04:01:00+00:00,2026-08-19 04:15:00+00:00,2026-08-19 04:30:01+00:00,2026-08-19 04:05:24+00:00,2026-08-19 04:05:25+00:00,2026-08-19 04:20:25+00:00,,,CONTEXT_GEOMETRIC,boom:CONTEXT_GEOMETRIC:2026-08-19T04:00:00+00:00,1,5353.231732142857,5353.711053571429,5352.033428571429,5355.868,4.79321428571432,5353.688,5371.668,completed,time,False,False,1.8755681394828412,1.8255681394828411,15.0
2026-08-19 05:00:00+00:00,2026-08-19 05:01:00+00:00,2026-08-19 05:15:00+00:00,2026-08-19 05:30:01+00:00,2026-08-19 05:05:26+00:00,2026-08-19 05:05:27+00:00,2026-08-19 05:20:27+00:00,,,CONTEXT_GEOMETRIC,boom:CONTEXT_GEOMETRIC:2026-08-19T05:00:00+00:00,1,5393.297092857143,5393.953621428572,5391.655771428572,5396.908,6.565285714285827,5393.926,5388.321,completed,time,False,False,-0.4268664186087281,-0.4768664186087281,15.0
2026-08-19 05:30:00+00:00,2026-08-19 05:31:00+00:00,2026-08-19 05:45:00+00:00,2026-08-19 06:00:01+00:00,2026-08-19 05:35:08+00:00,2026-08-19 05:35:09+00:00,2026-08-19 05:50:09+00:00,,,CONTEXT_GEOMETRIC,boom:CONTEXT_GEOMETRIC:2026-08-19T05:30:00+00:00,1,5396.367453571428,5396.939189285714,5394.938114285714,5399.512,5.717357142857314,5396.918,5388.783,completed,time,False,False,-0.7114301063177724,-0.7614301063177724,15.0
2026-08-19 09:00:00+00:00,2026-08-19 09:01:00+00:00,2026-08-19 09:15:00+00:00,2026-08-19 09:30:01+00:00,2026-08-19 09:04:33+00:00,2026-08-19 09:04:34+00:00,2026-08-19 09:19:34+00:00,,,CONTEXT_GEOMETRIC,boom:CONTEXT_GEOMETRIC:2026-08-19T09:00:00+00:00,1,5402.3012,5402.846799999999,5400.9372,5405.302,5.4559999999999365,5402.828,5400.415,completed,time,False,False,-0.22113269794725932,-0.2711326979472593,15.0
2026-08-19 13:00:00+00:00,2026-08-19 13:01:00+00:00,2026-08-19 13:15:00+00:00,2026-08-19 13:30:01+00:00,2026-08-19 13:10:13+00:00,2026-08-19 13:10:14+00:00,2026-08-19 13:25:14+00:00,,,CONTEXT_GEOMETRIC,boom:CONTEXT_GEOMETRIC:2026-08-19T13:00:00+00:00,1,5406.700867857143,5407.182346428572,5405.497171428571,5409.349,4.8147857142856605,5407.154,5411.433,completed,time,False,False,0.444360378002242,0.394360378002242,15.0
2026-08-19 19:00:00+00:00,2026-08-19 19:01:00+00:00,2026-08-19 19:15:00+00:00,2026-08-19 19:30:01+00:00,2026-08-19 19:06:35+00:00,2026-08-19 19:06:36+00:00,2026-08-19 19:21:36+00:00,,,CONTEXT_GEOMETRIC,boom:CONTEXT_GEOMETRIC:2026-08-19T19:00:00+00:00,1,5512.948757142857,5513.769528571428,5510.896828571429,5517.463,8.20771428571418,5513.76,5524.363,completed,time,False,False,0.6459167333867216,0.5959167333867216,15.0
2026-08-19 19:30:00+00:00,2026-08-19 19:31:00+00:00,2026-08-19 19:45:00+00:00,2026-08-19 20:00:01+00:00,2026-08-19 19:37:32+00:00,2026-08-19 19:37:33+00:00,2026-08-19 19:52:33+00:00,,,CONTEXT_GEOMETRIC,boom:CONTEXT_GEOMETRIC:2026-08-19T19:30:00+00:00,1,5529.654946428572,5530.576410714286,5527.351285714286,5534.723,9.214642857142865,5530.557,5530.19,completed,time,False,False,-0.019913956823389187,-0.06991395682338919,15.0
2026-08-19 20:00:00+00:00,2026-08-19 20:01:00+00:00,2026-08-19 20:15:00+00:00,2026-08-19 20:30:01+00:00,2026-08-19 20:05:52+00:00,2026-08-19 20:05:53+00:00,2026-08-19 20:20:53+00:00,,,CONTEXT_GEOMETRIC,boom:CONTEXT_GEOMETRIC:2026-08-19T20:00:00+00:00,1,5526.656867857143,5527.390346428571,5524.823171428571,5530.691,7.334785714285772,5527.374,5521.048,completed,time,False,False,-0.4312327753269626,-0.48123277532696257,15.0
2026-08-19 22:00:00+00:00,2026-08-19 22:01:00+00:00,2026-08-19 22:15:00+00:00,2026-08-19 22:30:01+00:00,2026-08-19 22:03:19+00:00,2026-08-19 22:03:20+00:00,2026-08-19 22:18:20+00:00,,,CONTEXT_GEOMETRIC,boom:CONTEXT_GEOMETRIC:2026-08-19T22:00:00+00:00,1,5507.476482142857,5507.8953035714285,5506.429428571429,5509.78,4.188214285714237,5507.861,5512.987,completed,time,False,False,0.6119553167903444,0.5619553167903444,15.0
2026-08-20 11:30:00+00:00,2026-08-20 11:31:00+00:00,2026-08-20 11:45:00+00:00,2026-08-20 12:00:01+00:00,2026-08-20 11:34:05+00:00,2026-08-20 11:34:06+00:00,2026-08-20 11:49:06+00:00,,,CONTEXT_GEOMETRIC,boom:CONTEXT_GEOMETRIC:2026-08-20T11:30:00+00:00,1,5521.8015214285715,5522.288335714286,5520.584485714286,5524.479,4.86814285714289,5522.271,5524.75,completed,time,False,False,0.25461454940284894,0.20461454940284896,15.0
2026-08-20 12:00:00+00:00,2026-08-20 12:01:00+00:00,2026-08-20 12:15:00+00:00,2026-08-20 12:30:01+00:00,2026-08-20 12:04:51+00:00,2026-08-20 12:04:52+00:00,2026-08-20 12:19:52+00:00,,,CONTEXT_GEOMETRIC,boom:CONTEXT_GEOMETRIC:2026-08-20T12:00:00+00:00,1,5537.173925,5537.755574999999,5535.7198,5540.373,5.81649999999997,5537.74,5542.972,completed,time,False,False,0.4497550073067994,0.3997550073067994,15.0
2026-08-21 09:30:00+00:00,2026-08-21 09:31:00+00:00,2026-08-21 09:45:00+00:00,2026-08-21 10:00:01+00:00,2026-08-21 09:32:43+00:00,2026-08-21 09:32:44+00:00,2026-08-21 09:45:24+00:00,2026-08-21 09:45:23+00:00,,CONTEXT_GEOMETRIC,boom:CONTEXT_GEOMETRIC:2026-08-21T09:30:00+00:00,1,5468.788646428571,5469.134710714286,5467.923485714286,5470.692,3.4606428571428944,5469.121,5462.19,completed,sl,False,False,-1.0014035377407777,-1.0514035377407778,12.666666666666666
2026-08-21 20:00:00+00:00,2026-08-21 20:01:00+00:00,2026-08-21 20:15:00+00:00,2026-08-21 20:30:01+00:00,2026-08-21 20:06:35+00:00,2026-08-21 20:06:36+00:00,2026-08-21 20:21:36+00:00,,,CONTEXT_GEOMETRIC,boom:CONTEXT_GEOMETRIC:2026-08-21T20:00:00+00:00,1,5411.779667857143,5412.291546428572,5410.499971428571,5414.595,5.118785714285683,5412.27,5415.442,completed,time,False,False,0.30983910804734843,0.25983910804734844,15.0
2026-08-23 18:00:00+00:00,2026-08-23 18:01:00+00:00,2026-08-23 18:15:00+00:00,2026-08-23 18:30:01+00:00,2026-08-23 18:04:27+00:00,2026-08-23 18:04:28+00:00,2026-08-23 18:19:28+00:00,,,CONTEXT_GEOMETRIC,boom:CONTEXT_GEOMETRIC:2026-08-23T18:00:00+00:00,1,5239.117582142857,5239.674203571429,5237.726028571428,5242.179,5.5662142857142625,5239.656,5239.045,completed,time,False,False,-0.05488469978311948,-0.10488469978311948,15.0
2026-08-23 18:30:00+00:00,2026-08-23 18:31:00+00:00,2026-08-23 18:45:00+00:00,2026-08-23 19:00:01+00:00,2026-08-23 18:35:01+00:00,2026-08-23 18:35:02+00:00,2026-08-23 18:50:02+00:00,,,CONTEXT_GEOMETRIC,boom:CONTEXT_GEOMETRIC:2026-08-23T18:30:00+00:00,1,5241.692867857143,5242.290346428572,5240.199171428571,5244.979,5.9747857142857095,5242.271,5234.114,completed,time,False,False,-0.682618623501155,-0.732618623501155,15.0
2026-08-24 18:00:00+00:00,2026-08-24 18:01:00+00:00,2026-08-24 18:15:00+00:00,2026-08-24 18:30:01+00:00,2026-08-24 18:03:53+00:00,2026-08-24 18:03:54+00:00,2026-08-24 18:18:54+00:00,,,CONTEXT_GEOMETRIC,boom:CONTEXT_GEOMETRIC:2026-08-24T18:00:00+00:00,1,5208.638196428572,5209.084160714286,5207.523285714286,5211.091,4.45964285714282,5209.073,5203.369,completed,time,False,False,-0.6395130936174382,-0.6895130936174383,15.0
2026-08-24 21:30:00+00:00,2026-08-24 21:31:00+00:00,2026-08-24 21:45:00+00:00,2026-08-24 22:00:01+00:00,2026-08-24 21:34:51+00:00,2026-08-24 21:34:52+00:00,2026-08-24 21:49:52+00:00,,,CONTEXT_GEOMETRIC,boom:CONTEXT_GEOMETRIC:2026-08-24T21:30:00+00:00,1,5252.564235714285,5253.126192857143,5251.159342857142,5255.655,5.619571428571492,5253.115,5248.826,completed,time,False,False,-0.3816127310165745,-0.4316127310165745,15.0
2026-08-24 23:00:00+00:00,2026-08-24 23:01:00+00:00,2026-08-24 23:15:00+00:00,2026-08-24 23:30:01+00:00,2026-08-24 23:04:57+00:00,2026-08-24 23:04:58+00:00,2026-08-24 23:19:58+00:00,,,CONTEXT_GEOMETRIC,boom:CONTEXT_GEOMETRIC:2026-08-24T23:00:00+00:00,1,5262.002635714285,5262.557792857142,5260.614742857142,5265.056,5.551571428571476,5262.526,5262.777,completed,time,False,False,0.022606211883397377,-0.027393788116602626,15.0
2026-08-25 02:30:00+00:00,2026-08-25 02:31:00+00:00,2026-08-25 02:45:00+00:00,2026-08-25 03:00:01+00:00,2026-08-25 02:35:36+00:00,2026-08-25 02:35:37+00:00,2026-08-25 02:50:37+00:00,,,CONTEXT_GEOMETRIC,boom:CONTEXT_GEOMETRIC:2026-08-25T02:30:00+00:00,1,5293.125128571429,5293.794014285714,5291.4529142857145,5296.804,6.6888571428571595,5293.779,5287.104,completed,time,False,False,-0.4989641621460121,-0.5489641621460121,15.0
2026-08-25 12:00:00+00:00,2026-08-25 12:01:00+00:00,2026-08-25 12:15:00+00:00,2026-08-25 12:30:01+00:00,2026-08-25 12:04:23+00:00,2026-08-25 12:04:24+00:00,2026-08-25 12:19:24+00:00,,,CONTEXT_GEOMETRIC,boom:CONTEXT_GEOMETRIC:2026-08-25T12:00:00+00:00,1,5295.062271428571,5295.546585714285,5293.851485714285,5297.726,4.843142857142733,5295.53,5295.151,completed,time,False,False,-0.03912748510411489,-0.08912748510411489,15.0
2026-08-25 12:30:00+00:00,2026-08-25 12:31:00+00:00,2026-08-25 12:45:00+00:00,2026-08-25 13:00:01+00:00,2026-08-25 12:33:35+00:00,2026-08-25 12:33:36+00:00,2026-08-25 12:48:36+00:00,,,CONTEXT_GEOMETRIC,boom:CONTEXT_GEOMETRIC:2026-08-25T12:30:00+00:00,1,5294.872914285714,5295.327657142857,5293.736057142856,5297.374,4.547428571428554,5295.325,5291.637,completed,time,False,False,-0.4055038954511311,-0.45550389545113107,15.0
2026-08-25 13:00:00+00:00,2026-08-25 13:01:00+00:00,2026-08-25 13:15:00+00:00,2026-08-25 13:30:01+00:00,2026-08-25 13:04:25+00:00,2026-08-25 13:04:26+00:00,2026-08-25 13:19:26+00:00,,,CONTEXT_GEOMETRIC,boom:CONTEXT_GEOMETRIC:2026-08-25T13:00:00+00:00,1,5303.335382142857,5303.810403571429,5302.147828571428,5305.948,4.750214285714329,5303.797,5295.641,completed,time,False,False,-0.8584875870261359,-0.908487587026136,15.0
2026-08-26 19:00:00+00:00,2026-08-26 19:01:00+00:00,2026-08-26 19:15:00+00:00,2026-08-26 19:30:01+00:00,2026-08-26 19:12:32+00:00,2026-08-26 19:12:33+00:00,2026-08-26 19:27:33+00:00,,,CONTEXT_GEOMETRIC,boom:CONTEXT_GEOMETRIC:2026-08-26T19:00:00+00:00,1,5177.116239285714,5177.733832142857,5175.572257142857,5180.513,6.175928571428618,5177.717,5171.802,completed,time,False,False,-0.47887535708915296,-0.528875357089153,15.0
2026-08-26 20:00:00+00:00,2026-08-26 20:01:00+00:00,2026-08-26 20:15:00+00:00,2026-08-26 20:30:01+00:00,2026-08-26 20:04:04+00:00,2026-08-26 20:04:05+00:00,2026-08-26 20:19:05+00:00,,,CONTEXT_GEOMETRIC,boom:CONTEXT_GEOMETRIC:2026-08-26T20:00:00+00:00,1,5178.815471428572,5179.267385714286,5177.685685714287,5181.301,4.519142857142989,5179.262,5176.721,completed,time,False,False,-0.28113738382753767,-0.33113738382753766,15.0
2026-08-26 22:00:00+00:00,2026-08-26 22:01:00+00:00,2026-08-26 22:15:00+00:00,2026-08-26 22:30:01+00:00,2026-08-26 22:04:09+00:00,2026-08-26 22:04:10+00:00,2026-08-26 22:19:10+00:00,,,CONTEXT_GEOMETRIC,boom:CONTEXT_GEOMETRIC:2026-08-26T22:00:00+00:00,1,5204.758767857143,5205.228446428571,5203.5845714285715,5207.342,4.696785714285852,5205.214,5210.234,completed,time,False,False,0.53440802980765,0.48440802980765,15.0
2026-08-27 00:00:00+00:00,2026-08-27 00:01:00+00:00,2026-08-27 00:15:00+00:00,2026-08-27 00:30:01+00:00,2026-08-27 00:04:11+00:00,2026-08-27 00:04:12+00:00,2026-08-27 00:19:12+00:00,,,CONTEXT_GEOMETRIC,boom:CONTEXT_GEOMETRIC:2026-08-27T00:00:00+00:00,1,5207.28785,5207.74515,5206.1446,5209.803,4.57299999999993,5207.733,5204.4,completed,time,False,False,-0.3644216050733205,-0.4144216050733205,15.0
2026-08-27 00:30:00+00:00,2026-08-27 00:31:00+00:00,2026-08-27 00:45:00+00:00,2026-08-27 01:00:01+00:00,2026-08-27 00:33:59+00:00,2026-08-27 00:34:00+00:00,2026-08-27 00:49:00+00:00,,,CONTEXT_GEOMETRIC,boom:CONTEXT_GEOMETRIC:2026-08-27T00:30:00+00:00,1,5206.1248428571425,5206.618871428571,5204.889771428571,5208.842,4.940285714285632,5206.61,5200.108,completed,time,False,False,-0.6580591058931994,-0.7080591058931994,15.0
2026-08-27 01:00:00+00:00,2026-08-27 01:01:00+00:00,2026-08-27 01:15:00+00:00,2026-08-27 01:30:01+00:00,2026-08-27 01:05:42+00:00,2026-08-27 01:05:43+00:00,2026-08-27 01:20:43+00:00,,,CONTEXT_GEOMETRIC,boom:CONTEXT_GEOMETRIC:2026-08-27T01:00:00+00:00,1,5209.246175,5209.716325,5208.0708,5211.832,4.7014999999998635,5209.698,5214.68,completed,time,False,False,0.5298309050303218,0.47983090503032183,15.0
2026-08-27 02:00:00+00:00,2026-08-27 02:01:00+00:00,2026-08-27 02:15:00+00:00,2026-08-27 02:30:01+00:00,2026-08-27 02:04:08+00:00,2026-08-27 02:04:09+00:00,2026-08-27 02:19:09+00:00,,,CONTEXT_GEOMETRIC,boom:CONTEXT_GEOMETRIC:2026-08-27T02:00:00+00:00,1,5214.822425,5215.319075,5213.580800000001,5217.554,4.966499999999996,5215.305,5210.822,completed,time,False,False,-0.451323869928539,-0.5013238699285391,15.0
2026-08-27 02:30:00+00:00,2026-08-27 02:31:00+00:00,2026-08-27 02:45:00+00:00,2026-08-27 03:00:01+00:00,2026-08-27 02:33:40+00:00,2026-08-27 02:33:41+00:00,2026-08-27 02:48:41+00:00,,,CONTEXT_GEOMETRIC,boom:CONTEXT_GEOMETRIC:2026-08-27T02:30:00+00:00,1,5210.9132500000005,5211.3237500000005,5209.887000000001,5213.171,4.104999999999953,5211.322,5203.32,completed,time,False,False,-0.9746650426309986,-1.0246650426309987,15.0
2026-08-27 21:30:00+00:00,2026-08-27 21:31:00+00:00,2026-08-27 21:45:00+00:00,2026-08-27 22:00:01+00:00,2026-08-27 21:35:01+00:00,2026-08-27 21:35:02+00:00,2026-08-27 21:50:02+00:00,,,CONTEXT_GEOMETRIC,boom:CONTEXT_GEOMETRIC:2026-08-27T21:30:00+00:00,1,5160.086810714286,5160.658117857143,5158.658542857143,5163.229,5.713071428571506,5160.652,5176.894,completed,time,False,False,1.421477063876071,1.371477063876071,15.0
2026-08-27 22:00:00+00:00,2026-08-27 22:01:00+00:00,2026-08-27 22:15:00+00:00,2026-08-27 22:30:01+00:00,2026-08-27 22:04:25+00:00,2026-08-27 22:04:26+00:00,2026-08-27 22:19:26+00:00,,,CONTEXT_GEOMETRIC,boom:CONTEXT_GEOMETRIC:2026-08-27T22:00:00+00:00,1,5171.641557142857,5172.120728571428,5170.443628571428,5174.277,4.791714285714404,5172.095,5167.633,completed,time,False,False,-0.4655953729652724,-0.5155953729652725,15.0
2026-08-27 22:30:00+00:00,2026-08-27 22:31:00+00:00,2026-08-27 22:45:00+00:00,2026-08-27 23:00:01+00:00,2026-08-27 22:34:15+00:00,2026-08-27 22:34:16+00:00,2026-08-27 22:49:16+00:00,,,CONTEXT_GEOMETRIC,boom:CONTEXT_GEOMETRIC:2026-08-27T22:30:00+00:00,1,5170.814600000001,5171.2934000000005,5169.6176000000005,5173.448,4.788000000000011,5171.29,5169.139,completed,time,False,False,-0.2246240601503587,-0.27462406015035873,15.0
2026-08-28 02:00:00+00:00,2026-08-28 02:01:00+00:00,2026-08-28 02:15:00+00:00,2026-08-28 02:30:01+00:00,2026-08-28 02:03:37+00:00,2026-08-28 02:03:38+00:00,2026-08-28 02:18:38+00:00,,,CONTEXT_GEOMETRIC,boom:CONTEXT_GEOMETRIC:2026-08-28T02:00:00+00:00,1,5175.683292857142,5176.111421428571,5174.612971428571,5178.038,4.281285714285526,5176.1,5186.822,completed,time,False,False,1.2521939337315486,1.2021939337315486,15.0
2026-08-28 04:00:00+00:00,2026-08-28 04:01:00+00:00,2026-08-28 04:15:00+00:00,2026-08-28 04:30:01+00:00,2026-08-28 04:03:47+00:00,2026-08-28 04:03:48+00:00,2026-08-28 04:18:48+00:00,,,CONTEXT_GEOMETRIC,boom:CONTEXT_GEOMETRIC:2026-08-28T04:00:00+00:00,1,5177.442360714285,5177.891567857142,5176.319342857142,5179.913,4.492071428571502,5177.875,5172.181,completed,time,False,False,-0.6337833325383175,-0.6837833325383176,15.0
2026-08-28 07:00:00+00:00,2026-08-28 07:01:00+00:00,2026-08-28 07:15:00+00:00,2026-08-28 07:30:01+00:00,2026-08-28 07:04:06+00:00,2026-08-28 07:04:07+00:00,2026-08-28 07:19:07+00:00,,,CONTEXT_GEOMETRIC,boom:CONTEXT_GEOMETRIC:2026-08-28T07:00:00+00:00,1,5154.6103,5155.0797,5153.4368,5157.192,4.69399999999996,5155.066,5147.093,completed,time,False,False,-0.8492756710694529,-0.8992756710694529,15.0
2026-08-29 01:00:00+00:00,2026-08-29 01:01:00+00:00,2026-08-29 01:15:00+00:00,2026-08-29 01:30:01+00:00,2026-08-29 01:04:38+00:00,2026-08-29 01:04:39+00:00,2026-08-29 01:19:39+00:00,,,CONTEXT_GEOMETRIC,boom:CONTEXT_GEOMETRIC:2026-08-29T01:00:00+00:00,1,5152.800592857143,5153.324121428572,5151.491771428571,5155.68,5.23528571428564,5153.311,5158.278,completed,time,False,False,0.47437716593451534,0.42437716593451535,15.0
2026-08-29 01:30:00+00:00,2026-08-29 01:31:00+00:00,2026-08-29 01:45:00+00:00,2026-08-29 02:00:01+00:00,2026-08-29 01:33:17+00:00,2026-08-29 01:33:18+00:00,2026-08-29 01:48:18+00:00,,,CONTEXT_GEOMETRIC,boom:CONTEXT_GEOMETRIC:2026-08-29T01:30:00+00:00,1,5153.911603571429,5154.320039285714,5152.890514285715,5156.158,4.084357142857178,5154.297,5155.432,completed,time,False,False,0.13894475437647924,0.08894475437647924,15.0
2026-08-29 04:30:00+00:00,2026-08-29 04:31:00+00:00,2026-08-29 04:45:00+00:00,2026-08-29 05:00:01+00:00,2026-08-29 04:34:53+00:00,2026-08-29 04:34:54+00:00,2026-08-29 04:49:54+00:00,,,CONTEXT_GEOMETRIC,boom:CONTEXT_GEOMETRIC:2026-08-29T04:30:00+00:00,1,5218.544817857142,5219.083396428571,5217.198371428571,5221.507,5.385785714285703,5219.06,5211.291,completed,time,False,False,-0.721250381294701,-0.771250381294701,15.0
2026-08-29 05:00:00+00:00,2026-08-29 05:01:00+00:00,2026-08-29 05:15:00+00:00,2026-08-29 05:30:01+00:00,2026-08-29 05:04:43+00:00,2026-08-29 05:04:44+00:00,2026-08-29 05:19:44+00:00,,,CONTEXT_GEOMETRIC,boom:CONTEXT_GEOMETRIC:2026-08-29T05:00:00+00:00,1,5227.636096428571,5228.192260714285,5226.245685714286,5230.695,5.561642857142813,5228.187,5225.905,completed,time,False,False,-0.2051552085072653,-0.2551552085072653,15.0
2026-08-29 06:00:00+00:00,2026-08-29 06:01:00+00:00,2026-08-29 06:15:00+00:00,2026-08-29 06:30:01+00:00,2026-08-29 06:06:11+00:00,2026-08-29 06:06:12+00:00,2026-08-29 06:21:12+00:00,,,CONTEXT_GEOMETRIC,boom:CONTEXT_GEOMETRIC:2026-08-29T06:00:00+00:00,1,5241.478028571429,5242.167114285714,5239.755314285714,5245.268,6.890857142857125,5242.155,5233.892,completed,time,False,False,-0.5995625673770585,-0.6495625673770585,15.0
2026-08-29 06:30:00+00:00,2026-08-29 06:31:00+00:00,2026-08-29 06:45:00+00:00,2026-08-29 07:00:01+00:00,2026-08-29 06:34:58+00:00,2026-08-29 06:34:59+00:00,2026-08-29 06:49:59+00:00,,,CONTEXT_GEOMETRIC,boom:CONTEXT_GEOMETRIC:2026-08-29T06:30:00+00:00,1,5237.151203571429,5237.726439285714,5235.713114285714,5240.315,5.752357142857169,5237.716,5232.549,completed,time,False,False,-0.4491202364248499,-0.4991202364248499,15.0
2026-08-30 03:30:00+00:00,2026-08-30 03:31:00+00:00,2026-08-30 03:45:00+00:00,2026-08-30 04:00:01+00:00,2026-08-30 03:34:32+00:00,2026-08-30 03:34:33+00:00,2026-08-30 03:49:33+00:00,,,CONTEXT_GEOMETRIC,boom:CONTEXT_GEOMETRIC:2026-08-30T03:30:00+00:00,1,5207.588114285714,5208.138457142857,5206.212257142857,5210.615,5.503428571428491,5208.133,5222.119,completed,time,False,False,1.2706624441906418,1.2206624441906417,15.0
2026-08-30 07:30:00+00:00,2026-08-30 07:31:00+00:00,2026-08-30 07:45:00+00:00,2026-08-30 08:00:01+00:00,2026-08-30 07:33:48+00:00,2026-08-30 07:33:49+00:00,2026-08-30 07:48:49+00:00,,,CONTEXT_GEOMETRIC,boom:CONTEXT_GEOMETRIC:2026-08-30T07:30:00+00:00,1,5215.728439285714,5216.169632142857,5214.625457142856,5218.155,4.411928571428624,5216.154,5208.444,completed,time,False,False,-0.8737675457768649,-0.9237675457768649,15.0
2026-08-30 21:00:00+00:00,2026-08-30 21:01:00+00:00,2026-08-30 21:15:00+00:00,2026-08-30 21:30:01+00:00,2026-08-30 21:06:06+00:00,2026-08-30 21:06:07+00:00,2026-08-30 21:21:07+00:00,,,CONTEXT_GEOMETRIC,boom:CONTEXT_GEOMETRIC:2026-08-30T21:00:00+00:00,1,5164.8444714285715,5165.3483857142855,5163.584685714286,5167.616,5.039142857142841,5165.329,5183.935,completed,time,False,False,1.846147303963332,1.796147303963332,15.0
2026-08-30 23:30:00+00:00,2026-08-30 23:31:00+00:00,2026-08-30 23:45:00+00:00,2026-08-31 00:00:01+00:00,2026-08-30 23:34:33+00:00,2026-08-30 23:34:34+00:00,2026-08-30 23:49:34+00:00,,,CONTEXT_GEOMETRIC,boom:CONTEXT_GEOMETRIC:2026-08-30T23:30:00+00:00,1,5200.521917857142,5201.058296428571,5199.180971428571,5203.472,5.3637857142857035,5201.05,5193.457,completed,time,False,False,-0.7078023251168423,-0.7578023251168423,15.0
2026-08-31 02:00:00+00:00,2026-08-31 02:01:00+00:00,2026-08-31 02:15:00+00:00,2026-08-31 02:30:01+00:00,2026-08-31 02:03:39+00:00,2026-08-31 02:03:40+00:00,2026-08-31 02:18:40+00:00,,,CONTEXT_GEOMETRIC,boom:CONTEXT_GEOMETRIC:2026-08-31T02:00:00+00:00,1,5178.4394357142855,5178.856992857142,5177.395542857143,5180.736,4.175571428571337,5178.828,5170.765,completed,time,False,False,-0.9654965958466241,-1.015496595846624,15.0
2026-08-31 12:00:00+00:00,2026-08-31 12:01:00+00:00,2026-08-31 12:15:00+00:00,2026-08-31 12:30:01+00:00,2026-08-31 12:05:38+00:00,2026-08-31 12:05:39+00:00,2026-08-31 12:20:39+00:00,,,CONTEXT_GEOMETRIC,boom:CONTEXT_GEOMETRIC:2026-08-31T12:00:00+00:00,1,5214.252560714285,5214.887367857143,5212.665542857142,5217.744,6.3480714285714,5214.867,5214.258,completed,time,False,False,-0.04796732415922347,-0.09796732415922348,15.0
2026-08-31 15:00:00+00:00,2026-08-31 15:01:00+00:00,2026-08-31 15:15:00+00:00,2026-08-31 15:30:01+00:00,2026-08-31 15:09:22+00:00,2026-08-31 15:09:23+00:00,2026-08-31 15:24:23+00:00,,,CONTEXT_GEOMETRIC,boom:CONTEXT_GEOMETRIC:2026-08-31T15:00:00+00:00,1,5204.744582142857,5205.247203571428,5203.488028571429,5207.509,5.026214285714365,5205.215,5210.556,completed,time,False,False,0.5313143945314635,0.48131439453146346,15.0
2026-08-31 15:30:00+00:00,2026-08-31 15:31:00+00:00,2026-08-31 15:45:00+00:00,2026-08-31 16:00:01+00:00,2026-08-31 15:33:33+00:00,2026-08-31 15:33:34+00:00,2026-08-31 15:48:34+00:00,,,CONTEXT_GEOMETRIC,boom:CONTEXT_GEOMETRIC:2026-08-31T15:30:00+00:00,1,5208.384589285713,5208.800482142857,5207.344857142856,5210.672,4.158928571428597,5208.774,5204.006,completed,time,False,False,-0.5732245598969514,-0.6232245598969515,15.0
2026-09-01 02:00:00+00:00,2026-09-01 02:01:00+00:00,2026-09-01 02:15:00+00:00,2026-09-01 02:30:01+00:00,2026-09-01 02:04:19+00:00,2026-09-01 02:04:20+00:00,2026-09-01 02:19:20+00:00,,,CONTEXT_GEOMETRIC,boom:CONTEXT_GEOMETRIC:2026-09-01T02:00:00+00:00,1,5216.547167857143,5217.016046428572,5215.374971428571,5219.126,4.688785714285586,5216.996,5209.295,completed,time,False,False,-0.8212147525250464,-0.8712147525250464,15.0
2026-09-01 08:00:00+00:00,2026-09-01 08:01:00+00:00,2026-09-01 08:15:00+00:00,2026-09-01 08:30:01+00:00,2026-09-01 08:04:27+00:00,2026-09-01 08:04:28+00:00,2026-09-01 08:19:28+00:00,,,CONTEXT_GEOMETRIC,boom:CONTEXT_GEOMETRIC:2026-09-01T08:00:00+00:00,1,5245.342557142857,5245.871728571428,5244.019628571428,5248.253,5.291714285714404,5245.86,5271.955,completed,time,False,False,2.4656471032881284,2.4156471032881286,15.0
2026-09-01 23:30:00+00:00,2026-09-01 23:31:00+00:00,2026-09-01 23:45:00+00:00,2026-09-02 00:00:01+00:00,2026-09-01 23:33:47+00:00,2026-09-01 23:33:48+00:00,2026-09-01 23:48:48+00:00,,,CONTEXT_GEOMETRIC,boom:CONTEXT_GEOMETRIC:2026-09-01T23:30:00+00:00,1,5331.160114285714,5331.620457142857,5330.009257142858,5333.692,4.603428571428465,5331.585,5332.082,completed,time,False,False,0.05398150446875262,0.003981504468752617,15.0
2026-09-02 00:00:00+00:00,2026-09-02 00:01:00+00:00,2026-09-02 00:15:00+00:00,2026-09-02 00:30:01+00:00,2026-09-02 00:03:37+00:00,2026-09-02 00:03:38+00:00,2026-09-02 00:18:38+00:00,,,CONTEXT_GEOMETRIC,boom:CONTEXT_GEOMETRIC:2026-09-02T00:00:00+00:00,1,5328.837714285714,5329.256857142857,5327.789857142857,5331.143,4.191428571428397,5329.238,5324.733,completed,time,False,False,-0.5374062713020121,-0.5874062713020122,15.0
2026-09-03 14:00:00+00:00,2026-09-03 14:01:00+00:00,2026-09-03 14:15:00+00:00,2026-09-03 14:30:01+00:00,2026-09-03 14:05:50+00:00,2026-09-03 14:05:51+00:00,2026-09-03 14:20:51+00:00,,,CONTEXT_GEOMETRIC,boom:CONTEXT_GEOMETRIC:2026-09-03T14:00:00+00:00,1,5265.477028571429,5266.1341142857145,5263.834314285715,5269.091,6.570857142857092,5266.121,5273.576,completed,time,False,False,0.567277589355595,0.517277589355595,15.0
2026-09-04 13:00:00+00:00,2026-09-04 13:01:00+00:00,2026-09-04 13:15:00+00:00,2026-09-04 13:30:01+00:00,2026-09-04 13:03:10+00:00,2026-09-04 13:03:11+00:00,2026-09-04 13:18:11+00:00,,,CONTEXT_GEOMETRIC,boom:CONTEXT_GEOMETRIC:2026-09-04T13:00:00+00:00,1,5244.963807142857,5245.371478571428,5243.944628571428,5247.206,4.076714285714258,5245.363,5259.805,completed,time,False,False,1.7712793916669713,1.7212793916669713,15.0
2026-09-04 16:00:00+00:00,2026-09-04 16:01:00+00:00,2026-09-04 16:15:00+00:00,2026-09-04 16:30:01+00:00,2026-09-04 16:04:20+00:00,2026-09-04 16:04:21+00:00,2026-09-04 16:19:21+00:00,,,CONTEXT_GEOMETRIC,boom:CONTEXT_GEOMETRIC:2026-09-04T16:00:00+00:00,1,5254.121417857143,5254.598796428571,5252.927971428571,5256.747,4.773785714285817,5254.592,5261.723,completed,time,False,False,0.7468915056933119,0.6968915056933118,15.0
2026-09-04 20:00:00+00:00,2026-09-04 20:01:00+00:00,2026-09-04 20:15:00+00:00,2026-09-04 20:30:01+00:00,2026-09-04 20:03:49+00:00,2026-09-04 20:03:50+00:00,2026-09-04 20:18:50+00:00,,,CONTEXT_GEOMETRIC,boom:CONTEXT_GEOMETRIC:2026-09-04T20:00:00+00:00,1,5256.999364285714,5257.450207142858,5255.872257142857,5259.479,4.5084285714286,5257.438,5254.354,completed,time,False,False,-0.3420260464526552,-0.3920260464526552,15.0
2026-09-05 06:00:00+00:00,2026-09-05 06:01:00+00:00,2026-09-05 06:15:00+00:00,2026-09-05 06:30:01+00:00,2026-09-05 06:12:54+00:00,2026-09-05 06:12:55+00:00,2026-09-05 06:27:55+00:00,,,CONTEXT_GEOMETRIC,boom:CONTEXT_GEOMETRIC:2026-09-05T06:00:00+00:00,1,5260.605717857143,5260.996496428572,5259.628771428571,5262.755,3.9077857142857675,5260.976,5265.007,completed,time,False,False,0.5157652305836199,0.4657652305836199,15.0
2026-09-05 12:30:00+00:00,2026-09-05 12:31:00+00:00,2026-09-05 12:45:00+00:00,2026-09-05 13:00:01+00:00,2026-09-05 12:34:51+00:00,2026-09-05 12:34:52+00:00,2026-09-05 12:49:52+00:00,,,CONTEXT_GEOMETRIC,boom:CONTEXT_GEOMETRIC:2026-09-05T12:30:00+00:00,1,5279.325107142857,5279.916178571429,5277.847428571428,5282.576,5.91071428571435,5279.91,5271.83,completed,time,False,False,-0.6835045317220407,-0.7335045317220408,15.0
2026-09-05 13:00:00+00:00,2026-09-05 13:01:00+00:00,2026-09-05 13:15:00+00:00,2026-09-05 13:30:01+00:00,2026-09-05 13:04:24+00:00,2026-09-05 13:04:25+00:00,2026-09-05 13:19:25+00:00,,,CONTEXT_GEOMETRIC,boom:CONTEXT_GEOMETRIC:2026-09-05T13:00:00+00:00,1,5271.237371428571,5271.7534857142855,5269.947085714286,5274.076,5.161142857142879,5271.743,5274.952,completed,time,False,False,0.3108807573073341,0.2608807573073341,15.0
2026-09-05 14:30:00+00:00,2026-09-05 14:31:00+00:00,2026-09-05 14:45:00+00:00,2026-09-05 15:00:01+00:00,2026-09-05 14:34:41+00:00,2026-09-05 14:34:42+00:00,2026-09-05 14:49:42+00:00,,,CONTEXT_GEOMETRIC,boom:CONTEXT_GEOMETRIC:2026-09-05T14:30:00+00:00,1,5303.439578571429,5303.992564285714,5302.057114285714,5306.481,5.529857142857119,5303.984,5299.595,completed,time,False,False,-0.3968456947996719,-0.4468456947996719,15.0
2026-09-06 06:00:00+00:00,2026-09-06 06:01:00+00:00,2026-09-06 06:15:00+00:00,2026-09-06 06:30:01+00:00,2026-09-06 06:03:34+00:00,2026-09-06 06:03:35+00:00,2026-09-06 06:18:35+00:00,,,CONTEXT_GEOMETRIC,boom:CONTEXT_GEOMETRIC:2026-09-06T06:00:00+00:00,1,5242.7285357142855,5243.173892857143,5241.615142857143,5245.178,4.453571428571455,5243.155,5235.456,completed,time,False,False,-0.8643624699277783,-0.9143624699277784,15.0
2026-09-06 16:00:00+00:00,2026-09-06 16:01:00+00:00,2026-09-06 16:15:00+00:00,2026-09-06 16:30:01+00:00,2026-09-06 16:04:30+00:00,2026-09-06 16:04:31+00:00,2026-09-06 16:19:31+00:00,,,CONTEXT_GEOMETRIC,boom:CONTEXT_GEOMETRIC:2026-09-06T16:00:00+00:00,1,5218.228582142858,5218.765203571429,5216.887028571429,5221.18,5.3662142857143795,5218.751,5215.566,completed,time,False,False,-0.29676414604606083,-0.3467641460460608,15.0
2026-09-07 00:00:00+00:00,2026-09-07 00:01:00+00:00,2026-09-07 00:15:00+00:00,2026-09-07 00:30:01+00:00,2026-09-07 00:04:18+00:00,2026-09-07 00:04:19+00:00,2026-09-07 00:19:19+00:00,,,CONTEXT_GEOMETRIC,boom:CONTEXT_GEOMETRIC:2026-09-07T00:00:00+00:00,1,5217.693942857142,5218.177771428571,5216.484371428571,5220.355,4.8382857142855755,5218.154,5223.612,completed,time,False,False,0.5640427542222526,0.5140427542222525,15.0
2026-09-07 00:30:00+00:00,2026-09-07 00:31:00+00:00,2026-09-07 00:45:00+00:00,2026-09-07 01:00:01+00:00,2026-09-07 00:33:11+00:00,2026-09-07 00:33:12+00:00,2026-09-07 00:48:12+00:00,,,CONTEXT_GEOMETRIC,boom:CONTEXT_GEOMETRIC:2026-09-07T00:30:00+00:00,1,5222.627471428571,5222.999385714285,5221.697685714285,5224.673,3.7191428571428724,5222.992,5224.736,completed,time,False,False,0.23446262579699162,0.18446262579699163,15.0
2026-09-07 01:00:00+00:00,2026-09-07 01:01:00+00:00,2026-09-07 01:15:00+00:00,2026-09-07 01:30:01+00:00,2026-09-07 01:04:12+00:00,2026-09-07 01:04:13+00:00,2026-09-07 01:19:13+00:00,,,CONTEXT_GEOMETRIC,boom:CONTEXT_GEOMETRIC:2026-09-07T01:00:00+00:00,1,5226.642867857143,5227.122346428571,5225.444171428571,5229.28,4.7947857142857435,5227.098,5225.376,completed,time,False,False,-0.17957006867576675,-0.22957006867576674,15.0
2026-09-07 02:00:00+00:00,2026-09-07 02:01:00+00:00,2026-09-07 02:15:00+00:00,2026-09-07 02:30:01+00:00,2026-09-07 02:04:11+00:00,2026-09-07 02:04:12+00:00,2026-09-07 02:19:12+00:00,,,CONTEXT_GEOMETRIC,boom:CONTEXT_GEOMETRIC:2026-09-07T02:00:00+00:00,1,5230.611207142858,5231.084078571429,5229.42902857143,5233.212,4.728714285714432,5231.077,5225.884,completed,time,False,False,-0.5490921724419255,-0.5990921724419256,15.0
2026-09-07 02:30:00+00:00,2026-09-07 02:31:00+00:00,2026-09-07 02:45:00+00:00,2026-09-07 03:00:01+00:00,2026-09-07 02:43:22+00:00,2026-09-07 02:43:23+00:00,2026-09-07 02:58:23+00:00,,,CONTEXT_GEOMETRIC,boom:CONTEXT_GEOMETRIC:2026-09-07T02:30:00+00:00,1,5242.19555,5242.733450000001,5240.8508,5245.154,5.3790000000001,5242.716,5234.343,completed,time,False,False,-0.7783045175683535,-0.8283045175683535,15.0
2026-09-07 03:30:00+00:00,2026-09-07 03:31:00+00:00,2026-09-07 03:45:00+00:00,2026-09-07 04:00:01+00:00,2026-09-07 03:34:02+00:00,2026-09-07 03:34:03+00:00,2026-09-07 03:49:03+00:00,,,CONTEXT_GEOMETRIC,boom:CONTEXT_GEOMETRIC:2026-09-07T03:30:00+00:00,1,5229.813889285714,5230.303182142858,5228.590657142857,5232.505,4.892928571428586,5230.293,5222.488,completed,time,False,False,-0.7975795973780749,-0.847579597378075,15.0
2026-09-07 08:00:00+00:00,2026-09-07 08:01:00+00:00,2026-09-07 08:15:00+00:00,2026-09-07 08:30:01+00:00,2026-09-07 08:03:28+00:00,2026-09-07 08:03:29+00:00,2026-09-07 08:18:29+00:00,,,CONTEXT_GEOMETRIC,boom:CONTEXT_GEOMETRIC:2026-09-07T08:00:00+00:00,1,5249.088610714285,5249.476317857142,5248.119342857142,5251.221,3.8770714285713956,5249.459,5262.264,completed,time,False,False,1.6513753016821018,1.6013753016821017,15.0
2026-09-07 08:30:00+00:00,2026-09-07 08:31:00+00:00,2026-09-07 08:45:00+00:00,2026-09-07 09:00:01+00:00,2026-09-07 08:34:57+00:00,2026-09-07 08:34:58+00:00,2026-09-07 08:49:58+00:00,,,CONTEXT_GEOMETRIC,boom:CONTEXT_GEOMETRIC:2026-09-07T08:30:00+00:00,1,5269.569682142857,5270.160103571428,5268.093628571429,5272.817,5.904214285714261,5270.139,5277.666,completed,time,False,False,0.6374260516096315,0.5874260516096315,15.0
2026-09-07 09:30:00+00:00,2026-09-07 09:31:00+00:00,2026-09-07 09:45:00+00:00,2026-09-07 10:00:01+00:00,2026-09-07 09:33:41+00:00,2026-09-07 09:33:42+00:00,2026-09-07 09:48:42+00:00,,,CONTEXT_GEOMETRIC,boom:CONTEXT_GEOMETRIC:2026-09-07T09:30:00+00:00,1,5260.322667857143,5260.754546428571,5259.242971428571,5262.698,4.31878571428576,5260.721,5254.313,completed,time,False,False,-0.7418751964010328,-0.7918751964010329,15.0
2026-09-07 16:30:00+00:00,2026-09-07 16:31:00+00:00,2026-09-07 16:45:00+00:00,2026-09-07 17:00:01+00:00,2026-09-07 16:35:45+00:00,2026-09-07 16:35:46+00:00,2026-09-07 16:50:46+00:00,,,CONTEXT_GEOMETRIC,boom:CONTEXT_GEOMETRIC:2026-09-07T16:30:00+00:00,1,5266.918042857143,5267.591671428571,5265.233971428571,5270.623,6.736285714285584,5267.572,5290.803,completed,time,False,False,1.7243181914577927,1.6743181914577927,15.0
2026-09-07 21:00:00+00:00,2026-09-07 21:01:00+00:00,2026-09-07 21:15:00+00:00,2026-09-07 21:30:01+00:00,2026-09-07 21:03:18+00:00,2026-09-07 21:03:19+00:00,2026-09-07 21:18:19+00:00,,,CONTEXT_GEOMETRIC,boom:CONTEXT_GEOMETRIC:2026-09-07T21:00:00+00:00,1,5281.120507142858,5281.556778571429,5280.029828571429,5283.52,4.362714285714252,5281.543,5280.89,completed,time,False,False,-0.0748387308031599,-0.12483873080315991,15.0
2026-09-08 03:00:00+00:00,2026-09-08 03:01:00+00:00,2026-09-08 03:15:00+00:00,2026-09-08 03:30:01+00:00,2026-09-08 03:03:36+00:00,2026-09-08 03:03:37+00:00,2026-09-08 03:18:37+00:00,,,CONTEXT_GEOMETRIC,boom:CONTEXT_GEOMETRIC:2026-09-08T03:00:00+00:00,1,5260.8550642857135,5261.306507142857,5259.726457142857,5263.338,4.5144285714286525,5261.304,5257.069,completed,time,False,False,-0.46905161229070563,-0.5190516122907056,15.0
2026-09-08 12:30:00+00:00,2026-09-08 12:31:00+00:00,2026-09-08 12:45:00+00:00,2026-09-08 13:00:01+00:00,2026-09-08 12:33:36+00:00,2026-09-08 12:33:37+00:00,2026-09-08 12:48:37+00:00,,,CONTEXT_GEOMETRIC,boom:CONTEXT_GEOMETRIC:2026-09-08T12:30:00+00:00,1,5264.57205,5265.00095,5263.4998,5266.931,4.28899999999976,5264.989,5259.896,completed,time,False,False,-0.5937281417580009,-0.643728141758001,15.0
2026-09-08 15:00:00+00:00,2026-09-08 15:01:00+00:00,2026-09-08 15:15:00+00:00,2026-09-08 15:30:01+00:00,2026-09-08 15:03:32+00:00,2026-09-08 15:03:33+00:00,2026-09-08 15:18:33+00:00,,,CONTEXT_GEOMETRIC,boom:CONTEXT_GEOMETRIC:2026-09-08T15:00:00+00:00,1,5252.408703571428,5252.8709392857145,5251.253114285714,5254.951,4.622357142857254,5252.836,5248.039,completed,time,False,False,-0.5188911037968036,-0.5688911037968036,15.0
2026-09-09 01:30:00+00:00,2026-09-09 01:31:00+00:00,2026-09-09 01:45:00+00:00,2026-09-09 02:00:01+00:00,2026-09-09 01:33:28+00:00,2026-09-09 01:33:29+00:00,2026-09-09 01:48:29+00:00,,,CONTEXT_GEOMETRIC,boom:CONTEXT_GEOMETRIC:2026-09-09T01:30:00+00:00,1,5263.4632035714285,5263.900439285715,5262.370114285714,5265.868,4.372357142857189,5263.886,5258.357,completed,time,False,False,-0.6322676555634056,-0.6822676555634056,15.0
2026-09-09 20:00:00+00:00,2026-09-09 20:01:00+00:00,2026-09-09 20:15:00+00:00,2026-09-09 20:30:01+00:00,2026-09-09 20:14:41+00:00,2026-09-09 20:14:42+00:00,2026-09-09 20:29:42+00:00,,,CONTEXT_GEOMETRIC,boom:CONTEXT_GEOMETRIC:2026-09-09T20:00:00+00:00,1,5236.366657142858,5236.975628571429,5234.844228571429,5239.716,6.089714285714243,5236.955,5229.305,completed,time,False,False,-0.6281082856338301,-0.6781082856338302,15.0
2026-09-12 09:00:00+00:00,2026-09-12 09:01:00+00:00,2026-09-12 09:15:00+00:00,2026-09-12 09:30:01+00:00,2026-09-12 09:04:02+00:00,2026-09-12 09:04:03+00:00,2026-09-12 09:19:03+00:00,,,CONTEXT_GEOMETRIC,boom:CONTEXT_GEOMETRIC:2026-09-12T09:00:00+00:00,1,5057.637142857143,5058.076571428572,5056.538571428571,5060.054,4.394285714285876,5058.062,5083.791,completed,time,False,False,2.9275520156046047,2.877552015604605,15.0
2026-09-12 16:30:00+00:00,2026-09-12 16:31:00+00:00,2026-09-12 16:45:00+00:00,2026-09-12 17:00:01+00:00,2026-09-12 16:34:10+00:00,2026-09-12 16:34:11+00:00,2026-09-12 16:49:11+00:00,,,CONTEXT_GEOMETRIC,boom:CONTEXT_GEOMETRIC:2026-09-12T16:30:00+00:00,1,5064.912632142858,5065.380153571429,5063.743828571429,5067.484,4.675214285714317,5065.372,5062.168,completed,time,False,False,-0.34265809053831425,-0.39265809053831424,15.0
2026-09-12 18:00:00+00:00,2026-09-12 18:01:00+00:00,2026-09-12 18:15:00+00:00,2026-09-12 18:30:01+00:00,2026-09-12 18:04:41+00:00,2026-09-12 18:04:42+00:00,2026-09-12 18:19:42+00:00,,,CONTEXT_GEOMETRIC,boom:CONTEXT_GEOMETRIC:2026-09-12T18:00:00+00:00,1,5078.139746428572,5078.679610714286,5076.790085714286,5081.109,5.398642857142802,5078.669,5071.19,completed,time,False,False,-0.692674084756783,-0.7426740847567831,15.0
2026-09-13 06:00:00+00:00,2026-09-13 06:01:00+00:00,2026-09-13 06:15:00+00:00,2026-09-13 06:30:01+00:00,2026-09-13 06:04:18+00:00,2026-09-13 06:04:19+00:00,2026-09-13 06:19:19+00:00,,,CONTEXT_GEOMETRIC,boom:CONTEXT_GEOMETRIC:2026-09-13T06:00:00+00:00,1,5104.190164285715,5104.661407142858,5103.012057142858,5106.782,4.712428571428648,5104.655,5128.635,completed,time,False,False,2.5443356473762484,2.4943356473762486,15.0
2026-09-13 06:30:00+00:00,2026-09-13 06:31:00+00:00,2026-09-13 06:45:00+00:00,2026-09-13 07:00:01+00:00,2026-09-13 06:34:07+00:00,2026-09-13 06:34:08+00:00,2026-09-13 06:49:08+00:00,,,CONTEXT_GEOMETRIC,boom:CONTEXT_GEOMETRIC:2026-09-13T06:30:00+00:00,1,5125.926857142857,5126.401428571429,5124.740428571429,5128.537,4.7457142857141275,5126.382,5132.244,completed,time,False,False,0.6176098735701675,0.5676098735701675,15.0
2026-09-14 19:00:00+00:00,2026-09-14 19:01:00+00:00,2026-09-14 19:15:00+00:00,2026-09-14 19:30:01+00:00,2026-09-14 19:04:42+00:00,2026-09-14 19:04:43+00:00,2026-09-14 19:19:43+00:00,,,CONTEXT_GEOMETRIC,boom:CONTEXT_GEOMETRIC:2026-09-14T19:00:00+00:00,1,5076.3814785714285,5076.922664285715,5075.028514285714,5079.358,5.411857142857116,5076.906,5085.232,completed,time,False,False,0.7692368608610781,0.7192368608610781,15.0
2026-09-15 04:00:00+00:00,2026-09-15 04:01:00+00:00,2026-09-15 04:15:00+00:00,2026-09-15 04:30:01+00:00,2026-09-15 04:05:33+00:00,2026-09-15 04:05:34+00:00,2026-09-15 04:20:34+00:00,,,CONTEXT_GEOMETRIC,boom:CONTEXT_GEOMETRIC:2026-09-15T04:00:00+00:00,1,5096.791503571429,5097.428139285714,5095.199914285714,5100.293,6.366357142857071,5097.408,5089.544,completed,time,False,False,-0.6176216495192814,-0.6676216495192815,15.0
2026-09-15 06:00:00+00:00,2026-09-15 06:01:00+00:00,2026-09-15 06:15:00+00:00,2026-09-15 06:30:01+00:00,2026-09-15 06:03:12+00:00,2026-09-15 06:03:13+00:00,2026-09-15 06:18:13+00:00,,,CONTEXT_GEOMETRIC,boom:CONTEXT_GEOMETRIC:2026-09-15T06:00:00+00:00,1,5078.697617857143,5079.070596428572,5077.765171428572,5080.749,3.729785714285689,5079.057,5097.458,completed,time,False,False,2.4667636976463556,2.416763697646356,15.0
2026-09-15 06:30:00+00:00,2026-09-15 06:31:00+00:00,2026-09-15 06:45:00+00:00,2026-09-15 07:00:01+00:00,2026-09-15 06:35:15+00:00,2026-09-15 06:35:16+00:00,2026-09-15 06:50:16+00:00,,,CONTEXT_GEOMETRIC,boom:CONTEXT_GEOMETRIC:2026-09-15T06:30:00+00:00,1,5109.747503571429,5110.374139285715,5108.180914285715,5113.194,6.266357142857032,5110.358,5106.529,completed,time,False,False,-0.305520409442699,-0.35552040944269897,15.0
2026-09-15 12:00:00+00:00,2026-09-15 12:01:00+00:00,2026-09-15 12:15:00+00:00,2026-09-15 12:30:01+00:00,2026-09-15 12:03:18+00:00,2026-09-15 12:03:19+00:00,2026-09-15 12:18:19+00:00,,,CONTEXT_GEOMETRIC,boom:CONTEXT_GEOMETRIC:2026-09-15T12:00:00+00:00,1,5096.838621428571,5097.237235714286,5095.8420857142855,5099.031,3.9861428571428275,5097.225,5112.976,completed,time,False,False,1.9757194566891711,1.925719456689171,15.0
2026-09-15 20:00:00+00:00,2026-09-15 20:01:00+00:00,2026-09-15 20:15:00+00:00,2026-09-15 20:30:01+00:00,2026-09-15 20:04:53+00:00,2026-09-15 20:04:54+00:00,2026-09-15 20:19:54+00:00,,,CONTEXT_GEOMETRIC,boom:CONTEXT_GEOMETRIC:2026-09-15T20:00:00+00:00,1,5132.088221428571,5132.667635714285,5130.639685714285,5135.275,5.794142857142755,5132.655,5131.577,completed,time,False,False,-0.09302497596090599,-0.143024975960906,15.0
2026-09-16 03:00:00+00:00,2026-09-16 03:01:00+00:00,2026-09-16 03:15:00+00:00,2026-09-16 03:30:01+00:00,2026-09-16 03:04:19+00:00,2026-09-16 03:04:20+00:00,2026-09-16 03:19:20+00:00,,,CONTEXT_GEOMETRIC,boom:CONTEXT_GEOMETRIC:2026-09-16T03:00:00+00:00,1,5190.075932142857,5190.574853571428,5188.828628571428,5192.82,4.989214285714297,5190.559,5190.092,completed,time,False,False,-0.04680095634875035,-0.09680095634875036,15.0
2026-09-16 12:30:00+00:00,2026-09-16 12:31:00+00:00,2026-09-16 12:45:00+00:00,2026-09-16 13:00:01+00:00,2026-09-16 12:34:51+00:00,2026-09-16 12:34:52+00:00,2026-09-16 12:49:52+00:00,,,CONTEXT_GEOMETRIC,boom:CONTEXT_GEOMETRIC:2026-09-16T12:30:00+00:00,1,5280.592710714286,5281.182217857143,5279.118942857143,5283.835,5.895071428571295,5281.166,5277.716,completed,time,False,False,-0.29261731955264414,-0.34261731955264413,15.0
2026-09-16 13:00:00+00:00,2026-09-16 13:01:00+00:00,2026-09-16 13:15:00+00:00,2026-09-16 13:30:01+00:00,2026-09-16 13:05:08+00:00,2026-09-16 13:05:09+00:00,2026-09-16 13:20:09+00:00,,,CONTEXT_GEOMETRIC,boom:CONTEXT_GEOMETRIC:2026-09-16T13:00:00+00:00,1,5277.094671428571,5277.650185714286,5275.705885714286,5280.15,5.555142857142722,5277.639,5272.006,completed,time,False,False,-0.5070076634264212,-0.5570076634264213,15.0
2026-09-17 14:00:00+00:00,2026-09-17 14:01:00+00:00,2026-09-17 14:15:00+00:00,2026-09-17 14:30:01+00:00,2026-09-17 14:04:56+00:00,2026-09-17 14:04:57+00:00,2026-09-17 14:19:57+00:00,,,CONTEXT_GEOMETRIC,boom:CONTEXT_GEOMETRIC:2026-09-17T14:00:00+00:00,1,5189.935285714286,5190.462142857143,5188.618142857143,5192.833,5.268571428571379,5190.446,5210.808,completed,time,False,False,1.9324023861171624,1.8824023861171624,15.0
2026-09-17 14:30:00+00:00,2026-09-17 14:31:00+00:00,2026-09-17 14:45:00+00:00,2026-09-17 15:00:01+00:00,2026-09-17 14:35:44+00:00,2026-09-17 14:35:45+00:00,2026-09-17 14:50:45+00:00,,,CONTEXT_GEOMETRIC,boom:CONTEXT_GEOMETRIC:2026-09-17T14:30:00+00:00,1,5209.858825,5210.512675,5208.224200000001,5213.455,6.538499999999983,5210.504,5209.278,completed,time,False,False,-0.09375238969179943,-0.14375238969179943,15.0
2026-09-17 15:30:00+00:00,2026-09-17 15:31:00+00:00,2026-09-17 15:45:00+00:00,2026-09-17 16:00:01+00:00,2026-09-17 15:32:49+00:00,2026-09-17 15:32:50+00:00,2026-09-17 15:47:50+00:00,,,CONTEXT_GEOMETRIC,boom:CONTEXT_GEOMETRIC:2026-09-17T15:30:00+00:00,1,5197.444814285714,5197.811757142857,5196.527457142856,5199.463,3.669428571428593,5197.798,5206.203,completed,time,False,False,1.1452736899479141,1.095273689947914,15.0
2026-09-17 18:00:00+00:00,2026-09-17 18:01:00+00:00,2026-09-17 18:15:00+00:00,2026-09-17 18:30:01+00:00,2026-09-17 18:04:43+00:00,2026-09-17 18:04:44+00:00,2026-09-17 18:19:44+00:00,,,CONTEXT_GEOMETRIC,boom:CONTEXT_GEOMETRIC:2026-09-17T18:00:00+00:00,1,5214.1341357142865,5214.656292857143,5212.828742857144,5217.006,5.2215714285713535,5214.642,5206.838,completed,time,False,False,-0.7472846160159968,-0.7972846160159969,15.0
2026-09-18 08:30:00+00:00,2026-09-18 08:31:00+00:00,2026-09-18 08:45:00+00:00,2026-09-18 09:00:01+00:00,2026-09-18 08:34:43+00:00,2026-09-18 08:34:44+00:00,2026-09-18 08:49:44+00:00,,,CONTEXT_GEOMETRIC,boom:CONTEXT_GEOMETRIC:2026-09-18T08:30:00+00:00,1,5157.0562821428575,5157.571503571429,5155.768228571429,5159.89,5.152214285714178,5157.542,5154.952,completed,time,False,False,-0.25134824139414946,-0.30134824139414945,15.0
2026-09-18 11:00:00+00:00,2026-09-18 11:01:00+00:00,2026-09-18 11:15:00+00:00,2026-09-18 11:30:01+00:00,2026-09-18 11:04:01+00:00,2026-09-18 11:04:02+00:00,2026-09-18 11:19:02+00:00,,,CONTEXT_GEOMETRIC,boom:CONTEXT_GEOMETRIC:2026-09-18T11:00:00+00:00,1,5147.761742857143,5148.241971428572,5146.5611714285715,5150.403,4.802285714285907,5148.228,5142.808,completed,time,False,False,-0.5643146120894661,-0.6143146120894661,15.0
2026-09-18 11:30:00+00:00,2026-09-18 11:31:00+00:00,2026-09-18 11:45:00+00:00,2026-09-18 12:00:01+00:00,2026-09-18 11:34:18+00:00,2026-09-18 11:34:19+00:00,2026-09-18 11:49:19+00:00,,,CONTEXT_GEOMETRIC,boom:CONTEXT_GEOMETRIC:2026-09-18T11:30:00+00:00,1,5145.556164285714,5146.043407142857,5144.338057142857,5148.236,4.872428571428633,5146.03,5148.702,completed,time,False,False,0.2741959128625081,0.22419591286250812,15.0
2026-09-18 12:30:00+00:00,2026-09-18 12:31:00+00:00,2026-09-18 12:45:00+00:00,2026-09-18 13:00:01+00:00,2026-09-18 12:34:13+00:00,2026-09-18 12:34:14+00:00,2026-09-18 12:49:14+00:00,,,CONTEXT_GEOMETRIC,boom:CONTEXT_GEOMETRIC:2026-09-18T12:30:00+00:00,1,5160.104192857143,5160.610521428572,5158.838371428572,5162.889,5.063285714285679,5160.58,5154.338,completed,time,False,False,-0.6163981604266234,-0.6663981604266235,15.0
2026-09-20 04:30:00+00:00,2026-09-20 04:31:00+00:00,2026-09-20 04:45:00+00:00,2026-09-20 05:00:01+00:00,2026-09-20 04:42:37+00:00,2026-09-20 04:42:38+00:00,2026-09-20 04:57:38+00:00,,,CONTEXT_GEOMETRIC,boom:CONTEXT_GEOMETRIC:2026-09-20T04:30:00+00:00,1,5093.205435714285,5093.968992857142,5091.296542857142,5097.405,7.635571428571178,5093.958,5107.575,completed,time,False,False,0.8916817901177239,0.8416817901177238,15.0
2026-09-21 08:00:00+00:00,2026-09-21 08:01:00+00:00,2026-09-21 08:15:00+00:00,2026-09-21 08:30:01+00:00,2026-09-21 08:03:54+00:00,2026-09-21 08:03:55+00:00,2026-09-21 08:18:55+00:00,,,CONTEXT_GEOMETRIC,boom:CONTEXT_GEOMETRIC:2026-09-21T08:00:00+00:00,1,5033.041114285714,5033.477457142857,5031.950257142857,5035.441,4.363428571428552,5033.471,5025.956,completed,time,False,False,-0.8611347564169093,-0.9111347564169093,15.0
2026-09-21 14:30:00+00:00,2026-09-21 14:31:00+00:00,2026-09-21 14:45:00+00:00,2026-09-21 15:00:01+00:00,2026-09-21 14:34:38+00:00,2026-09-21 14:34:39+00:00,2026-09-21 14:49:39+00:00,,,CONTEXT_GEOMETRIC,boom:CONTEXT_GEOMETRIC:2026-09-21T14:30:00+00:00,1,5131.1182,5131.5978000000005,5129.9192,5133.756,4.796000000000016,5131.59,5135.756,completed,time,False,False,0.4343202668890902,0.3843202668890902,15.0
2026-09-21 15:00:00+00:00,2026-09-21 15:01:00+00:00,2026-09-21 15:15:00+00:00,2026-09-21 15:30:01+00:00,2026-09-21 15:04:06+00:00,2026-09-21 15:04:07+00:00,2026-09-21 15:19:07+00:00,,,CONTEXT_GEOMETRIC,boom:CONTEXT_GEOMETRIC:2026-09-21T15:00:00+00:00,1,5136.171821428571,5136.622035714286,5135.046285714286,5138.648,4.502142857142969,5136.608,5132.958,completed,time,False,False,-0.40536252578142445,-0.45536252578142444,15.0
2026-09-21 18:30:00+00:00,2026-09-21 18:31:00+00:00,2026-09-21 18:45:00+00:00,2026-09-21 19:00:01+00:00,2026-09-21 18:33:56+00:00,2026-09-21 18:33:57+00:00,2026-09-21 18:48:57+00:00,,,CONTEXT_GEOMETRIC,boom:CONTEXT_GEOMETRIC:2026-09-21T18:30:00+00:00,1,5161.613396428571,5162.072960714286,5160.464485714285,5164.141,4.595642857142853,5162.049,5164.781,completed,time,False,False,0.2972380671132565,0.24723806711325652,15.0
2026-09-21 20:00:00+00:00,2026-09-21 20:01:00+00:00,2026-09-21 20:15:00+00:00,2026-09-21 20:30:01+00:00,2026-09-21 20:05:11+00:00,2026-09-21 20:05:12+00:00,2026-09-21 20:20:12+00:00,,,CONTEXT_GEOMETRIC,boom:CONTEXT_GEOMETRIC:2026-09-21T20:00:00+00:00,1,5191.686989285714,5192.294082142857,5190.169257142857,5195.026,6.0709285714286,5192.286,5194.738,completed,time,False,False,0.20194604261529184,0.15194604261529182,15.0
2026-09-21 20:30:00+00:00,2026-09-21 20:31:00+00:00,2026-09-21 20:45:00+00:00,2026-09-21 21:00:01+00:00,2026-09-21 20:35:48+00:00,2026-09-21 20:35:49+00:00,2026-09-21 20:50:49+00:00,,,CONTEXT_GEOMETRIC,boom:CONTEXT_GEOMETRIC:2026-09-21T20:30:00+00:00,1,5200.272067857142,5200.977146428571,5198.50937142857,5204.15,7.050785714285731,5200.959,5205.07,completed,time,False,False,0.29152779325504824,0.24152779325504825,15.0
2026-09-23 00:30:00+00:00,2026-09-23 00:31:00+00:00,2026-09-23 00:45:00+00:00,2026-09-23 01:00:01+00:00,2026-09-23 00:36:33+00:00,2026-09-23 00:36:34+00:00,2026-09-23 00:51:34+00:00,,,CONTEXT_GEOMETRIC,boom:CONTEXT_GEOMETRIC:2026-09-23T00:30:00+00:00,1,5124.295,5124.877,5122.84,5127.496,5.819999999999969,5124.862,5135.469,completed,time,False,False,0.9112542955326484,0.8612542955326483,15.0
2026-09-23 01:00:00+00:00,2026-09-23 01:01:00+00:00,2026-09-23 01:15:00+00:00,2026-09-23 01:30:01+00:00,2026-09-23 01:04:23+00:00,2026-09-23 01:04:24+00:00,2026-09-23 01:19:24+00:00,,,CONTEXT_GEOMETRIC,boom:CONTEXT_GEOMETRIC:2026-09-23T01:00:00+00:00,1,5143.846182142857,5144.363603571429,5142.552628571429,5146.692,5.174214285714372,5144.35,5144.452,completed,time,False,False,0.009856568975262225,-0.040143431024737775,15.0
2026-09-23 02:00:00+00:00,2026-09-23 02:01:00+00:00,2026-09-23 02:15:00+00:00,2026-09-23 02:30:01+00:00,2026-09-23 02:04:01+00:00,2026-09-23 02:04:02+00:00,2026-09-23 02:19:02+00:00,,,CONTEXT_GEOMETRIC,boom:CONTEXT_GEOMETRIC:2026-09-23T02:00:00+00:00,1,5154.7903,5155.3057,5153.5018,5157.625,5.154000000000061,5155.296,5158.713,completed,time,False,False,0.33149010477293567,0.2814901047729357,15.0
2026-09-23 03:30:00+00:00,2026-09-23 03:31:00+00:00,2026-09-23 03:45:00+00:00,2026-09-23 04:00:01+00:00,2026-09-23 03:34:08+00:00,2026-09-23 03:34:09+00:00,2026-09-23 03:49:09+00:00,,,CONTEXT_GEOMETRIC,boom:CONTEXT_GEOMETRIC:2026-09-23T03:30:00+00:00,1,5165.487239285714,5165.962832142857,5164.298257142857,5168.103,4.75592857142861,5165.954,5171.436,completed,time,False,False,0.5763332982893454,0.5263332982893454,15.0
2026-09-23 22:30:00+00:00,2026-09-23 22:31:00+00:00,2026-09-23 22:45:00+00:00,2026-09-23 23:00:01+00:00,2026-09-23 22:33:31+00:00,2026-09-23 22:33:32+00:00,2026-09-23 22:48:32+00:00,,,CONTEXT_GEOMETRIC,boom:CONTEXT_GEOMETRIC:2026-09-23T22:30:00+00:00,1,5141.933185714286,5142.338242857143,5140.920542857143,5144.161,4.050571428571272,5142.309,5138.171,completed,time,False,False,-0.5107921280948112,-0.5607921280948113,15.0
2026-09-24 03:00:00+00:00,2026-09-24 03:01:00+00:00,2026-09-24 03:15:00+00:00,2026-09-24 03:30:01+00:00,2026-09-24 03:09:35+00:00,2026-09-24 03:09:36+00:00,2026-09-24 03:24:36+00:00,,,CONTEXT_GEOMETRIC,boom:CONTEXT_GEOMETRIC:2026-09-24T03:00:00+00:00,1,5157.843342857143,5158.526371428572,5156.135771428572,5161.6,6.830285714285765,5158.52,5156.696,completed,time,False,False,-0.13352296494607602,-0.183522964946076,15.0
2026-09-24 07:00:00+00:00,2026-09-24 07:01:00+00:00,2026-09-24 07:15:00+00:00,2026-09-24 07:30:01+00:00,2026-09-24 07:06:45+00:00,2026-09-24 07:06:46+00:00,2026-09-24 07:21:46+00:00,,,CONTEXT_GEOMETRIC,boom:CONTEXT_GEOMETRIC:2026-09-24T07:00:00+00:00,1,5160.631585714285,5161.141842857143,5159.3559428571425,5163.438,5.102571428571472,5161.131,5173.127,completed,time,False,False,1.1754857494820532,1.1254857494820532,15.0
2026-09-24 14:30:00+00:00,2026-09-24 14:31:00+00:00,2026-09-24 14:45:00+00:00,2026-09-24 15:00:01+00:00,2026-09-24 14:42:02+00:00,2026-09-24 14:42:03+00:00,2026-09-24 14:57:03+00:00,,,CONTEXT_GEOMETRIC,boom:CONTEXT_GEOMETRIC:2026-09-24T14:30:00+00:00,1,5254.964553571428,5255.4340892857135,5253.790714285714,5257.547,4.695357142857184,5255.418,5256.76,completed,time,False,False,0.14290712710129744,0.09290712710129743,15.0
2026-09-25 10:30:00+00:00,2026-09-25 10:31:00+00:00,2026-09-25 10:45:00+00:00,2026-09-25 11:00:01+00:00,2026-09-25 10:33:40+00:00,2026-09-25 10:33:41+00:00,2026-09-25 10:48:41+00:00,,,CONTEXT_GEOMETRIC,boom:CONTEXT_GEOMETRIC:2026-09-25T10:30:00+00:00,1,5239.7906,5240.2154,5238.7286,5242.127,4.248000000000047,5240.191,5234.773,completed,time,False,False,-0.6377118644067332,-0.6877118644067333,15.0
2026-09-25 17:00:00+00:00,2026-09-25 17:01:00+00:00,2026-09-25 17:15:00+00:00,2026-09-25 17:30:01+00:00,2026-09-25 17:03:15+00:00,2026-09-25 17:03:16+00:00,2026-09-25 17:18:16+00:00,,,CONTEXT_GEOMETRIC,boom:CONTEXT_GEOMETRIC:2026-09-25T17:00:00+00:00,1,5268.810582142857,5269.215203571429,5267.799028571429,5271.036,4.046214285714281,5269.204,5261.359,completed,time,False,False,-0.9694246826839106,-1.0194246826839106,15.0
2026-09-26 12:00:00+00:00,2026-09-26 12:01:00+00:00,2026-09-26 12:15:00+00:00,2026-09-26 12:30:01+00:00,2026-09-26 12:03:36+00:00,2026-09-26 12:03:37+00:00,2026-09-26 12:18:37+00:00,,,CONTEXT_GEOMETRIC,boom:CONTEXT_GEOMETRIC:2026-09-26T12:00:00+00:00,1,5228.316035714285,5228.770392857143,5227.1801428571425,5230.815,4.54357142857147,5228.743,5224.231,completed,time,False,False,-0.49652570350580244,-0.5465257035058024,15.0
2026-09-26 12:30:00+00:00,2026-09-26 12:31:00+00:00,2026-09-26 12:45:00+00:00,2026-09-26 13:00:01+00:00,2026-09-26 12:35:51+00:00,2026-09-26 12:35:52+00:00,2026-09-26 12:50:52+00:00,,,CONTEXT_GEOMETRIC,boom:CONTEXT_GEOMETRIC:2026-09-26T12:30:00+00:00,1,5223.965992857143,5224.444721428572,5222.769171428571,5226.599,4.787285714285774,5224.441,5231.39,completed,time,False,False,0.7257766106652004,0.6757766106652003,15.0
2026-09-28 03:00:00+00:00,2026-09-28 03:01:00+00:00,2026-09-28 03:15:00+00:00,2026-09-28 03:30:01+00:00,2026-09-28 03:04:12+00:00,2026-09-28 03:04:13+00:00,2026-09-28 03:19:13+00:00,,,CONTEXT_GEOMETRIC,boom:CONTEXT_GEOMETRIC:2026-09-28T03:00:00+00:00,1,5106.707332142857,5107.123453571428,5105.667028571428,5108.996,4.161214285714193,5107.106,5102.149,completed,time,False,False,-0.5956194105428833,-0.6456194105428833,15.0
2026-09-28 08:00:00+00:00,2026-09-28 08:01:00+00:00,2026-09-28 08:15:00+00:00,2026-09-28 08:30:01+00:00,2026-09-28 08:03:05+00:00,2026-09-28 08:03:06+00:00,2026-09-28 08:18:06+00:00,,,CONTEXT_GEOMETRIC,boom:CONTEXT_GEOMETRIC:2026-09-28T08:00:00+00:00,1,5136.431264285714,5136.768307142857,5135.588657142856,5138.285,3.3704285714286146,5136.756,5137.217,completed,time,False,False,0.06838892891949462,0.018388928919494618,15.0
2026-09-28 16:00:00+00:00,2026-09-28 16:01:00+00:00,2026-09-28 16:15:00+00:00,2026-09-28 16:30:01+00:00,2026-09-28 16:04:16+00:00,2026-09-28 16:04:17+00:00,2026-09-28 16:19:17+00:00,,,CONTEXT_GEOMETRIC,boom:CONTEXT_GEOMETRIC:2026-09-28T16:00:00+00:00,1,5132.429907142858,5132.915378571429,5131.216228571429,5135.1,4.854714285714246,5132.901,5134.035,completed,time,False,False,0.1167936909631311,0.06679369096313109,15.0
2026-09-28 17:30:00+00:00,2026-09-28 17:31:00+00:00,2026-09-28 17:45:00+00:00,2026-09-28 18:00:01+00:00,2026-09-28 17:33:32+00:00,2026-09-28 17:33:33+00:00,2026-09-28 17:48:33+00:00,,,CONTEXT_GEOMETRIC,boom:CONTEXT_GEOMETRIC:2026-09-28T17:30:00+00:00,1,5132.378796428572,5132.813560714286,5131.291885714287,5134.77,4.347642857142806,5132.789,5147.814,completed,time,False,False,1.7279478206582393,1.6779478206582392,15.0
2026-09-28 19:30:00+00:00,2026-09-28 19:31:00+00:00,2026-09-28 19:45:00+00:00,2026-09-28 20:00:01+00:00,2026-09-28 19:34:29+00:00,2026-09-28 19:34:30+00:00,2026-09-28 19:49:30+00:00,,,CONTEXT_GEOMETRIC,boom:CONTEXT_GEOMETRIC:2026-09-28T19:30:00+00:00,1,5163.550057142857,5164.104228571428,5162.164628571429,5166.598,5.541714285714144,5164.087,5172.313,completed,time,False,False,0.7421891111569278,0.6921891111569277,15.0
2026-09-28 21:00:00+00:00,2026-09-28 21:01:00+00:00,2026-09-28 21:15:00+00:00,2026-09-28 21:30:01+00:00,2026-09-28 21:05:46+00:00,2026-09-28 21:05:47+00:00,2026-09-28 21:20:47+00:00,,,CONTEXT_GEOMETRIC,boom:CONTEXT_GEOMETRIC:2026-09-28T21:00:00+00:00,1,5188.295032142858,5188.767753571429,5187.113228571429,5190.895,4.727214285714386,5188.748,5184.395,completed,time,False,False,-0.4604191535333924,-0.5104191535333924,15.0
2026-09-29 06:30:00+00:00,2026-09-29 06:31:00+00:00,2026-09-29 06:45:00+00:00,2026-09-29 07:00:01+00:00,2026-09-29 06:36:33+00:00,2026-09-29 06:36:34+00:00,2026-09-29 06:51:34+00:00,,,CONTEXT_GEOMETRIC,boom:CONTEXT_GEOMETRIC:2026-09-29T06:30:00+00:00,1,5245.855382142858,5246.560403571429,5244.092828571429,5249.733,7.050214285714317,5246.551,5239.432,completed,time,False,False,-0.504878271177208,-0.554878271177208,15.0
2026-09-29 11:00:00+00:00,2026-09-29 11:01:00+00:00,2026-09-29 11:15:00+00:00,2026-09-29 11:30:01+00:00,2026-09-29 11:03:42+00:00,2026-09-29 11:03:43+00:00,2026-09-29 11:18:43+00:00,,,CONTEXT_GEOMETRIC,boom:CONTEXT_GEOMETRIC:2026-09-29T11:00:00+00:00,1,5222.191271428571,5222.611585714286,5221.140485714285,5224.503,4.20314285714286,5222.593,5226.033,completed,time,False,False,0.4092175922779476,0.3592175922779476,15.0
2026-09-29 11:30:00+00:00,2026-09-29 11:31:00+00:00,2026-09-29 11:45:00+00:00,2026-09-29 12:00:01+00:00,2026-09-29 11:33:51+00:00,2026-09-29 11:33:52+00:00,2026-09-29 11:48:52+00:00,,,CONTEXT_GEOMETRIC,boom:CONTEXT_GEOMETRIC:2026-09-29T11:30:00+00:00,1,5224.7347,5225.1773,5223.6282,5227.169,4.425999999999931,5225.147,5217.225,completed,time,False,False,-0.8949389968368385,-0.9449389968368386,15.0
2026-09-29 18:00:00+00:00,2026-09-29 18:01:00+00:00,2026-09-29 18:15:00+00:00,2026-09-29 18:30:01+00:00,2026-09-29 18:04:02+00:00,2026-09-29 18:04:03+00:00,2026-09-29 18:19:03+00:00,,,CONTEXT_GEOMETRIC,boom:CONTEXT_GEOMETRIC:2026-09-29T18:00:00+00:00,1,5221.224132142857,5221.690653571429,5220.057828571429,5223.79,4.665214285714293,5221.683,5219.126,completed,time,False,False,-0.2740495766539356,-0.3240495766539356,15.0
2026-09-29 20:30:00+00:00,2026-09-29 20:31:00+00:00,2026-09-29 20:45:00+00:00,2026-09-29 21:00:01+00:00,2026-09-29 20:44:50+00:00,2026-09-29 20:44:51+00:00,2026-09-29 20:59:51+00:00,,,CONTEXT_GEOMETRIC,boom:CONTEXT_GEOMETRIC:2026-09-29T20:30:00+00:00,1,5246.588125,5247.195375,5245.070000000001,5249.928,6.072500000000089,5247.187,5254.771,completed,time,False,False,0.6244545080279722,0.5744545080279722,15.0
2026-09-29 22:30:00+00:00,2026-09-29 22:31:00+00:00,2026-09-29 22:45:00+00:00,2026-09-29 23:00:01+00:00,2026-09-29 22:34:12+00:00,2026-09-29 22:34:13+00:00,2026-09-29 22:49:13+00:00,,,CONTEXT_GEOMETRIC,boom:CONTEXT_GEOMETRIC:2026-09-29T22:30:00+00:00,1,5271.5873,5272.1047,5270.2938,5274.433,5.174000000000043,5272.095,5264.237,completed,time,False,False,-0.7593737920371192,-0.8093737920371192,15.0
2026-09-30 00:30:00+00:00,2026-09-30 00:31:00+00:00,2026-09-30 00:45:00+00:00,2026-09-30 01:00:01+00:00,2026-09-30 00:33:00+00:00,2026-09-30 00:33:01+00:00,2026-09-30 00:45:24+00:00,2026-09-30 00:45:23+00:00,,CONTEXT_GEOMETRIC,boom:CONTEXT_GEOMETRIC:2026-09-30T00:30:00+00:00,1,5270.6699071428575,5271.009378571429,5269.821228571429,5272.537,3.394714285714469,5270.999,5264.205,completed,sl,False,False,-1.000673315658724,-1.050673315658724,12.383333333333333
2026-09-30 02:00:00+00:00,2026-09-30 02:01:00+00:00,2026-09-30 02:15:00+00:00,2026-09-30 02:30:01+00:00,2026-09-30 02:14:59+00:00,2026-09-30 02:15:00+00:00,2026-09-30 02:30:00+00:00,,,CONTEXT_GEOMETRIC,boom:CONTEXT_GEOMETRIC:2026-09-30T02:00:00+00:00,1,5284.437425,5284.984075,5283.0708,5287.444,5.466500000000126,5284.969,5277.111,completed,time,False,False,-0.7187414250434458,-0.7687414250434459,15.0
2026-09-30 11:00:00+00:00,2026-09-30 11:01:00+00:00,2026-09-30 11:15:00+00:00,2026-09-30 11:30:01+00:00,2026-09-30 11:05:10+00:00,2026-09-30 11:05:11+00:00,2026-09-30 11:20:11+00:00,,,CONTEXT_GEOMETRIC,boom:CONTEXT_GEOMETRIC:2026-09-30T11:00:00+00:00,1,5332.776578571429,5333.343564285715,5331.359114285715,5335.895,5.669857142857187,5333.318,5337.049,completed,time,False,False,0.3290206354405272,0.2790206354405272,15.0
2026-09-30 18:30:00+00:00,2026-09-30 18:31:00+00:00,2026-09-30 18:45:00+00:00,2026-09-30 19:00:01+00:00,2026-09-30 18:34:43+00:00,2026-09-30 18:34:44+00:00,2026-09-30 18:49:44+00:00,,,CONTEXT_GEOMETRIC,boom:CONTEXT_GEOMETRIC:2026-09-30T18:30:00+00:00,1,5403.576264285714,5404.111307142857,5402.238657142857,5406.519,5.3504285714285675,5404.095,5395.855,completed,time,False,False,-0.7700317731557537,-0.8200317731557537,15.0
2026-10-02 03:00:00+00:00,2026-10-02 03:01:00+00:00,2026-10-02 03:15:00+00:00,2026-10-02 03:30:01+00:00,2026-10-02 03:03:42+00:00,2026-10-02 03:03:43+00:00,2026-10-02 03:18:43+00:00,,,CONTEXT_GEOMETRIC,boom:CONTEXT_GEOMETRIC:2026-10-02T03:00:00+00:00,1,5192.270296428571,5192.694060714285,5191.210885714285,5194.601,4.237642857142873,5192.683,5206.919,completed,time,False,False,1.6797073844960768,1.6297073844960768,15.0
2026-10-02 03:30:00+00:00,2026-10-02 03:31:00+00:00,2026-10-02 03:45:00+00:00,2026-10-02 04:00:01+00:00,2026-10-02 03:34:31+00:00,2026-10-02 03:34:32+00:00,2026-10-02 03:49:32+00:00,,,CONTEXT_GEOMETRIC,boom:CONTEXT_GEOMETRIC:2026-10-02T03:30:00+00:00,1,5207.707510714286,5208.2414178571435,5206.372742857144,5210.644,5.339071428571385,5208.223,5200.271,completed,time,False,False,-0.7446987838977087,-0.7946987838977088,15.0
2026-10-02 08:30:00+00:00,2026-10-02 08:31:00+00:00,2026-10-02 08:45:00+00:00,2026-10-02 09:00:01+00:00,2026-10-02 08:32:34+00:00,2026-10-02 08:32:35+00:00,2026-10-02 08:47:35+00:00,,,CONTEXT_GEOMETRIC,boom:CONTEXT_GEOMETRIC:2026-10-02T08:30:00+00:00,1,5225.727346428571,5226.012010714286,5225.015685714285,5227.293,2.8466428571428617,5226.008,5227.611,completed,time,False,False,0.28155973201516676,0.23155973201516677,15.0
2026-10-03 05:30:00+00:00,2026-10-03 05:31:00+00:00,2026-10-03 05:45:00+00:00,2026-10-03 06:00:01+00:00,2026-10-03 05:32:54+00:00,2026-10-03 05:32:55+00:00,2026-10-03 05:47:55+00:00,,,CONTEXT_GEOMETRIC,boom:CONTEXT_GEOMETRIC:2026-10-03T05:30:00+00:00,1,5220.413407142857,5220.749878571429,5219.572228571428,5222.264,3.364714285714334,5220.732,5234.926,completed,time,False,False,2.109242983908663,2.0592429839086632,15.0
2026-10-03 11:30:00+00:00,2026-10-03 11:31:00+00:00,2026-10-03 11:45:00+00:00,2026-10-03 12:00:01+00:00,2026-10-03 11:34:05+00:00,2026-10-03 11:34:06+00:00,2026-10-03 11:49:06+00:00,,,CONTEXT_GEOMETRIC,boom:CONTEXT_GEOMETRIC:2026-10-03T11:30:00+00:00,1,5227.861664285714,5228.331907142858,5226.686057142857,5230.448,4.702428571428625,5228.32,5231.825,completed,time,False,False,0.37267977033144706,0.32267977033144707,15.0
2026-10-03 12:00:00+00:00,2026-10-03 12:01:00+00:00,2026-10-03 12:15:00+00:00,2026-10-03 12:30:01+00:00,2026-10-03 12:04:19+00:00,2026-10-03 12:04:20+00:00,2026-10-03 12:19:20+00:00,,,CONTEXT_GEOMETRIC,boom:CONTEXT_GEOMETRIC:2026-10-03T12:00:00+00:00,1,5231.291824999999,5231.797675,5230.0271999999995,5234.074,5.05850000000003,5231.775,5242.439,completed,time,False,False,1.054067411287991,1.004067411287991,15.0
2026-10-03 13:30:00+00:00,2026-10-03 13:31:00+00:00,2026-10-03 13:45:00+00:00,2026-10-03 14:00:01+00:00,2026-10-03 13:33:13+00:00,2026-10-03 13:33:14+00:00,2026-10-03 13:47:34+00:00,2026-10-03 13:47:33+00:00,,CONTEXT_GEOMETRIC,boom:CONTEXT_GEOMETRIC:2026-10-03T13:30:00+00:00,1,5240.643585714286,5241.013842857144,5239.7179428571435,5242.68,3.702571428571381,5240.996,5233.58,completed,sl,False,False,-1.0014661625125751,-1.0514661625125752,14.333333333333334
2026-10-03 21:30:00+00:00,2026-10-03 21:31:00+00:00,2026-10-03 21:45:00+00:00,2026-10-03 22:00:01+00:00,2026-10-03 21:35:20+00:00,2026-10-03 21:35:21+00:00,2026-10-03 21:50:21+00:00,,,CONTEXT_GEOMETRIC,boom:CONTEXT_GEOMETRIC:2026-10-03T21:30:00+00:00,1,5292.724660714286,5293.375267857143,5291.098142857143,5296.303,6.506071428571366,5293.347,5285.238,completed,time,False,False,-0.6231871328978078,-0.6731871328978078,15.0
