signal_time,activation_time,wait_end,maximum_end,touch_time,entry_time,exit_time,trigger_time,missing_time,variant,zone_id,side,zone_low,zone_high,invalidation,issue_price,atr,entry,exit,status,reason,censored,ambiguous,gross_R,net_R,holding_minutes
2026-04-07 14:00:00+00:00,2026-04-07 14:01:00+00:00,2026-04-07 14:15:00+00:00,2026-04-07 14:30:01+00:00,,,2026-04-07 14:15:00+00:00,,,FIB_RETRACE,boom:FIB_RETRACE:2026-04-07T14:00:00+00:00,1,6366.150722,6372.152186,6364.609918428571,6393.616,6.16321428571434,,,expired,no_observed_touch,False,False,,,
2026-04-10 00:00:00+00:00,2026-04-10 00:01:00+00:00,2026-04-10 00:15:00+00:00,2026-04-10 00:30:01+00:00,2026-04-10 00:13:04+00:00,2026-04-10 00:13:05+00:00,2026-04-10 00:28:05+00:00,,,FIB_RETRACE,boom:FIB_RETRACE:2026-04-10T00:00:00+00:00,1,6093.582662,6096.175405999999,6092.323054857143,6104.453,5.038428571428669,6096.154,6094.436,completed,time,False,False,-0.1704896651451,-0.2204896651451,15.0
2026-04-10 10:30:00+00:00,2026-04-10 10:31:00+00:00,2026-04-10 10:45:00+00:00,2026-04-10 11:00:01+00:00,,,2026-04-10 10:45:00+00:00,,,FIB_RETRACE,boom:FIB_RETRACE:2026-04-10T10:30:00+00:00,1,6101.522326,6105.908638,6099.901897428572,6119.933,6.481714285714263,,,expired,no_observed_touch,False,False,,,
2026-04-12 14:00:00+00:00,2026-04-12 14:01:00+00:00,2026-04-12 14:15:00+00:00,2026-04-12 14:30:01+00:00,,,2026-04-12 14:15:00+00:00,,,FIB_RETRACE,boom:FIB_RETRACE:2026-04-12T14:00:00+00:00,1,5914.376066000001,5920.007258000001,5912.886369571429,5938.715,5.958785714285763,,,expired,no_observed_touch,False,False,,,
2026-04-12 20:00:00+00:00,2026-04-12 20:01:00+00:00,2026-04-12 20:15:00+00:00,2026-04-12 20:30:01+00:00,,,2026-04-12 20:15:00+00:00,,,FIB_RETRACE,boom:FIB_RETRACE:2026-04-12T20:00:00+00:00,1,5909.243912,5915.175656,5907.776554857142,5934.908,5.8694285714284105,,,expired,no_observed_touch,False,False,,,
2026-04-12 22:00:00+00:00,2026-04-12 22:01:00+00:00,2026-04-12 22:15:00+00:00,2026-04-12 22:30:01+00:00,,,2026-04-12 22:15:00+00:00,,,FIB_RETRACE,boom:FIB_RETRACE:2026-04-12T22:00:00+00:00,1,5944.609654,5951.995102,5942.884493285715,5978.25,6.9006428571427545,,,expired,no_observed_touch,False,False,,,
2026-04-13 11:00:00+00:00,2026-04-13 11:01:00+00:00,2026-04-13 11:15:00+00:00,2026-04-13 11:30:01+00:00,2026-04-13 11:13:24+00:00,2026-04-13 11:13:25+00:00,2026-04-13 11:28:25+00:00,,,FIB_RETRACE,boom:FIB_RETRACE:2026-04-13T11:00:00+00:00,1,6011.661312,6014.585856,6009.896472714286,6022.915,7.059357142857217,6014.56,6017.942,completed,time,False,False,0.2395402252329431,0.18954022523294312,15.0
2026-04-13 14:00:00+00:00,2026-04-13 14:01:00+00:00,2026-04-13 14:15:00+00:00,2026-04-13 14:30:01+00:00,,,2026-04-13 14:15:00+00:00,,,FIB_RETRACE,boom:FIB_RETRACE:2026-04-13T14:00:00+00:00,1,5976.094606,5981.240278,5974.762123857143,5997.84,5.329928571428614,,,expired,no_observed_touch,False,False,,,
2026-04-13 14:30:00+00:00,2026-04-13 14:31:00+00:00,2026-04-13 14:45:00+00:00,2026-04-13 15:00:01+00:00,,,2026-04-13 14:45:00+00:00,,,FIB_RETRACE,boom:FIB_RETRACE:2026-04-13T14:30:00+00:00,1,5976.094606,5981.240278,5974.653463142857,5990.888,5.7645714285714735,,,expired,no_observed_touch,False,False,,,
2026-04-13 15:00:00+00:00,2026-04-13 15:01:00+00:00,2026-04-13 15:15:00+00:00,2026-04-13 15:30:01+00:00,,,2026-04-13 15:15:00+00:00,,,FIB_RETRACE,boom:FIB_RETRACE:2026-04-13T15:00:00+00:00,1,5988.424364,5993.586332,5986.6896318571435,6012.523,6.938928571428603,,,expired,no_observed_touch,False,False,,,
2026-04-13 16:00:00+00:00,2026-04-13 16:01:00+00:00,2026-04-13 16:15:00+00:00,2026-04-13 16:30:01+00:00,,,2026-04-13 16:15:00+00:00,,,FIB_RETRACE,boom:FIB_RETRACE:2026-04-13T16:00:00+00:00,1,6016.500494,6020.536022,6014.760744,6033.406,6.959000000000158,,,expired,no_observed_touch,False,False,,,
2026-04-14 13:00:00+00:00,2026-04-14 13:01:00+00:00,2026-04-14 13:15:00+00:00,2026-04-14 13:30:01+00:00,,,2026-04-14 13:15:00+00:00,,,FIB_RETRACE,boom:FIB_RETRACE:2026-04-14T13:00:00+00:00,1,6005.756853999999,6012.520702,6004.147996857142,6034.86,6.435428571428539,,,expired,no_observed_touch,False,False,,,
2026-04-14 15:00:00+00:00,2026-04-14 15:01:00+00:00,2026-04-14 15:15:00+00:00,2026-04-14 15:30:01+00:00,,,2026-04-14 15:15:00+00:00,,,FIB_RETRACE,boom:FIB_RETRACE:2026-04-14T15:00:00+00:00,1,6024.78522,6026.92386,6023.511880714285,6034.461,5.093357142857128,,,expired,no_observed_touch,False,False,,,
2026-04-15 08:00:00+00:00,2026-04-15 08:01:00+00:00,2026-04-15 08:15:00+00:00,2026-04-15 08:30:01+00:00,,,2026-04-15 08:15:00+00:00,,,FIB_RETRACE,boom:FIB_RETRACE:2026-04-15T08:00:00+00:00,1,5933.375562,5938.967106,5931.962258428572,5958.503,5.6532142857142516,,,expired,no_observed_touch,False,False,,,
2026-04-16 04:00:00+00:00,2026-04-16 04:01:00+00:00,2026-04-16 04:15:00+00:00,2026-04-16 04:30:01+00:00,,,2026-04-16 04:15:00+00:00,,,FIB_RETRACE,boom:FIB_RETRACE:2026-04-16T04:00:00+00:00,1,5898.7128680000005,5903.746484,5897.259975142858,5919.752,5.811571428571499,,,expired,no_observed_touch,False,False,,,
2026-04-17 14:00:00+00:00,2026-04-17 14:01:00+00:00,2026-04-17 14:15:00+00:00,2026-04-17 14:30:01+00:00,,,2026-04-17 14:15:00+00:00,,,FIB_RETRACE,boom:FIB_RETRACE:2026-04-17T14:00:00+00:00,1,5824.4890159999995,5833.383608,5822.494319571428,5864.743,7.97878571428568,,,expired,no_observed_touch,False,False,,,
2026-04-17 16:00:00+00:00,2026-04-17 16:01:00+00:00,2026-04-17 16:15:00+00:00,2026-04-17 16:30:01+00:00,,,2026-04-17 16:15:00+00:00,,,FIB_RETRACE,boom:FIB_RETRACE:2026-04-17T16:00:00+00:00,1,5850.734056,5853.305128,5849.616413142858,5860.994,4.470571428571475,,,expired,no_observed_touch,False,False,,,
2026-04-18 12:00:00+00:00,2026-04-18 12:01:00+00:00,2026-04-18 12:15:00+00:00,2026-04-18 12:30:01+00:00,,,2026-04-18 12:15:00+00:00,,,FIB_RETRACE,boom:FIB_RETRACE:2026-04-18T12:00:00+00:00,1,5679.499723999999,5682.014012,5678.295081142856,5687.588,4.8185714285713015,,,expired,no_observed_touch,False,False,,,
2026-04-19 02:00:00+00:00,2026-04-19 02:01:00+00:00,2026-04-19 02:15:00+00:00,2026-04-19 02:30:01+00:00,,,2026-04-19 02:15:00+00:00,,,FIB_RETRACE,boom:FIB_RETRACE:2026-04-19T02:00:00+00:00,1,5694.28131,5704.13703,5692.465399285715,5738.788,7.263642857143038,,,expired,no_observed_touch,False,False,,,
2026-04-19 23:00:00+00:00,2026-04-19 23:01:00+00:00,2026-04-19 23:15:00+00:00,2026-04-19 23:30:01+00:00,,,2026-04-19 23:15:00+00:00,,,FIB_RETRACE,boom:FIB_RETRACE:2026-04-19T23:00:00+00:00,1,5699.654758000001,5702.863054,5698.362258,5709.196,5.170000000000138,,,expired,no_observed_touch,False,False,,,
2026-04-21 16:30:00+00:00,2026-04-21 16:31:00+00:00,2026-04-21 16:45:00+00:00,2026-04-21 17:00:01+00:00,2026-04-21 16:40:09+00:00,2026-04-21 16:40:10+00:00,2026-04-21 16:55:10+00:00,,,FIB_RETRACE,boom:FIB_RETRACE:2026-04-21T16:30:00+00:00,1,5764.968621999999,5768.256886,5763.764264857142,5774.254,4.817428571428536,5768.255,5759.421,completed,time,False,False,-0.9168791886602111,-0.9668791886602112,15.0
2026-04-22 22:30:00+00:00,2026-04-22 22:31:00+00:00,2026-04-22 22:45:00+00:00,2026-04-22 23:00:01+00:00,,,2026-04-22 22:45:00+00:00,,,FIB_RETRACE,boom:FIB_RETRACE:2026-04-22T22:30:00+00:00,1,5743.298084,5747.868692,5741.855887571429,5762.965,5.7687857142855785,,,expired,no_observed_touch,False,False,,,
2026-04-24 18:00:00+00:00,2026-04-24 18:01:00+00:00,2026-04-24 18:15:00+00:00,2026-04-24 18:30:01+00:00,,,2026-04-24 18:15:00+00:00,,,FIB_RETRACE,boom:FIB_RETRACE:2026-04-24T18:00:00+00:00,1,5566.79601,5573.63613,5565.227706428572,5598.506,6.273214285714273,,,expired,no_observed_touch,False,False,,,
2026-04-24 20:00:00+00:00,2026-04-24 20:01:00+00:00,2026-04-24 20:15:00+00:00,2026-04-24 20:30:01+00:00,,,2026-04-24 20:15:00+00:00,,,FIB_RETRACE,boom:FIB_RETRACE:2026-04-24T20:00:00+00:00,1,5590.936936,5594.670568,5589.726936,5599.943,4.840000000000016,,,expired,no_observed_touch,False,False,,,
2026-04-25 16:00:00+00:00,2026-04-25 16:01:00+00:00,2026-04-25 16:15:00+00:00,2026-04-25 16:30:01+00:00,,,2026-04-25 16:15:00+00:00,,,FIB_RETRACE,boom:FIB_RETRACE:2026-04-25T16:00:00+00:00,1,5616.1262,5628.6086,5613.994949999999,5673.936,8.525000000000025,,,expired,no_observed_touch,False,False,,,
2026-04-25 19:30:00+00:00,2026-04-25 19:31:00+00:00,2026-04-25 19:45:00+00:00,2026-04-25 20:00:01+00:00,,,2026-04-25 19:45:00+00:00,,,FIB_RETRACE,boom:FIB_RETRACE:2026-04-25T19:30:00+00:00,1,5684.841344,5690.603072,5683.244576142858,5711.225,6.3870714285712245,,,expired,no_observed_touch,False,False,,,
2026-04-26 05:00:00+00:00,2026-04-26 05:01:00+00:00,2026-04-26 05:15:00+00:00,2026-04-26 05:30:01+00:00,,,2026-04-26 05:15:00+00:00,,,FIB_RETRACE,boom:FIB_RETRACE:2026-04-26T05:00:00+00:00,1,5690.355124,5693.978212,5689.250427571428,5705.808,4.4187857142856695,,,expired,no_observed_touch,False,False,,,
2026-04-26 07:00:00+00:00,2026-04-26 07:01:00+00:00,2026-04-26 07:15:00+00:00,2026-04-26 07:30:01+00:00,,,2026-04-26 07:15:00+00:00,,,FIB_RETRACE,boom:FIB_RETRACE:2026-04-26T07:00:00+00:00,1,5713.32525,5717.67225,5712.074035714286,5733.087,5.0048571428571575,,,expired,no_observed_touch,False,False,,,
2026-04-27 14:00:00+00:00,2026-04-27 14:01:00+00:00,2026-04-27 14:15:00+00:00,2026-04-27 14:30:01+00:00,,,2026-04-27 14:15:00+00:00,,,FIB_RETRACE,boom:FIB_RETRACE:2026-04-27T14:00:00+00:00,1,5663.962646,5669.084798,5662.723967428571,5686.943,4.9547142857142195,,,expired,no_observed_touch,False,False,,,
2026-04-28 18:00:00+00:00,2026-04-28 18:01:00+00:00,2026-04-28 18:15:00+00:00,2026-04-28 18:30:01+00:00,,,2026-04-28 18:15:00+00:00,,,FIB_RETRACE,boom:FIB_RETRACE:2026-04-28T18:00:00+00:00,1,5633.075518,5637.852934,5631.829482285714,5653.604,4.9841428571428095,,,expired,no_observed_touch,False,False,,,
2026-04-29 16:00:00+00:00,2026-04-29 16:01:00+00:00,2026-04-29 16:15:00+00:00,2026-04-29 16:30:01+00:00,,,2026-04-29 16:15:00+00:00,,,FIB_RETRACE,boom:FIB_RETRACE:2026-04-29T16:00:00+00:00,1,5506.5277399999995,5512.39262,5505.173882857142,5531.979,5.415428571428492,,,expired,no_observed_touch,False,False,,,
2026-04-29 16:30:00+00:00,2026-04-29 16:31:00+00:00,2026-04-29 16:45:00+00:00,2026-04-29 17:00:01+00:00,,,2026-04-29 16:45:00+00:00,,,FIB_RETRACE,boom:FIB_RETRACE:2026-04-29T16:30:00+00:00,1,5506.688084,5512.518692000001,5505.244816142857,5528.391,5.773071428571386,,,expired,no_observed_touch,False,False,,,
2026-04-29 18:00:00+00:00,2026-04-29 18:01:00+00:00,2026-04-29 18:15:00+00:00,2026-04-29 18:30:01+00:00,,,2026-04-29 18:15:00+00:00,,,FIB_RETRACE,boom:FIB_RETRACE:2026-04-29T18:00:00+00:00,1,5546.702284,5550.819292,5545.288641142857,5562.729,5.654571428571411,,,expired,no_observed_touch,False,False,,,
2026-04-29 20:00:00+00:00,2026-04-29 20:01:00+00:00,2026-04-29 20:15:00+00:00,2026-04-29 20:30:01+00:00,,,2026-04-29 20:15:00+00:00,,,FIB_RETRACE,boom:FIB_RETRACE:2026-04-29T20:00:00+00:00,1,5547.327429999999,5550.14059,5546.071251428571,5559.132,5.024714285714318,,,expired,no_observed_touch,False,False,,,
2026-04-29 21:00:00+00:00,2026-04-29 21:01:00+00:00,2026-04-29 21:15:00+00:00,2026-04-29 21:30:01+00:00,,,2026-04-29 21:15:00+00:00,,,FIB_RETRACE,boom:FIB_RETRACE:2026-04-29T21:00:00+00:00,1,5556.071068,5559.979084,5554.699210857143,5570.523,5.487428571428414,,,expired,no_observed_touch,False,False,,,
2026-04-29 23:30:00+00:00,2026-04-29 23:31:00+00:00,2026-04-29 23:45:00+00:00,2026-04-30 00:00:01+00:00,,,2026-04-29 23:45:00+00:00,,,FIB_RETRACE,boom:FIB_RETRACE:2026-04-29T23:30:00+00:00,1,5591.132742,5594.518446,5589.8527241428565,5605.342,5.120071428571529,,,expired,no_observed_touch,False,False,,,
2026-04-30 00:00:00+00:00,2026-04-30 00:01:00+00:00,2026-04-30 00:15:00+00:00,2026-04-30 00:30:01+00:00,,,2026-04-30 00:15:00+00:00,,,FIB_RETRACE,boom:FIB_RETRACE:2026-04-30T00:00:00+00:00,1,5595.198408,5598.822504000001,5593.884211571429,5611.197,5.256785714285733,,,expired,no_observed_touch,False,False,,,
2026-04-30 02:00:00+00:00,2026-04-30 02:01:00+00:00,2026-04-30 02:15:00+00:00,2026-04-30 02:30:01+00:00,,,2026-04-30 02:15:00+00:00,,,FIB_RETRACE,boom:FIB_RETRACE:2026-04-30T02:00:00+00:00,1,5592.526236,5598.603468,5591.100182428571,5620.54,5.704214285714182,,,expired,no_observed_touch,False,False,,,
2026-04-30 03:30:00+00:00,2026-04-30 03:31:00+00:00,2026-04-30 03:45:00+00:00,2026-04-30 04:00:01+00:00,2026-04-30 03:36:03+00:00,2026-04-30 03:36:04+00:00,2026-04-30 03:51:04+00:00,,,FIB_RETRACE,boom:FIB_RETRACE:2026-04-30T03:30:00+00:00,1,5627.423346,5630.285898,5626.151846,5633.643,5.08599999999998,5630.265,5625.293,completed,time,False,False,-0.4887927644515023,-0.5387927644515024,15.0
2026-05-03 04:00:00+00:00,2026-05-03 04:01:00+00:00,2026-05-03 04:15:00+00:00,2026-05-03 04:30:01+00:00,,,2026-05-03 04:15:00+00:00,,,FIB_RETRACE,boom:FIB_RETRACE:2026-05-03T04:00:00+00:00,1,5580.591544,5586.319672,5579.263454714285,5599.198,5.312357142857048,,,expired,no_observed_touch,False,False,,,
2026-05-04 04:00:00+00:00,2026-05-04 04:01:00+00:00,2026-05-04 04:15:00+00:00,2026-05-04 04:30:01+00:00,,,2026-05-04 04:15:00+00:00,,,FIB_RETRACE,boom:FIB_RETRACE:2026-05-04T04:00:00+00:00,1,5533.257606,5537.815278,5532.026177428572,5553.999,4.925714285714288,,,expired,no_observed_touch,False,False,,,
2026-05-04 06:00:00+00:00,2026-05-04 06:01:00+00:00,2026-05-04 06:15:00+00:00,2026-05-04 06:30:01+00:00,,,2026-05-04 06:15:00+00:00,,,FIB_RETRACE,boom:FIB_RETRACE:2026-05-04T06:00:00+00:00,1,5593.707106000001,5599.650778,5592.134338142858,5620.26,6.2910714285713505,,,expired,no_observed_touch,False,False,,,
2026-05-04 14:30:00+00:00,2026-05-04 14:31:00+00:00,2026-05-04 14:45:00+00:00,2026-05-04 15:00:01+00:00,,,2026-05-04 14:45:00+00:00,,,FIB_RETRACE,boom:FIB_RETRACE:2026-05-04T14:30:00+00:00,1,5643.351238,5646.865294,5642.087648714286,5650.366,5.054357142857303,,,expired,no_observed_touch,False,False,,,
2026-05-04 18:00:00+00:00,2026-05-04 18:01:00+00:00,2026-05-04 18:15:00+00:00,2026-05-04 18:30:01+00:00,,,2026-05-04 18:15:00+00:00,,,FIB_RETRACE,boom:FIB_RETRACE:2026-05-04T18:00:00+00:00,1,5634.76675,5645.70775,5632.7225,5685.115,8.177000000000135,,,expired,no_observed_touch,False,False,,,
2026-05-05 20:00:00+00:00,2026-05-05 20:01:00+00:00,2026-05-05 20:15:00+00:00,2026-05-05 20:30:01+00:00,,,2026-05-05 20:15:00+00:00,,,FIB_RETRACE,boom:FIB_RETRACE:2026-05-05T20:00:00+00:00,1,5574.800656,5578.950928,5573.361066714286,5593.561,5.758357142857027,,,expired,no_observed_touch,False,False,,,
2026-05-05 22:00:00+00:00,2026-05-05 22:01:00+00:00,2026-05-05 22:15:00+00:00,2026-05-05 22:30:01+00:00,,,2026-05-05 22:15:00+00:00,,,FIB_RETRACE,boom:FIB_RETRACE:2026-05-05T22:00:00+00:00,1,5595.4886480000005,5600.567624,5594.085898,5614.006,5.611000000000071,,,expired,no_observed_touch,False,False,,,
2026-05-06 20:30:00+00:00,2026-05-06 20:31:00+00:00,2026-05-06 20:45:00+00:00,2026-05-06 21:00:01+00:00,,,2026-05-06 20:45:00+00:00,,,FIB_RETRACE,boom:FIB_RETRACE:2026-05-06T20:30:00+00:00,1,5635.671784,5640.166792,5634.316855428571,5655.398,5.4197142857143,,,expired,no_observed_touch,False,False,,,
2026-05-07 07:00:00+00:00,2026-05-07 07:01:00+00:00,2026-05-07 07:15:00+00:00,2026-05-07 07:30:01+00:00,,,2026-05-07 07:15:00+00:00,,,FIB_RETRACE,boom:FIB_RETRACE:2026-05-07T07:00:00+00:00,1,5654.295472,5660.3179359999995,5652.629936285714,5678.446,6.662142857142759,,,expired,no_observed_touch,False,False,,,
2026-05-08 12:00:00+00:00,2026-05-08 12:01:00+00:00,2026-05-08 12:15:00+00:00,2026-05-08 12:30:01+00:00,,,2026-05-08 12:15:00+00:00,,,FIB_RETRACE,boom:FIB_RETRACE:2026-05-08T12:00:00+00:00,1,5724.31553,5728.07789,5723.003851428572,5739.839,5.246714285714331,,,expired,no_observed_touch,False,False,,,
2026-05-08 12:30:00+00:00,2026-05-08 12:31:00+00:00,2026-05-08 12:45:00+00:00,2026-05-08 13:00:01+00:00,,,2026-05-08 12:45:00+00:00,,,FIB_RETRACE,boom:FIB_RETRACE:2026-05-08T12:30:00+00:00,1,5736.637674,5746.195362,5734.704424,5778.805,7.733000000000045,,,expired,no_observed_touch,False,False,,,
2026-05-08 14:30:00+00:00,2026-05-08 14:31:00+00:00,2026-05-08 14:45:00+00:00,2026-05-08 15:00:01+00:00,,,2026-05-08 14:45:00+00:00,,,FIB_RETRACE,boom:FIB_RETRACE:2026-05-08T14:30:00+00:00,1,5775.3891459999995,5780.301297999999,5773.809449571428,5797.339,6.31878571428576,,,expired,no_observed_touch,False,False,,,
2026-05-09 10:00:00+00:00,2026-05-09 10:01:00+00:00,2026-05-09 10:15:00+00:00,2026-05-09 10:30:01+00:00,,,2026-05-09 10:15:00+00:00,,,FIB_RETRACE,boom:FIB_RETRACE:2026-05-09T10:00:00+00:00,1,5892.224634,5900.293842,5890.672294714286,5927.465,6.2093571428571135,,,expired,no_observed_touch,False,False,,,
2026-05-09 20:00:00+00:00,2026-05-09 20:01:00+00:00,2026-05-09 20:15:00+00:00,2026-05-09 20:30:01+00:00,,,2026-05-09 20:15:00+00:00,,,FIB_RETRACE,boom:FIB_RETRACE:2026-05-09T20:00:00+00:00,1,5855.961977999999,5863.156913999999,5854.272013714285,5888.386,6.759857142857202,,,expired,no_observed_touch,False,False,,,
2026-05-09 21:00:00+00:00,2026-05-09 21:01:00+00:00,2026-05-09 21:15:00+00:00,2026-05-09 21:30:01+00:00,,,2026-05-09 21:15:00+00:00,,,FIB_RETRACE,boom:FIB_RETRACE:2026-05-09T21:00:00+00:00,1,5892.95951,5898.49763,5891.034081428571,5918.066,7.701714285714194,,,expired,no_observed_touch,False,False,,,
2026-05-09 22:00:00+00:00,2026-05-09 22:01:00+00:00,2026-05-09 22:15:00+00:00,2026-05-09 22:30:01+00:00,,,2026-05-09 22:15:00+00:00,,,FIB_RETRACE,boom:FIB_RETRACE:2026-05-09T22:00:00+00:00,1,5930.556716,5940.551708,5928.220287428571,5975.2,9.345714285714362,,,expired,no_observed_touch,False,False,,,
2026-05-09 23:00:00+00:00,2026-05-09 23:01:00+00:00,2026-05-09 23:15:00+00:00,2026-05-09 23:30:01+00:00,,,2026-05-09 23:15:00+00:00,,,FIB_RETRACE,boom:FIB_RETRACE:2026-05-09T23:00:00+00:00,1,5967.152376,5971.383288,5965.797411714286,5984.364,5.419857142857252,,,expired,no_observed_touch,False,False,,,
2026-05-10 00:00:00+00:00,2026-05-10 00:01:00+00:00,2026-05-10 00:15:00+00:00,2026-05-10 00:30:01+00:00,,,2026-05-10 00:15:00+00:00,,,FIB_RETRACE,boom:FIB_RETRACE:2026-05-10T00:00:00+00:00,1,5992.86396,5999.94348,5990.885674285714,6023.897,7.913142857143092,,,expired,no_observed_touch,False,False,,,
2026-05-10 13:00:00+00:00,2026-05-10 13:01:00+00:00,2026-05-10 13:15:00+00:00,2026-05-10 13:30:01+00:00,,,2026-05-10 13:15:00+00:00,,,FIB_RETRACE,boom:FIB_RETRACE:2026-05-10T13:00:00+00:00,1,5972.922124,5975.957212,5971.647999,5986.088,5.096499999999976,,,expired,no_observed_touch,False,False,,,
2026-05-11 04:00:00+00:00,2026-05-11 04:01:00+00:00,2026-05-11 04:15:00+00:00,2026-05-11 04:30:01+00:00,,,2026-05-11 04:15:00+00:00,,,FIB_RETRACE,boom:FIB_RETRACE:2026-05-11T04:00:00+00:00,1,5937.294916,5941.628308,5935.874701714286,5955.285,5.680857142857284,,,expired,no_observed_touch,False,False,,,
2026-05-11 08:30:00+00:00,2026-05-11 08:31:00+00:00,2026-05-11 08:45:00+00:00,2026-05-11 09:00:01+00:00,,,2026-05-11 08:45:00+00:00,,,FIB_RETRACE,boom:FIB_RETRACE:2026-05-11T08:30:00+00:00,1,5945.050572,5954.374236,5943.228929142857,5985.907,7.286571428571343,,,expired,no_observed_touch,False,False,,,
2026-05-11 20:00:00+00:00,2026-05-11 20:01:00+00:00,2026-05-11 20:15:00+00:00,2026-05-11 20:30:01+00:00,,,2026-05-11 20:15:00+00:00,,,FIB_RETRACE,boom:FIB_RETRACE:2026-05-11T20:00:00+00:00,1,5941.559664,5947.469232,5940.1114854285715,5969.003,5.792714285714088,,,expired,no_observed_touch,False,False,,,
2026-05-12 02:30:00+00:00,2026-05-12 02:31:00+00:00,2026-05-12 02:45:00+00:00,2026-05-12 03:00:01+00:00,,,2026-05-12 02:45:00+00:00,,,FIB_RETRACE,boom:FIB_RETRACE:2026-05-12T02:30:00+00:00,1,5980.390156,5989.454428,5978.555959571429,6020.415,7.336785714285725,,,expired,no_observed_touch,False,False,,,
2026-05-12 04:00:00+00:00,2026-05-12 04:01:00+00:00,2026-05-12 04:15:00+00:00,2026-05-12 04:30:01+00:00,,,2026-05-12 04:15:00+00:00,,,FIB_RETRACE,boom:FIB_RETRACE:2026-05-12T04:00:00+00:00,1,6015.518926,6020.896438,6014.075408142857,6038.788,5.774071428571525,,,expired,no_observed_touch,False,False,,,
2026-05-13 06:00:00+00:00,2026-05-13 06:01:00+00:00,2026-05-13 06:15:00+00:00,2026-05-13 06:30:01+00:00,,,2026-05-13 06:15:00+00:00,,,FIB_RETRACE,boom:FIB_RETRACE:2026-05-13T06:00:00+00:00,1,5953.6003,5960.5639,5951.924532142857,5985.077,6.703071428571418,,,expired,no_observed_touch,False,False,,,
2026-05-13 06:30:00+00:00,2026-05-13 06:31:00+00:00,2026-05-13 06:45:00+00:00,2026-05-13 07:00:01+00:00,,,2026-05-13 06:45:00+00:00,,,FIB_RETRACE,boom:FIB_RETRACE:2026-05-13T06:30:00+00:00,1,5972.91515,5976.816949999999,5971.356310714285,5990.26,6.235357142857343,,,expired,no_observed_touch,False,False,,,
2026-05-13 07:00:00+00:00,2026-05-13 07:01:00+00:00,2026-05-13 07:15:00+00:00,2026-05-13 07:30:01+00:00,,,2026-05-13 07:15:00+00:00,,,FIB_RETRACE,boom:FIB_RETRACE:2026-05-13T07:00:00+00:00,1,5985.6537100000005,5988.97423,5984.087745714286,5998.767,6.2638571428573675,,,expired,no_observed_touch,False,False,,,
2026-05-13 11:00:00+00:00,2026-05-13 11:01:00+00:00,2026-05-13 11:15:00+00:00,2026-05-13 11:30:01+00:00,2026-05-13 11:11:17+00:00,2026-05-13 11:11:18+00:00,2026-05-13 11:26:18+00:00,,,FIB_RETRACE,boom:FIB_RETRACE:2026-05-13T11:00:00+00:00,1,5966.4824659999995,5969.862458,5965.22953742857,5976.535,5.011714285714463,5969.84,5970.132,completed,time,False,False,0.029131748474946678,-0.020868251525053325,15.0
2026-05-13 12:00:00+00:00,2026-05-13 12:01:00+00:00,2026-05-13 12:15:00+00:00,2026-05-13 12:30:01+00:00,,,2026-05-13 12:15:00+00:00,,,FIB_RETRACE,boom:FIB_RETRACE:2026-05-13T12:00:00+00:00,1,5973.547244,5979.787772,5971.823529714286,6001.982,6.894857142857096,,,expired,no_observed_touch,False,False,,,
2026-05-13 20:00:00+00:00,2026-05-13 20:01:00+00:00,2026-05-13 20:15:00+00:00,2026-05-13 20:30:01+00:00,,,2026-05-13 20:15:00+00:00,,,FIB_RETRACE,boom:FIB_RETRACE:2026-05-13T20:00:00+00:00,1,6041.1995640000005,6045.655932,6039.896564000001,6061.434,5.211999999999989,,,expired,no_observed_touch,False,False,,,
2026-05-14 05:00:00+00:00,2026-05-14 05:01:00+00:00,2026-05-14 05:15:00+00:00,2026-05-14 05:30:01+00:00,,,2026-05-14 05:15:00+00:00,,,FIB_RETRACE,boom:FIB_RETRACE:2026-05-14T05:00:00+00:00,1,6046.905962,6052.346306,6045.313676285714,6071.1,6.369142857142833,,,expired,no_observed_touch,False,False,,,
2026-05-16 01:00:00+00:00,2026-05-16 01:01:00+00:00,2026-05-16 01:15:00+00:00,2026-05-16 01:30:01+00:00,,,2026-05-16 01:15:00+00:00,,,FIB_RETRACE,boom:FIB_RETRACE:2026-05-16T01:00:00+00:00,1,6035.4346319999995,6038.675016,6033.958346285714,6048.861,5.905142857142762,,,expired,no_observed_touch,False,False,,,
2026-05-16 03:30:00+00:00,2026-05-16 03:31:00+00:00,2026-05-16 03:45:00+00:00,2026-05-16 04:00:01+00:00,,,2026-05-16 03:45:00+00:00,,,FIB_RETRACE,boom:FIB_RETRACE:2026-05-16T03:30:00+00:00,1,6034.884002,6043.324826,6032.988752,6072.527,7.581000000000001,,,expired,no_observed_touch,False,False,,,
2026-05-16 09:30:00+00:00,2026-05-16 09:31:00+00:00,2026-05-16 09:45:00+00:00,2026-05-16 10:00:01+00:00,,,2026-05-16 09:45:00+00:00,,,FIB_RETRACE,boom:FIB_RETRACE:2026-05-16T09:30:00+00:00,1,6085.914842,6088.569746,6084.551609857143,6096.834,5.452928571428466,,,expired,no_observed_touch,False,False,,,
2026-05-16 10:00:00+00:00,2026-05-16 10:01:00+00:00,2026-05-16 10:15:00+00:00,2026-05-16 10:30:01+00:00,,,2026-05-16 10:15:00+00:00,,,FIB_RETRACE,boom:FIB_RETRACE:2026-05-16T10:00:00+00:00,1,6093.957646,6098.323798,6092.504878142857,6114.308,5.811071428571462,,,expired,no_observed_touch,False,False,,,
2026-05-16 12:00:00+00:00,2026-05-16 12:01:00+00:00,2026-05-16 12:15:00+00:00,2026-05-16 12:30:01+00:00,,,2026-05-16 12:15:00+00:00,,,FIB_RETRACE,boom:FIB_RETRACE:2026-05-16T12:00:00+00:00,1,6106.799206,6110.332078,6105.462831,6120.807,5.345500000000162,,,expired,no_observed_touch,False,False,,,
2026-05-17 05:30:00+00:00,2026-05-17 05:31:00+00:00,2026-05-17 05:45:00+00:00,2026-05-17 06:00:01+00:00,,,2026-05-17 05:45:00+00:00,,,FIB_RETRACE,boom:FIB_RETRACE:2026-05-17T05:30:00+00:00,1,6126.623504,6133.551152,6125.046093285714,6155.023,6.309642857142795,,,expired,no_observed_touch,False,False,,,
2026-05-17 12:00:00+00:00,2026-05-17 12:01:00+00:00,2026-05-17 12:15:00+00:00,2026-05-17 12:30:01+00:00,,,2026-05-17 12:15:00+00:00,,,FIB_RETRACE,boom:FIB_RETRACE:2026-05-17T12:00:00+00:00,1,6132.216802,6136.3232259999995,6130.896462714286,6149.196,5.28135714285723,,,expired,no_observed_touch,False,False,,,
2026-05-18 12:00:00+00:00,2026-05-18 12:01:00+00:00,2026-05-18 12:15:00+00:00,2026-05-18 12:30:01+00:00,,,2026-05-18 12:15:00+00:00,,,FIB_RETRACE,boom:FIB_RETRACE:2026-05-18T12:00:00+00:00,1,6147.372392,6151.257896,6145.896588428572,6162.738,5.903214285714317,,,expired,no_observed_touch,False,False,,,
2026-05-18 15:00:00+00:00,2026-05-18 15:01:00+00:00,2026-05-18 15:15:00+00:00,2026-05-18 15:30:01+00:00,,,2026-05-18 15:15:00+00:00,,,FIB_RETRACE,boom:FIB_RETRACE:2026-05-18T15:00:00+00:00,1,6139.4182359999995,6143.227468,6138.2586467142855,6155.905,4.638357142857201,,,expired,no_observed_touch,False,False,,,
2026-05-19 08:00:00+00:00,2026-05-19 08:01:00+00:00,2026-05-19 08:15:00+00:00,2026-05-19 08:30:01+00:00,,,2026-05-19 08:15:00+00:00,,,FIB_RETRACE,boom:FIB_RETRACE:2026-05-19T08:00:00+00:00,1,6145.18123,6151.21999,6143.652301428571,6172.776,6.115714285714278,,,expired,no_observed_touch,False,False,,,
2026-05-19 21:00:00+00:00,2026-05-19 21:01:00+00:00,2026-05-19 21:15:00+00:00,2026-05-19 21:30:01+00:00,,,2026-05-19 21:15:00+00:00,,,FIB_RETRACE,boom:FIB_RETRACE:2026-05-19T21:00:00+00:00,1,6151.299148,6156.840124,6149.867755142857,6175.18,5.725571428571454,,,expired,no_observed_touch,False,False,,,
2026-05-21 20:00:00+00:00,2026-05-21 20:01:00+00:00,2026-05-21 20:15:00+00:00,2026-05-21 20:30:01+00:00,,,2026-05-21 20:15:00+00:00,,,FIB_RETRACE,boom:FIB_RETRACE:2026-05-21T20:00:00+00:00,1,5997.345244,6002.073772,5996.013726142857,6018.147,5.326071428571465,,,expired,no_observed_touch,False,False,,,
2026-05-21 20:30:00+00:00,2026-05-21 20:31:00+00:00,2026-05-21 20:45:00+00:00,2026-05-21 21:00:01+00:00,,,2026-05-21 20:45:00+00:00,,,FIB_RETRACE,boom:FIB_RETRACE:2026-05-21T20:30:00+00:00,1,6007.907562,6011.735106,6006.507008428572,6023.507,5.602214285714191,,,expired,no_observed_touch,False,False,,,
2026-05-23 12:00:00+00:00,2026-05-23 12:01:00+00:00,2026-05-23 12:15:00+00:00,2026-05-23 12:30:01+00:00,,,2026-05-23 12:15:00+00:00,,,FIB_RETRACE,boom:FIB_RETRACE:2026-05-23T12:00:00+00:00,1,5825.307675999999,5828.354187999999,5824.069158142856,5837.76,4.954071428571297,,,expired,no_observed_touch,False,False,,,
2026-05-23 14:00:00+00:00,2026-05-23 14:01:00+00:00,2026-05-23 14:15:00+00:00,2026-05-23 14:30:01+00:00,,,2026-05-23 14:15:00+00:00,,,FIB_RETRACE,boom:FIB_RETRACE:2026-05-23T14:00:00+00:00,1,5796.804374,5800.658462,5795.562963285714,5811.97,4.965642857142744,,,expired,no_observed_touch,False,False,,,
2026-05-24 04:00:00+00:00,2026-05-24 04:01:00+00:00,2026-05-24 04:15:00+00:00,2026-05-24 04:30:01+00:00,,,2026-05-24 04:15:00+00:00,,,FIB_RETRACE,boom:FIB_RETRACE:2026-05-24T04:00:00+00:00,1,5709.942129999999,5717.63569,5708.305665714285,5745.897,6.54585714285713,,,expired,no_observed_touch,False,False,,,
2026-05-25 05:00:00+00:00,2026-05-25 05:01:00+00:00,2026-05-25 05:15:00+00:00,2026-05-25 05:30:01+00:00,,,2026-05-25 05:15:00+00:00,,,FIB_RETRACE,boom:FIB_RETRACE:2026-05-25T05:00:00+00:00,1,5656.759702,5661.260926,5655.367934142858,5677.272,5.567071428571386,,,expired,no_observed_touch,False,False,,,
2026-05-25 15:00:00+00:00,2026-05-25 15:01:00+00:00,2026-05-25 15:15:00+00:00,2026-05-25 15:30:01+00:00,,,2026-05-25 15:15:00+00:00,,,FIB_RETRACE,boom:FIB_RETRACE:2026-05-25T15:00:00+00:00,1,5642.813596,5648.931148,5641.447828142857,5668.745,5.463071428571311,,,expired,no_observed_touch,False,False,,,
2026-05-25 15:30:00+00:00,2026-05-25 15:31:00+00:00,2026-05-25 15:45:00+00:00,2026-05-25 16:00:01+00:00,2026-05-25 15:35:22+00:00,2026-05-25 15:35:23+00:00,2026-05-25 15:50:23+00:00,,,FIB_RETRACE,boom:FIB_RETRACE:2026-05-25T15:30:00+00:00,1,5656.840552000001,5659.959976,5655.479284142858,5663.113,5.445071428571347,5659.935,5651.208,completed,time,False,False,-0.8013668979812192,-0.8513668979812192,15.0
2026-05-26 12:00:00+00:00,2026-05-26 12:01:00+00:00,2026-05-26 12:15:00+00:00,2026-05-26 12:30:01+00:00,,,2026-05-26 12:15:00+00:00,,,FIB_RETRACE,boom:FIB_RETRACE:2026-05-26T12:00:00+00:00,1,5622.136126,5625.968038,5620.830965285714,5638.94,5.220642857142853,,,expired,no_observed_touch,False,False,,,
2026-05-27 01:00:00+00:00,2026-05-27 01:01:00+00:00,2026-05-27 01:15:00+00:00,2026-05-27 01:30:01+00:00,,,2026-05-27 01:15:00+00:00,,,FIB_RETRACE,boom:FIB_RETRACE:2026-05-27T01:00:00+00:00,1,5679.297464,5682.972632,5678.189196142857,5695.366,4.433071428571501,,,expired,no_observed_touch,False,False,,,
2026-05-27 01:30:00+00:00,2026-05-27 01:31:00+00:00,2026-05-27 01:45:00+00:00,2026-05-27 02:00:01+00:00,,,2026-05-27 01:45:00+00:00,,,FIB_RETRACE,boom:FIB_RETRACE:2026-05-27T01:30:00+00:00,1,5686.68042,5689.28946,5685.367259285714,5696.989,5.25264285714294,,,expired,no_observed_touch,False,False,,,
2026-05-27 02:00:00+00:00,2026-05-27 02:01:00+00:00,2026-05-27 02:15:00+00:00,2026-05-27 02:30:01+00:00,,,2026-05-27 02:15:00+00:00,,,FIB_RETRACE,boom:FIB_RETRACE:2026-05-27T02:00:00+00:00,1,5692.862578,5699.620714,5691.377685142857,5723.105,5.939571428571396,,,expired,no_observed_touch,False,False,,,
2026-05-27 13:30:00+00:00,2026-05-27 13:31:00+00:00,2026-05-27 13:45:00+00:00,2026-05-27 14:00:01+00:00,,,2026-05-27 13:45:00+00:00,,,FIB_RETRACE,boom:FIB_RETRACE:2026-05-27T13:30:00+00:00,1,5764.261538,5772.639194,5762.648073714286,5802.431,6.453857142857097,,,expired,no_observed_touch,False,False,,,
2026-05-29 01:00:00+00:00,2026-05-29 01:01:00+00:00,2026-05-29 01:15:00+00:00,2026-05-29 01:30:01+00:00,,,2026-05-29 01:15:00+00:00,,,FIB_RETRACE,boom:FIB_RETRACE:2026-05-29T01:00:00+00:00,1,5824.859362,5829.308506,5823.130094142857,5845.456,6.9170714285714245,,,expired,no_observed_touch,False,False,,,
2026-05-29 08:00:00+00:00,2026-05-29 08:01:00+00:00,2026-05-29 08:15:00+00:00,2026-05-29 08:30:01+00:00,,,2026-05-29 08:15:00+00:00,,,FIB_RETRACE,boom:FIB_RETRACE:2026-05-29T08:00:00+00:00,1,5841.98852,5846.63876,5840.393198571428,5860.626,6.381285714285696,,,expired,no_observed_touch,False,False,,,
2026-05-29 08:30:00+00:00,2026-05-29 08:31:00+00:00,2026-05-29 08:45:00+00:00,2026-05-29 09:00:01+00:00,,,2026-05-29 08:45:00+00:00,,,FIB_RETRACE,boom:FIB_RETRACE:2026-05-29T08:30:00+00:00,1,5852.696272,5859.004336,5850.962164857143,5879.917,6.936428571428548,,,expired,no_observed_touch,False,False,,,
2026-05-29 09:30:00+00:00,2026-05-29 09:31:00+00:00,2026-05-29 09:45:00+00:00,2026-05-29 10:00:01+00:00,,,2026-05-29 09:45:00+00:00,,,FIB_RETRACE,boom:FIB_RETRACE:2026-05-29T09:30:00+00:00,1,5874.281452,5877.711676,5872.917523428571,5887.463,5.455714285714164,,,expired,no_observed_touch,False,False,,,
2026-05-29 11:00:00+00:00,2026-05-29 11:01:00+00:00,2026-05-29 11:15:00+00:00,2026-05-29 11:30:01+00:00,,,2026-05-29 11:15:00+00:00,,,FIB_RETRACE,boom:FIB_RETRACE:2026-05-29T11:00:00+00:00,1,5875.5434319999995,5878.733416,5874.343110571428,5886.248,4.8012857142857035,,,expired,no_observed_touch,False,False,,,
2026-05-29 11:30:00+00:00,2026-05-29 11:31:00+00:00,2026-05-29 11:45:00+00:00,2026-05-29 12:00:01+00:00,2026-05-29 11:34:48+00:00,2026-05-29 11:34:49+00:00,2026-05-29 11:49:49+00:00,,,FIB_RETRACE,boom:FIB_RETRACE:2026-05-29T11:30:00+00:00,1,5878.615662,5880.536406,5877.461412000001,5883.214,4.616999999999929,5880.512,5874.664,completed,time,False,False,-0.6333116742473518,-0.6833116742473518,15.0
2026-05-29 16:00:00+00:00,2026-05-29 16:01:00+00:00,2026-05-29 16:15:00+00:00,2026-05-29 16:30:01+00:00,,,2026-05-29 16:15:00+00:00,,,FIB_RETRACE,boom:FIB_RETRACE:2026-05-29T16:00:00+00:00,1,5849.52559,5856.02467,5847.888715,5878.999,6.547499999999933,,,expired,no_observed_touch,False,False,,,
2026-05-29 17:00:00+00:00,2026-05-29 17:01:00+00:00,2026-05-29 17:15:00+00:00,2026-05-29 17:30:01+00:00,,,2026-05-29 17:15:00+00:00,,,FIB_RETRACE,boom:FIB_RETRACE:2026-05-29T17:00:00+00:00,1,5879.260351999999,5882.497375999999,5877.765387714285,5894.353,5.979857142857002,,,expired,no_observed_touch,False,False,,,
2026-05-30 08:00:00+00:00,2026-05-30 08:01:00+00:00,2026-05-30 08:15:00+00:00,2026-05-30 08:30:01+00:00,,,2026-05-30 08:15:00+00:00,,,FIB_RETRACE,boom:FIB_RETRACE:2026-05-30T08:00:00+00:00,1,5807.239186,5810.615818,5806.001918142857,5820.321,4.949071428571382,,,expired,no_observed_touch,False,False,,,
2026-05-30 17:00:00+00:00,2026-05-30 17:01:00+00:00,2026-05-30 17:15:00+00:00,2026-05-30 17:30:01+00:00,,,2026-05-30 17:15:00+00:00,,,FIB_RETRACE,boom:FIB_RETRACE:2026-05-30T17:00:00+00:00,1,5819.83955,5823.25415,5818.620942857143,5833.895,4.87442857142852,,,expired,no_observed_touch,False,False,,,
2026-05-30 22:00:00+00:00,2026-05-30 22:01:00+00:00,2026-05-30 22:15:00+00:00,2026-05-30 22:30:01+00:00,,,2026-05-30 22:15:00+00:00,,,FIB_RETRACE,boom:FIB_RETRACE:2026-05-30T22:00:00+00:00,1,5812.531584,5815.044192,5811.450512571429,5824.177,4.324285714285712,,,expired,no_observed_touch,False,False,,,
2026-05-30 23:00:00+00:00,2026-05-30 23:01:00+00:00,2026-05-30 23:15:00+00:00,2026-05-30 23:30:01+00:00,,,2026-05-30 23:15:00+00:00,,,FIB_RETRACE,boom:FIB_RETRACE:2026-05-30T23:00:00+00:00,1,5833.1734240000005,5841.324112,5831.278709714286,5868.696,7.578857142857097,,,expired,no_observed_touch,False,False,,,
2026-05-30 23:30:00+00:00,2026-05-30 23:31:00+00:00,2026-05-30 23:45:00+00:00,2026-05-31 00:00:01+00:00,,,2026-05-30 23:45:00+00:00,,,FIB_RETRACE,boom:FIB_RETRACE:2026-05-30T23:30:00+00:00,1,5841.096332,5849.553116,5839.489082,5878.392,6.428999999999958,,,expired,no_observed_touch,False,False,,,
2026-05-31 00:00:00+00:00,2026-05-31 00:01:00+00:00,2026-05-31 00:15:00+00:00,2026-05-31 00:30:01+00:00,,,2026-05-31 00:15:00+00:00,,,FIB_RETRACE,boom:FIB_RETRACE:2026-05-31T00:00:00+00:00,1,5868.420852,5873.5478760000005,5866.709227,5890.618,6.846499999999911,,,expired,no_observed_touch,False,False,,,
2026-05-31 02:00:00+00:00,2026-05-31 02:01:00+00:00,2026-05-31 02:15:00+00:00,2026-05-31 02:30:01+00:00,,,2026-05-31 02:15:00+00:00,,,FIB_RETRACE,boom:FIB_RETRACE:2026-05-31T02:00:00+00:00,1,5884.509094,5892.643822,5882.731986857143,5921.135,7.108428571428768,,,expired,no_observed_touch,False,False,,,
2026-05-31 05:00:00+00:00,2026-05-31 05:01:00+00:00,2026-05-31 05:15:00+00:00,2026-05-31 05:30:01+00:00,,,2026-05-31 05:15:00+00:00,,,FIB_RETRACE,boom:FIB_RETRACE:2026-05-31T05:00:00+00:00,1,5902.232466,5909.980458,5900.243644571429,5936.92,7.9552857142857,,,expired,no_observed_touch,False,False,,,
2026-05-31 08:30:00+00:00,2026-05-31 08:31:00+00:00,2026-05-31 08:45:00+00:00,2026-05-31 09:00:01+00:00,,,2026-05-31 08:45:00+00:00,,,FIB_RETRACE,boom:FIB_RETRACE:2026-05-31T08:30:00+00:00,1,5918.001224,5922.825512,5916.555402571428,5939.667,5.783285714285674,,,expired,no_observed_touch,False,False,,,
2026-05-31 13:30:00+00:00,2026-05-31 13:31:00+00:00,2026-05-31 13:45:00+00:00,2026-05-31 14:00:01+00:00,,,2026-05-31 13:45:00+00:00,,,FIB_RETRACE,boom:FIB_RETRACE:2026-05-31T13:30:00+00:00,1,5945.705726,5951.956838,5944.1495295714285,5974.662,6.224785714285839,,,expired,no_observed_touch,False,False,,,
2026-05-31 14:00:00+00:00,2026-05-31 14:01:00+00:00,2026-05-31 14:15:00+00:00,2026-05-31 14:30:01+00:00,,,2026-05-31 14:15:00+00:00,,,FIB_RETRACE,boom:FIB_RETRACE:2026-05-31T14:00:00+00:00,1,5958.32983,5964.93979,5956.695401428571,5987.378,6.537714285714434,,,expired,no_observed_touch,False,False,,,
2026-06-06 04:00:00+00:00,2026-06-06 04:01:00+00:00,2026-06-06 04:15:00+00:00,2026-06-06 04:30:01+00:00,,,2026-06-06 04:15:00+00:00,,,FIB_RETRACE,boom:FIB_RETRACE:2026-06-06T04:00:00+00:00,1,5348.5097399999995,5353.78662,5347.157972142857,5370.531,5.407071428571531,,,expired,no_observed_touch,False,False,,,
2026-06-06 15:00:00+00:00,2026-06-06 15:01:00+00:00,2026-06-06 15:15:00+00:00,2026-06-06 15:30:01+00:00,,,2026-06-06 15:15:00+00:00,,,FIB_RETRACE,boom:FIB_RETRACE:2026-06-06T15:00:00+00:00,1,5340.770484,5345.525892,5339.544787571428,5361.72,4.9027857142857885,,,expired,no_observed_touch,False,False,,,
2026-06-06 15:30:00+00:00,2026-06-06 15:31:00+00:00,2026-06-06 15:45:00+00:00,2026-06-06 16:00:01+00:00,,,2026-06-06 15:45:00+00:00,,,FIB_RETRACE,boom:FIB_RETRACE:2026-06-06T15:30:00+00:00,1,5352.109896,5360.067048,5350.392467428572,5386.95,6.869714285714314,,,expired,no_observed_touch,False,False,,,
2026-06-07 00:30:00+00:00,2026-06-07 00:31:00+00:00,2026-06-07 00:45:00+00:00,2026-06-07 01:00:01+00:00,,,2026-06-07 00:45:00+00:00,,,FIB_RETRACE,boom:FIB_RETRACE:2026-06-07T00:30:00+00:00,1,5347.813908,5356.856004,5346.082247285714,5389.384,6.926642857142854,,,expired,no_observed_touch,False,False,,,
2026-06-07 04:30:00+00:00,2026-06-07 04:31:00+00:00,2026-06-07 04:45:00+00:00,2026-06-07 05:00:01+00:00,,,2026-06-07 04:45:00+00:00,,,FIB_RETRACE,boom:FIB_RETRACE:2026-06-07T04:30:00+00:00,1,5394.71965,5397.90745,5393.355507142857,5409.3,5.456571428571416,,,expired,no_observed_touch,False,False,,,
2026-06-07 05:00:00+00:00,2026-06-07 05:01:00+00:00,2026-06-07 05:15:00+00:00,2026-06-07 05:30:01+00:00,,,2026-06-07 05:15:00+00:00,,,FIB_RETRACE,boom:FIB_RETRACE:2026-06-07T05:00:00+00:00,1,5407.177414,5411.931982,5405.654914,5429.182,6.090000000000016,,,expired,no_observed_touch,False,False,,,
2026-06-07 08:00:00+00:00,2026-06-07 08:01:00+00:00,2026-06-07 08:15:00+00:00,2026-06-07 08:30:01+00:00,,,2026-06-07 08:15:00+00:00,,,FIB_RETRACE,boom:FIB_RETRACE:2026-06-07T08:00:00+00:00,1,5412.8196179999995,5416.194234,5411.665189428571,5426.294,4.617714285714295,,,expired,no_observed_touch,False,False,,,
2026-06-08 10:30:00+00:00,2026-06-08 10:31:00+00:00,2026-06-08 10:45:00+00:00,2026-06-08 11:00:01+00:00,,,2026-06-08 10:45:00+00:00,,,FIB_RETRACE,boom:FIB_RETRACE:2026-06-08T10:30:00+00:00,1,5313.323778,5315.932314000001,5312.088028,5325.015,4.9430000000000165,,,expired,no_observed_touch,False,False,,,
2026-06-09 00:30:00+00:00,2026-06-09 00:31:00+00:00,2026-06-09 00:45:00+00:00,2026-06-09 01:00:01+00:00,,,2026-06-09 00:45:00+00:00,,,FIB_RETRACE,boom:FIB_RETRACE:2026-06-09T00:30:00+00:00,1,5296.878514,5299.7262820000005,5295.733246142857,5309.059,4.581071428571379,,,expired,no_observed_touch,False,False,,,
2026-06-09 03:00:00+00:00,2026-06-09 03:01:00+00:00,2026-06-09 03:15:00+00:00,2026-06-09 03:30:01+00:00,,,2026-06-09 03:15:00+00:00,,,FIB_RETRACE,boom:FIB_RETRACE:2026-06-09T03:00:00+00:00,1,5305.179881999999,5310.6672659999995,5303.845310571428,5328.248,5.338285714285836,,,expired,no_observed_touch,False,False,,,
2026-06-09 04:00:00+00:00,2026-06-09 04:01:00+00:00,2026-06-09 04:15:00+00:00,2026-06-09 04:30:01+00:00,,,2026-06-09 04:15:00+00:00,,,FIB_RETRACE,boom:FIB_RETRACE:2026-06-09T04:00:00+00:00,1,5327.5465460000005,5330.375498,5326.124438857143,5340.555,5.688428571428631,,,expired,no_observed_touch,False,False,,,
2026-06-09 06:30:00+00:00,2026-06-09 06:31:00+00:00,2026-06-09 06:45:00+00:00,2026-06-09 07:00:01+00:00,,,2026-06-09 06:45:00+00:00,,,FIB_RETRACE,boom:FIB_RETRACE:2026-06-09T06:30:00+00:00,1,5328.592062,5331.2016060000005,5327.526347714285,5339.304,4.2628571428572934,,,expired,no_observed_touch,False,False,,,
2026-06-09 20:00:00+00:00,2026-06-09 20:01:00+00:00,2026-06-09 20:15:00+00:00,2026-06-09 20:30:01+00:00,,,2026-06-09 20:15:00+00:00,,,FIB_RETRACE,boom:FIB_RETRACE:2026-06-09T20:00:00+00:00,1,5363.61117,5366.5772099999995,5362.525598571428,5375.538,4.3422857142856754,,,expired,no_observed_touch,False,False,,,
2026-06-11 02:00:00+00:00,2026-06-11 02:01:00+00:00,2026-06-11 02:15:00+00:00,2026-06-11 02:30:01+00:00,,,2026-06-11 02:15:00+00:00,,,FIB_RETRACE,boom:FIB_RETRACE:2026-06-11T02:00:00+00:00,1,5405.380608,5407.627104,5404.186483,5414.386,4.776499999999877,,,expired,no_observed_touch,False,False,,,
2026-06-11 02:30:00+00:00,2026-06-11 02:31:00+00:00,2026-06-11 02:45:00+00:00,2026-06-11 03:00:01+00:00,,,2026-06-11 02:45:00+00:00,,,FIB_RETRACE,boom:FIB_RETRACE:2026-06-11T02:30:00+00:00,1,5408.0911320000005,5412.465516,5406.819989142858,5427.75,5.084571428571247,,,expired,no_observed_touch,False,False,,,
2026-06-11 03:00:00+00:00,2026-06-11 03:01:00+00:00,2026-06-11 03:15:00+00:00,2026-06-11 03:30:01+00:00,,,2026-06-11 03:15:00+00:00,,,FIB_RETRACE,boom:FIB_RETRACE:2026-06-11T03:00:00+00:00,1,5421.383742,5428.297446,5419.854474142857,5452.128,6.117071428571437,,,expired,no_observed_touch,False,False,,,
2026-06-11 04:00:00+00:00,2026-06-11 04:01:00+00:00,2026-06-11 04:15:00+00:00,2026-06-11 04:30:01+00:00,,,2026-06-11 04:15:00+00:00,,,FIB_RETRACE,boom:FIB_RETRACE:2026-06-11T04:00:00+00:00,1,5455.171198,5461.144773999999,5453.612019428571,5472.61,6.236714285714437,,,expired,no_observed_touch,False,False,,,
2026-06-11 23:30:00+00:00,2026-06-11 23:31:00+00:00,2026-06-11 23:45:00+00:00,2026-06-12 00:00:01+00:00,,,2026-06-11 23:45:00+00:00,,,FIB_RETRACE,boom:FIB_RETRACE:2026-06-11T23:30:00+00:00,1,5431.932986,5435.763218,5430.582182428571,5448.504,5.403214285714317,,,expired,no_observed_touch,False,False,,,
2026-06-12 04:00:00+00:00,2026-06-12 04:01:00+00:00,2026-06-12 04:15:00+00:00,2026-06-12 04:30:01+00:00,,,2026-06-12 04:15:00+00:00,,,FIB_RETRACE,boom:FIB_RETRACE:2026-06-12T04:00:00+00:00,1,5441.872434,5450.479242,5440.263630428572,5481.109,6.435214285714275,,,expired,no_observed_touch,False,False,,,
2026-06-12 20:00:00+00:00,2026-06-12 20:01:00+00:00,2026-06-12 20:15:00+00:00,2026-06-12 20:30:01+00:00,,,2026-06-12 20:15:00+00:00,,,FIB_RETRACE,boom:FIB_RETRACE:2026-06-12T20:00:00+00:00,1,5445.026622,5450.078886,5443.740532714286,5466.292,5.144357142857189,,,expired,no_observed_touch,False,False,,,
2026-06-12 23:00:00+00:00,2026-06-12 23:01:00+00:00,2026-06-12 23:15:00+00:00,2026-06-12 23:30:01+00:00,,,2026-06-12 23:15:00+00:00,,,FIB_RETRACE,boom:FIB_RETRACE:2026-06-12T23:00:00+00:00,1,5460.026998,5463.682174,5458.783283714286,5474.763,4.974857142857153,,,expired,no_observed_touch,False,False,,,
2026-06-13 18:30:00+00:00,2026-06-13 18:31:00+00:00,2026-06-13 18:45:00+00:00,2026-06-13 19:00:01+00:00,,,2026-06-13 18:45:00+00:00,,,FIB_RETRACE,boom:FIB_RETRACE:2026-06-13T18:30:00+00:00,1,5386.81959,5391.72267,5385.42809,5408.469,5.566000000000064,,,expired,no_observed_touch,False,False,,,
2026-06-14 08:30:00+00:00,2026-06-14 08:31:00+00:00,2026-06-14 08:45:00+00:00,2026-06-14 09:00:01+00:00,,,2026-06-14 08:45:00+00:00,,,FIB_RETRACE,boom:FIB_RETRACE:2026-06-14T08:30:00+00:00,1,5406.066138,5412.410994000001,5404.491727285715,5431.624,6.2976428571428835,,,expired,no_observed_touch,False,False,,,
2026-06-14 10:00:00+00:00,2026-06-14 10:01:00+00:00,2026-06-14 10:15:00+00:00,2026-06-14 10:30:01+00:00,2026-06-14 10:11:28+00:00,2026-06-14 10:11:29+00:00,2026-06-14 10:26:29+00:00,,,FIB_RETRACE,boom:FIB_RETRACE:2026-06-14T10:00:00+00:00,1,5422.716007999999,5425.063304,5421.680972285713,5431.189,4.140142857142954,5425.049,5437.75,completed,time,False,False,1.5338842690037968,1.4838842690037968,15.0
2026-06-15 05:30:00+00:00,2026-06-15 05:31:00+00:00,2026-06-15 05:45:00+00:00,2026-06-15 06:00:01+00:00,,,2026-06-15 05:45:00+00:00,,,FIB_RETRACE,boom:FIB_RETRACE:2026-06-15T05:30:00+00:00,1,5359.480192,5366.339296,5358.006656285715,5388.667,5.8941428571427945,,,expired,no_observed_touch,False,False,,,
2026-06-15 19:00:00+00:00,2026-06-15 19:01:00+00:00,2026-06-15 19:15:00+00:00,2026-06-15 19:30:01+00:00,,,2026-06-15 19:15:00+00:00,,,FIB_RETRACE,boom:FIB_RETRACE:2026-06-15T19:00:00+00:00,1,5329.379784,5333.454792,5328.262194714285,5346.271,4.470357142857016,,,expired,no_observed_touch,False,False,,,
2026-06-18 06:00:00+00:00,2026-06-18 06:01:00+00:00,2026-06-18 06:15:00+00:00,2026-06-18 06:30:01+00:00,,,2026-06-18 06:15:00+00:00,,,FIB_RETRACE,boom:FIB_RETRACE:2026-06-18T06:00:00+00:00,1,5197.334908,5202.261004,5196.064425857143,5218.541,5.081928571428501,,,expired,no_observed_touch,False,False,,,
2026-06-18 09:00:00+00:00,2026-06-18 09:01:00+00:00,2026-06-18 09:15:00+00:00,2026-06-18 09:30:01+00:00,,,2026-06-18 09:15:00+00:00,,,FIB_RETRACE,boom:FIB_RETRACE:2026-06-18T09:00:00+00:00,1,5193.185188,5196.770644,5192.011241571429,5207.644,4.695785714285778,,,expired,no_observed_touch,False,False,,,
2026-06-19 16:30:00+00:00,2026-06-19 16:31:00+00:00,2026-06-19 16:45:00+00:00,2026-06-19 17:00:01+00:00,,,2026-06-19 16:45:00+00:00,,,FIB_RETRACE,boom:FIB_RETRACE:2026-06-19T16:30:00+00:00,1,5210.763854,5217.023702,5209.375550428571,5239.345,5.553214285714408,,,expired,no_observed_touch,False,False,,,
2026-06-19 18:00:00+00:00,2026-06-19 18:01:00+00:00,2026-06-19 18:15:00+00:00,2026-06-19 18:30:01+00:00,,,2026-06-19 18:15:00+00:00,,,FIB_RETRACE,boom:FIB_RETRACE:2026-06-19T18:00:00+00:00,1,5264.6792479999995,5269.237424,5263.286605142856,5282.768,5.570571428571839,,,expired,no_observed_touch,False,False,,,
2026-06-19 18:30:00+00:00,2026-06-19 18:31:00+00:00,2026-06-19 18:45:00+00:00,2026-06-19 19:00:01+00:00,,,2026-06-19 18:45:00+00:00,,,FIB_RETRACE,boom:FIB_RETRACE:2026-06-19T18:30:00+00:00,1,5282.808236,5287.9614679999995,5281.196343142857,5304.683,6.447571428571597,,,expired,no_observed_touch,False,False,,,
2026-06-19 19:00:00+00:00,2026-06-19 19:01:00+00:00,2026-06-19 19:15:00+00:00,2026-06-19 19:30:01+00:00,,,2026-06-19 19:15:00+00:00,,,FIB_RETRACE,boom:FIB_RETRACE:2026-06-19T19:00:00+00:00,1,5289.012216,5295.605208,5287.448805285714,5317.706,6.25364285714295,,,expired,no_observed_touch,False,False,,,
2026-06-20 12:00:00+00:00,2026-06-20 12:01:00+00:00,2026-06-20 12:15:00+00:00,2026-06-20 12:30:01+00:00,,,2026-06-20 12:15:00+00:00,,,FIB_RETRACE,boom:FIB_RETRACE:2026-06-20T12:00:00+00:00,1,5225.889126,5230.645038000001,5224.546411714286,5247.821,5.370857142857078,,,expired,no_observed_touch,False,False,,,
2026-06-21 13:30:00+00:00,2026-06-21 13:31:00+00:00,2026-06-21 13:45:00+00:00,2026-06-21 14:00:01+00:00,,,2026-06-21 13:45:00+00:00,,,FIB_RETRACE,boom:FIB_RETRACE:2026-06-21T13:30:00+00:00,1,5208.725316,5212.235508,5207.5094767142855,5222.521,4.8633571428572395,,,expired,no_observed_touch,False,False,,,
2026-06-21 16:30:00+00:00,2026-06-21 16:31:00+00:00,2026-06-21 16:45:00+00:00,2026-06-21 17:00:01+00:00,,,2026-06-21 16:45:00+00:00,,,FIB_RETRACE,boom:FIB_RETRACE:2026-06-21T16:30:00+00:00,1,5224.200216,5228.021208,5222.887412428571,5241.219,5.2512142857143385,,,expired,no_observed_touch,False,False,,,
2026-06-22 05:30:00+00:00,2026-06-22 05:31:00+00:00,2026-06-22 05:45:00+00:00,2026-06-22 06:00:01+00:00,,,2026-06-22 05:45:00+00:00,,,FIB_RETRACE,boom:FIB_RETRACE:2026-06-22T05:30:00+00:00,1,5186.545344,5191.467072,5185.185165428572,5208.558,5.440714285714291,,,expired,no_observed_touch,False,False,,,
2026-06-22 23:00:00+00:00,2026-06-22 23:01:00+00:00,2026-06-22 23:15:00+00:00,2026-06-22 23:30:01+00:00,,,2026-06-22 23:15:00+00:00,,,FIB_RETRACE,boom:FIB_RETRACE:2026-06-22T23:00:00+00:00,1,5143.442934,5147.891742,5142.170451857142,5162.42,5.089928571428508,,,expired,no_observed_touch,False,False,,,
2026-06-22 23:30:00+00:00,2026-06-22 23:31:00+00:00,2026-06-22 23:45:00+00:00,2026-06-23 00:00:01+00:00,,,2026-06-22 23:45:00+00:00,,,FIB_RETRACE,boom:FIB_RETRACE:2026-06-22T23:30:00+00:00,1,5158.122858,5166.900354,5156.493768714286,5197.807,6.516357142857227,,,expired,no_observed_touch,False,False,,,
2026-06-23 10:00:00+00:00,2026-06-23 10:01:00+00:00,2026-06-23 10:15:00+00:00,2026-06-23 10:30:01+00:00,,,2026-06-23 10:15:00+00:00,,,FIB_RETRACE,boom:FIB_RETRACE:2026-06-23T10:00:00+00:00,1,5127.455364,5132.953332,5126.1285961428575,5153.079,5.307071428571297,,,expired,no_observed_touch,False,False,,,
2026-06-23 13:00:00+00:00,2026-06-23 13:01:00+00:00,2026-06-23 13:15:00+00:00,2026-06-23 13:30:01+00:00,,,2026-06-23 13:15:00+00:00,,,FIB_RETRACE,boom:FIB_RETRACE:2026-06-23T13:00:00+00:00,1,5171.43758,5177.90054,5169.797187142857,5201.524,6.561571428571369,,,expired,no_observed_touch,False,False,,,
2026-06-23 14:00:00+00:00,2026-06-23 14:01:00+00:00,2026-06-23 14:15:00+00:00,2026-06-23 14:30:01+00:00,,,2026-06-23 14:15:00+00:00,,,FIB_RETRACE,boom:FIB_RETRACE:2026-06-23T14:00:00+00:00,1,5201.8256360000005,5205.651668,5200.5473681428575,5214.835,5.113071428571272,,,expired,no_observed_touch,False,False,,,
2026-06-23 17:00:00+00:00,2026-06-23 17:01:00+00:00,2026-06-23 17:15:00+00:00,2026-06-23 17:30:01+00:00,,,2026-06-23 17:15:00+00:00,,,FIB_RETRACE,boom:FIB_RETRACE:2026-06-23T17:00:00+00:00,1,5192.3306059999995,5197.644278,5191.089838142857,5216.44,4.963071428571506,,,expired,no_observed_touch,False,False,,,
2026-06-23 17:30:00+00:00,2026-06-23 17:31:00+00:00,2026-06-23 17:45:00+00:00,2026-06-23 18:00:01+00:00,,,2026-06-23 17:45:00+00:00,,,FIB_RETRACE,boom:FIB_RETRACE:2026-06-23T17:30:00+00:00,1,5192.737206,5198.370078,5191.407741714285,5217.73,5.317857142857195,,,expired,no_observed_touch,False,False,,,
2026-06-24 14:30:00+00:00,2026-06-24 14:31:00+00:00,2026-06-24 14:45:00+00:00,2026-06-24 15:00:01+00:00,,,2026-06-24 14:45:00+00:00,,,FIB_RETRACE,boom:FIB_RETRACE:2026-06-24T14:30:00+00:00,1,5130.727842,5137.666746,5129.197770571429,5163.12,6.120285714285858,,,expired,no_observed_touch,False,False,,,
2026-06-24 15:00:00+00:00,2026-06-24 15:01:00+00:00,2026-06-24 15:15:00+00:00,2026-06-24 15:30:01+00:00,,,2026-06-24 15:15:00+00:00,,,FIB_RETRACE,boom:FIB_RETRACE:2026-06-24T15:00:00+00:00,1,5149.036779999999,5155.4661399999995,5147.316262142856,5177.722,6.88207142857144,,,expired,no_observed_touch,False,False,,,
2026-06-24 17:30:00+00:00,2026-06-24 17:31:00+00:00,2026-06-24 17:45:00+00:00,2026-06-24 18:00:01+00:00,,,2026-06-24 17:45:00+00:00,,,FIB_RETRACE,boom:FIB_RETRACE:2026-06-24T17:30:00+00:00,1,5174.758608,5177.257104,5173.626161571428,5184.651,4.529785714285741,,,expired,no_observed_touch,False,False,,,
2026-06-25 04:30:00+00:00,2026-06-25 04:31:00+00:00,2026-06-25 04:45:00+00:00,2026-06-25 05:00:01+00:00,,,2026-06-25 04:45:00+00:00,,,FIB_RETRACE,boom:FIB_RETRACE:2026-06-25T04:30:00+00:00,1,5202.349388,5205.313244,5201.015138,5215.537,5.336999999999924,,,expired,no_observed_touch,False,False,,,
2026-06-26 04:00:00+00:00,2026-06-26 04:01:00+00:00,2026-06-26 04:15:00+00:00,2026-06-26 04:30:01+00:00,,,2026-06-26 04:15:00+00:00,,,FIB_RETRACE,boom:FIB_RETRACE:2026-06-26T04:00:00+00:00,1,5220.597942,5225.294046,5219.145584857143,5242.089,5.80942857142866,,,expired,no_observed_touch,False,False,,,
2026-06-26 05:30:00+00:00,2026-06-26 05:31:00+00:00,2026-06-26 05:45:00+00:00,2026-06-26 06:00:01+00:00,,,2026-06-26 05:45:00+00:00,,,FIB_RETRACE,boom:FIB_RETRACE:2026-06-26T05:30:00+00:00,1,5256.655299999999,5263.4509,5255.196835714285,5286.422,5.833857142857141,,,expired,no_observed_touch,False,False,,,
2026-06-26 07:00:00+00:00,2026-06-26 07:01:00+00:00,2026-06-26 07:15:00+00:00,2026-06-26 07:30:01+00:00,,,2026-06-26 07:15:00+00:00,,,FIB_RETRACE,boom:FIB_RETRACE:2026-06-26T07:00:00+00:00,1,5287.451518,5292.396934,5286.0660179999995,5310.528,5.541999999999981,,,expired,no_observed_touch,False,False,,,
2026-06-26 07:30:00+00:00,2026-06-26 07:31:00+00:00,2026-06-26 07:45:00+00:00,2026-06-26 08:00:01+00:00,,,2026-06-26 07:45:00+00:00,,,FIB_RETRACE,boom:FIB_RETRACE:2026-06-26T07:30:00+00:00,1,5301.469368,5308.056984,5299.914350142857,5330.419,6.220071428571373,,,expired,no_observed_touch,False,False,,,
2026-06-27 01:00:00+00:00,2026-06-27 01:01:00+00:00,2026-06-27 01:15:00+00:00,2026-06-27 01:30:01+00:00,,,2026-06-27 01:15:00+00:00,,,FIB_RETRACE,boom:FIB_RETRACE:2026-06-27T01:00:00+00:00,1,5342.746722,5346.564186,5341.646811285714,5357.977,4.3996428571430055,,,expired,no_observed_touch,False,False,,,
2026-06-27 04:00:00+00:00,2026-06-27 04:01:00+00:00,2026-06-27 04:15:00+00:00,2026-06-27 04:30:01+00:00,,,2026-06-27 04:15:00+00:00,,,FIB_RETRACE,boom:FIB_RETRACE:2026-06-27T04:00:00+00:00,1,5343.564194,5351.136122,5341.8175868571425,5378.026,6.986428571428665,,,expired,no_observed_touch,False,False,,,
2026-06-27 08:30:00+00:00,2026-06-27 08:31:00+00:00,2026-06-27 08:45:00+00:00,2026-06-27 09:00:01+00:00,,,2026-06-27 08:45:00+00:00,,,FIB_RETRACE,boom:FIB_RETRACE:2026-06-27T08:30:00+00:00,1,5369.630328,5374.561464,5367.791203,5390.279,7.356499999999999,,,expired,no_observed_touch,False,False,,,
2026-06-28 07:00:00+00:00,2026-06-28 07:01:00+00:00,2026-06-28 07:15:00+00:00,2026-06-28 07:30:01+00:00,,,2026-06-28 07:15:00+00:00,,,FIB_RETRACE,boom:FIB_RETRACE:2026-06-28T07:00:00+00:00,1,5469.341992,5475.898696,5467.712688428571,5498.108,6.517214285714284,,,expired,no_observed_touch,False,False,,,
2026-06-28 08:00:00+00:00,2026-06-28 08:01:00+00:00,2026-06-28 08:15:00+00:00,2026-06-28 08:30:01+00:00,,,2026-06-28 08:15:00+00:00,,,FIB_RETRACE,boom:FIB_RETRACE:2026-06-28T08:00:00+00:00,1,5489.83016,5493.60008,5488.426820714286,5505.166,5.6133571428572395,,,expired,no_observed_touch,False,False,,,
2026-06-28 08:30:00+00:00,2026-06-28 08:31:00+00:00,2026-06-28 08:45:00+00:00,2026-06-28 09:00:01+00:00,,,2026-06-28 08:45:00+00:00,,,FIB_RETRACE,boom:FIB_RETRACE:2026-06-28T08:30:00+00:00,1,5494.9623440000005,5500.220072,5493.349576142858,5517.881,6.45107142857153,,,expired,no_observed_touch,False,False,,,
2026-06-28 11:30:00+00:00,2026-06-28 11:31:00+00:00,2026-06-28 11:45:00+00:00,2026-06-28 12:00:01+00:00,,,2026-06-28 11:45:00+00:00,,,FIB_RETRACE,boom:FIB_RETRACE:2026-06-28T11:30:00+00:00,1,5527.11913,5532.79669,5525.434969285714,5553.001,6.736642857142864,,,expired,no_observed_touch,False,False,,,
2026-06-28 17:30:00+00:00,2026-06-28 17:31:00+00:00,2026-06-28 17:45:00+00:00,2026-06-28 18:00:01+00:00,,,2026-06-28 17:45:00+00:00,,,FIB_RETRACE,boom:FIB_RETRACE:2026-06-28T17:30:00+00:00,1,5550.449206,5555.410078,5549.077116714286,5571.932,5.48835714285711,,,expired,no_observed_touch,False,False,,,
2026-06-28 18:30:00+00:00,2026-06-28 18:31:00+00:00,2026-06-28 18:45:00+00:00,2026-06-28 19:00:01+00:00,,,2026-06-28 18:45:00+00:00,,,FIB_RETRACE,boom:FIB_RETRACE:2026-06-28T18:30:00+00:00,1,5571.483026,5575.7097380000005,5570.035526,5588.615,5.7900000000000285,,,expired,no_observed_touch,False,False,,,
2026-06-28 21:00:00+00:00,2026-06-28 21:01:00+00:00,2026-06-28 21:15:00+00:00,2026-06-28 21:30:01+00:00,,,2026-06-28 21:15:00+00:00,,,FIB_RETRACE,boom:FIB_RETRACE:2026-06-28T21:00:00+00:00,1,5565.662774,5571.885662,5564.263845428572,5593.143,5.595714285714361,,,expired,no_observed_touch,False,False,,,
2026-06-29 12:00:00+00:00,2026-06-29 12:01:00+00:00,2026-06-29 12:15:00+00:00,2026-06-29 12:30:01+00:00,,,2026-06-29 12:15:00+00:00,,,FIB_RETRACE,boom:FIB_RETRACE:2026-06-29T12:00:00+00:00,1,5547.943883999999,5552.212092,5546.470009,5567.439,5.895500000000019,,,expired,no_observed_touch,False,False,,,
2026-06-29 13:30:00+00:00,2026-06-29 13:31:00+00:00,2026-06-29 13:45:00+00:00,2026-06-29 14:00:01+00:00,,,2026-06-29 13:45:00+00:00,,,FIB_RETRACE,boom:FIB_RETRACE:2026-06-29T13:30:00+00:00,1,5569.522032000001,5575.131216000001,5568.026299857143,5595.129,5.982928571428537,,,expired,no_observed_touch,False,False,,,
2026-06-30 16:30:00+00:00,2026-06-30 16:31:00+00:00,2026-06-30 16:45:00+00:00,2026-06-30 17:00:01+00:00,,,2026-06-30 16:45:00+00:00,,,FIB_RETRACE,boom:FIB_RETRACE:2026-06-30T16:30:00+00:00,1,5532.3301,5535.3793,5531.127439285714,5546.327,4.810642857142868,,,expired,no_observed_touch,False,False,,,
2026-06-30 17:00:00+00:00,2026-06-30 17:01:00+00:00,2026-06-30 17:15:00+00:00,2026-06-30 17:30:01+00:00,,,2026-06-30 17:15:00+00:00,,,FIB_RETRACE,boom:FIB_RETRACE:2026-06-30T17:00:00+00:00,1,5541.027247999999,5545.921424,5539.660480142857,5563.547,5.467071428571477,,,expired,no_observed_touch,False,False,,,
2026-07-01 12:00:00+00:00,2026-07-01 12:01:00+00:00,2026-07-01 12:15:00+00:00,2026-07-01 12:30:01+00:00,,,2026-07-01 12:15:00+00:00,,,FIB_RETRACE,boom:FIB_RETRACE:2026-07-01T12:00:00+00:00,1,5436.0538240000005,5443.549312,5434.323806142857,5469.019,6.920071428571321,,,expired,no_observed_touch,False,False,,,
2026-07-01 15:00:00+00:00,2026-07-01 15:01:00+00:00,2026-07-01 15:15:00+00:00,2026-07-01 15:30:01+00:00,,,2026-07-01 15:15:00+00:00,,,FIB_RETRACE,boom:FIB_RETRACE:2026-07-01T15:00:00+00:00,1,5451.091334,5460.092942,5449.397851857143,5492.968,6.773928571428639,,,expired,no_observed_touch,False,False,,,
2026-07-02 14:00:00+00:00,2026-07-02 14:01:00+00:00,2026-07-02 14:15:00+00:00,2026-07-02 14:30:01+00:00,,,2026-07-02 14:15:00+00:00,,,FIB_RETRACE,boom:FIB_RETRACE:2026-07-02T14:00:00+00:00,1,5430.743224,5433.803512,5429.556152571428,5445.013,4.748285714285755,,,expired,no_observed_touch,False,False,,,
2026-07-03 04:00:00+00:00,2026-07-03 04:01:00+00:00,2026-07-03 04:15:00+00:00,2026-07-03 04:30:01+00:00,,,2026-07-03 04:15:00+00:00,,,FIB_RETRACE,boom:FIB_RETRACE:2026-07-03T04:00:00+00:00,1,5389.387828,5394.3609639999995,5387.993417285714,5410.191,5.577642857142889,,,expired,no_observed_touch,False,False,,,
2026-07-03 10:30:00+00:00,2026-07-03 10:31:00+00:00,2026-07-03 10:45:00+00:00,2026-07-03 11:00:01+00:00,,,2026-07-03 10:45:00+00:00,,,FIB_RETRACE,boom:FIB_RETRACE:2026-07-03T10:30:00+00:00,1,5408.843032000001,5411.7642160000005,5407.657157000001,5416.213,4.74350000000004,,,expired,no_observed_touch,False,False,,,
2026-07-04 11:00:00+00:00,2026-07-04 11:01:00+00:00,2026-07-04 11:15:00+00:00,2026-07-04 11:30:01+00:00,,,2026-07-04 11:15:00+00:00,,,FIB_RETRACE,boom:FIB_RETRACE:2026-07-04T11:00:00+00:00,1,5434.833922000001,5442.145786,5433.271832714287,5468.685,6.248357142857198,,,expired,no_observed_touch,False,False,,,
2026-07-04 13:30:00+00:00,2026-07-04 13:31:00+00:00,2026-07-04 13:45:00+00:00,2026-07-04 14:00:01+00:00,,,2026-07-04 13:45:00+00:00,,,FIB_RETRACE,boom:FIB_RETRACE:2026-07-04T13:30:00+00:00,1,5431.703894,5438.612222,5430.2171261428575,5461.938,5.9470714285713,,,expired,no_observed_touch,False,False,,,
2026-07-04 14:00:00+00:00,2026-07-04 14:01:00+00:00,2026-07-04 14:15:00+00:00,2026-07-04 14:30:01+00:00,,,2026-07-04 14:15:00+00:00,,,FIB_RETRACE,boom:FIB_RETRACE:2026-07-04T14:00:00+00:00,1,5449.1381599999995,5452.3200799999995,5448.029624285714,5457.31,4.434142857142758,,,expired,no_observed_touch,False,False,,,
2026-07-05 03:30:00+00:00,2026-07-05 03:31:00+00:00,2026-07-05 03:45:00+00:00,2026-07-05 04:00:01+00:00,,,2026-07-05 03:45:00+00:00,,,FIB_RETRACE,boom:FIB_RETRACE:2026-07-05T03:30:00+00:00,1,5498.686872,5505.398136,5497.091764857143,5527.821,6.380428571428508,,,expired,no_observed_touch,False,False,,,
2026-07-05 06:00:00+00:00,2026-07-05 06:01:00+00:00,2026-07-05 06:15:00+00:00,2026-07-05 06:30:01+00:00,,,2026-07-05 06:15:00+00:00,,,FIB_RETRACE,boom:FIB_RETRACE:2026-07-05T06:00:00+00:00,1,5545.178022,5549.491086,5543.877111285714,5562.377,5.203642857142833,,,expired,no_observed_touch,False,False,,,
2026-07-06 19:00:00+00:00,2026-07-06 19:01:00+00:00,2026-07-06 19:15:00+00:00,2026-07-06 19:30:01+00:00,,,2026-07-06 19:15:00+00:00,,,FIB_RETRACE,boom:FIB_RETRACE:2026-07-06T19:00:00+00:00,1,5442.7750399999995,5446.19552,5441.6593435714285,5457.275,4.462785714285799,,,expired,no_observed_touch,False,False,,,
2026-07-08 01:30:00+00:00,2026-07-08 01:31:00+00:00,2026-07-08 01:45:00+00:00,2026-07-08 02:00:01+00:00,,,2026-07-08 01:45:00+00:00,,,FIB_RETRACE,boom:FIB_RETRACE:2026-07-08T01:30:00+00:00,1,5454.072526,5459.601238,5452.628490285714,5479.479,5.7761428571427915,,,expired,no_observed_touch,False,False,,,
2026-07-08 03:00:00+00:00,2026-07-08 03:01:00+00:00,2026-07-08 03:15:00+00:00,2026-07-08 03:30:01+00:00,,,2026-07-08 03:15:00+00:00,,,FIB_RETRACE,boom:FIB_RETRACE:2026-07-08T03:00:00+00:00,1,5465.601514,5469.625282,5464.296192571429,5482.589,5.221285714285776,,,expired,no_observed_touch,False,False,,,
2026-07-08 03:30:00+00:00,2026-07-08 03:31:00+00:00,2026-07-08 03:45:00+00:00,2026-07-08 04:00:01+00:00,,,2026-07-08 03:45:00+00:00,,,FIB_RETRACE,boom:FIB_RETRACE:2026-07-08T03:30:00+00:00,1,5466.200446,5470.096198,5464.903338857142,5481.661,5.188428571428566,,,expired,no_observed_touch,False,False,,,
2026-07-09 14:00:00+00:00,2026-07-09 14:01:00+00:00,2026-07-09 14:15:00+00:00,2026-07-09 14:30:01+00:00,,,2026-07-09 14:15:00+00:00,,,FIB_RETRACE,boom:FIB_RETRACE:2026-07-09T14:00:00+00:00,1,5458.56253,5464.17289,5457.2914764285715,5484.43,5.084214285714292,,,expired,no_observed_touch,False,False,,,
2026-07-09 20:00:00+00:00,2026-07-09 20:01:00+00:00,2026-07-09 20:15:00+00:00,2026-07-09 20:30:01+00:00,,,2026-07-09 20:15:00+00:00,,,FIB_RETRACE,boom:FIB_RETRACE:2026-07-09T20:00:00+00:00,1,5460.353818,5468.062834,5458.8277822857135,5494.209,6.104142857142896,,,expired,no_observed_touch,False,False,,,
2026-07-11 09:30:00+00:00,2026-07-11 09:31:00+00:00,2026-07-11 09:45:00+00:00,2026-07-11 10:00:01+00:00,,,2026-07-11 09:45:00+00:00,,,FIB_RETRACE,boom:FIB_RETRACE:2026-07-11T09:30:00+00:00,1,5418.575648,5423.822623999999,5417.184523,5439.809,5.564499999999953,,,expired,no_observed_touch,False,False,,,
2026-07-13 02:00:00+00:00,2026-07-13 02:01:00+00:00,2026-07-13 02:15:00+00:00,2026-07-13 02:30:01+00:00,,,2026-07-13 02:15:00+00:00,,,FIB_RETRACE,boom:FIB_RETRACE:2026-07-13T02:00:00+00:00,1,5376.3804039999995,5381.014852,5375.041475428571,5397.963,5.3557142857143845,,,expired,no_observed_touch,False,False,,,
2026-07-13 16:00:00+00:00,2026-07-13 16:01:00+00:00,2026-07-13 16:15:00+00:00,2026-07-13 16:30:01+00:00,,,2026-07-13 16:15:00+00:00,,,FIB_RETRACE,boom:FIB_RETRACE:2026-07-13T16:00:00+00:00,1,5355.132844,5366.060571999999,5353.338933285714,5405.368,7.175642857142781,,,expired,no_observed_touch,False,False,,,
2026-07-14 09:00:00+00:00,2026-07-14 09:01:00+00:00,2026-07-14 09:15:00+00:00,2026-07-14 09:30:01+00:00,,,2026-07-14 09:15:00+00:00,,,FIB_RETRACE,boom:FIB_RETRACE:2026-07-14T09:00:00+00:00,1,5326.689496,5332.7818480000005,5325.224549571429,5353.935,5.859785714285733,,,expired,no_observed_touch,False,False,,,
2026-07-14 14:00:00+00:00,2026-07-14 14:01:00+00:00,2026-07-14 14:15:00+00:00,2026-07-14 14:30:01+00:00,,,2026-07-14 14:15:00+00:00,,,FIB_RETRACE,boom:FIB_RETRACE:2026-07-14T14:00:00+00:00,1,5321.711964,5326.269132,5320.357749714286,5341.958,5.416857142857225,,,expired,no_observed_touch,False,False,,,
2026-07-15 07:00:00+00:00,2026-07-15 07:01:00+00:00,2026-07-15 07:15:00+00:00,2026-07-15 07:30:01+00:00,,,2026-07-15 07:15:00+00:00,,,FIB_RETRACE,boom:FIB_RETRACE:2026-07-15T07:00:00+00:00,1,5340.693499999999,5344.0115,5339.599714285714,5354.677,4.375142857142821,,,expired,no_observed_touch,False,False,,,
2026-07-16 02:00:00+00:00,2026-07-16 02:01:00+00:00,2026-07-16 02:15:00+00:00,2026-07-16 02:30:01+00:00,,,2026-07-16 02:15:00+00:00,,,FIB_RETRACE,boom:FIB_RETRACE:2026-07-16T02:00:00+00:00,1,5384.71808,5388.61904,5383.482454999999,5402.632,4.9424999999999795,,,expired,no_observed_touch,False,False,,,
2026-07-16 05:00:00+00:00,2026-07-16 05:01:00+00:00,2026-07-16 05:15:00+00:00,2026-07-16 05:30:01+00:00,2026-07-16 05:03:35+00:00,2026-07-16 05:03:36+00:00,2026-07-16 05:18:36+00:00,,,FIB_RETRACE,boom:FIB_RETRACE:2026-07-16T05:00:00+00:00,1,5444.135584000001,5445.892192,5442.6029232857145,5447.807,6.130642857142773,5445.863,5437.855,completed,time,False,False,-0.6531125843247133,-0.7031125843247134,15.0
2026-07-16 16:00:00+00:00,2026-07-16 16:01:00+00:00,2026-07-16 16:15:00+00:00,2026-07-16 16:30:01+00:00,,,2026-07-16 16:15:00+00:00,,,FIB_RETRACE,boom:FIB_RETRACE:2026-07-16T16:00:00+00:00,1,5370.099426,5377.954938,5368.540836714285,5405.35,6.234357142857269,,,expired,no_observed_touch,False,False,,,
2026-07-17 13:00:00+00:00,2026-07-17 13:01:00+00:00,2026-07-17 13:15:00+00:00,2026-07-17 13:30:01+00:00,,,2026-07-17 13:15:00+00:00,,,FIB_RETRACE,boom:FIB_RETRACE:2026-07-17T13:00:00+00:00,1,5340.543104,5346.025952,5339.317139714286,5364.476,4.90385714285724,,,expired,no_observed_touch,False,False,,,
2026-07-17 13:30:00+00:00,2026-07-17 13:31:00+00:00,2026-07-17 13:45:00+00:00,2026-07-17 14:00:01+00:00,,,2026-07-17 13:45:00+00:00,,,FIB_RETRACE,boom:FIB_RETRACE:2026-07-17T13:30:00+00:00,1,5349.633264,5355.946032,5348.064121142857,5378.798,6.2765714285716445,,,expired,no_observed_touch,False,False,,,
2026-07-17 17:00:00+00:00,2026-07-17 17:01:00+00:00,2026-07-17 17:15:00+00:00,2026-07-17 17:30:01+00:00,,,2026-07-17 17:15:00+00:00,,,FIB_RETRACE,boom:FIB_RETRACE:2026-07-17T17:00:00+00:00,1,5376.968118,5382.400734,5375.555296571429,5400.454,5.651285714285677,,,expired,no_observed_touch,False,False,,,
2026-07-17 19:30:00+00:00,2026-07-17 19:31:00+00:00,2026-07-17 19:45:00+00:00,2026-07-17 20:00:01+00:00,,,2026-07-17 19:45:00+00:00,,,FIB_RETRACE,boom:FIB_RETRACE:2026-07-17T19:30:00+00:00,1,5406.514484,5415.133892,5404.8991804285715,5445.294,6.46121428571431,,,expired,no_observed_touch,False,False,,,
2026-07-17 20:00:00+00:00,2026-07-17 20:01:00+00:00,2026-07-17 20:15:00+00:00,2026-07-17 20:30:01+00:00,,,2026-07-17 20:15:00+00:00,,,FIB_RETRACE,boom:FIB_RETRACE:2026-07-17T20:00:00+00:00,1,5416.920284,5424.733292,5415.3725161428565,5448.363,6.191071428571506,,,expired,no_observed_touch,False,False,,,
2026-07-18 23:00:00+00:00,2026-07-18 23:01:00+00:00,2026-07-18 23:15:00+00:00,2026-07-18 23:30:01+00:00,,,2026-07-18 23:15:00+00:00,,,FIB_RETRACE,boom:FIB_RETRACE:2026-07-18T23:00:00+00:00,1,5432.143456,5438.427328,5430.646741714286,5460.001,5.986857142856999,,,expired,no_observed_touch,False,False,,,
2026-07-19 12:00:00+00:00,2026-07-19 12:01:00+00:00,2026-07-19 12:15:00+00:00,2026-07-19 12:30:01+00:00,,,2026-07-19 12:15:00+00:00,,,FIB_RETRACE,boom:FIB_RETRACE:2026-07-19T12:00:00+00:00,1,5405.5350339999995,5409.001042,5404.173855428571,5420.214,5.444714285714197,,,expired,no_observed_touch,False,False,,,
2026-07-19 14:00:00+00:00,2026-07-19 14:01:00+00:00,2026-07-19 14:15:00+00:00,2026-07-19 14:30:01+00:00,,,2026-07-19 14:15:00+00:00,,,FIB_RETRACE,boom:FIB_RETRACE:2026-07-19T14:00:00+00:00,1,5397.071126000001,5400.735038,5395.924322428572,5412.911,4.587214285714124,,,expired,no_observed_touch,False,False,,,
2026-07-20 20:00:00+00:00,2026-07-20 20:01:00+00:00,2026-07-20 20:15:00+00:00,2026-07-20 20:30:01+00:00,2026-07-20 20:07:49+00:00,2026-07-20 20:07:50+00:00,2026-07-20 20:22:50+00:00,,,FIB_RETRACE,boom:FIB_RETRACE:2026-07-20T20:00:00+00:00,1,5317.534158,5320.591254,5316.431925857143,5324.72,4.4089285714285325,5320.576,5312.813,completed,time,False,False,-0.8803726204941259,-0.930372620494126,15.0
2026-07-20 22:00:00+00:00,2026-07-20 22:01:00+00:00,2026-07-20 22:15:00+00:00,2026-07-20 22:30:01+00:00,,,2026-07-20 22:15:00+00:00,,,FIB_RETRACE,boom:FIB_RETRACE:2026-07-20T22:00:00+00:00,1,5317.836608,5321.679104,5316.623786571428,5334.686,4.851285714285821,,,expired,no_observed_touch,False,False,,,
2026-07-20 22:30:00+00:00,2026-07-20 22:31:00+00:00,2026-07-20 22:45:00+00:00,2026-07-20 23:00:01+00:00,,,2026-07-20 22:45:00+00:00,,,FIB_RETRACE,boom:FIB_RETRACE:2026-07-20T22:30:00+00:00,1,5317.836608,5321.679104,5316.675679428571,5328.126,4.6437142857143305,,,expired,no_observed_touch,False,False,,,
2026-07-20 23:00:00+00:00,2026-07-20 23:01:00+00:00,2026-07-20 23:15:00+00:00,2026-07-20 23:30:01+00:00,,,2026-07-20 23:15:00+00:00,,,FIB_RETRACE,boom:FIB_RETRACE:2026-07-20T23:00:00+00:00,1,5330.2625,5336.1005000000005,5328.859339285714,5355.177,5.612642857143003,,,expired,no_observed_touch,False,False,,,
2026-07-21 04:00:00+00:00,2026-07-21 04:01:00+00:00,2026-07-21 04:15:00+00:00,2026-07-21 04:30:01+00:00,,,2026-07-21 04:15:00+00:00,,,FIB_RETRACE,boom:FIB_RETRACE:2026-07-21T04:00:00+00:00,1,5340.251292,5344.363596,5338.959434857143,5356.696,5.167428571428445,,,expired,no_observed_touch,False,False,,,
2026-07-21 05:00:00+00:00,2026-07-21 05:01:00+00:00,2026-07-21 05:15:00+00:00,2026-07-21 05:30:01+00:00,,,2026-07-21 05:15:00+00:00,,,FIB_RETRACE,boom:FIB_RETRACE:2026-07-21T05:00:00+00:00,1,5354.466134,5357.621342,5353.101116142858,5368.357,5.460071428571545,,,expired,no_observed_touch,False,False,,,
2026-07-22 17:00:00+00:00,2026-07-22 17:01:00+00:00,2026-07-22 17:15:00+00:00,2026-07-22 17:30:01+00:00,,,2026-07-22 17:15:00+00:00,,,FIB_RETRACE,boom:FIB_RETRACE:2026-07-22T17:00:00+00:00,1,5479.505328,5483.512463999999,5478.3812744285715,5497.42,4.496214285714359,,,expired,no_observed_touch,False,False,,,
2026-07-22 20:00:00+00:00,2026-07-22 20:01:00+00:00,2026-07-22 20:15:00+00:00,2026-07-22 20:30:01+00:00,,,2026-07-22 20:15:00+00:00,,,FIB_RETRACE,boom:FIB_RETRACE:2026-07-22T20:00:00+00:00,1,5482.335746,5487.147098,5480.996799571429,5504.046,5.355785714285632,,,expired,no_observed_touch,False,False,,,
2026-07-24 00:00:00+00:00,2026-07-24 00:01:00+00:00,2026-07-24 00:15:00+00:00,2026-07-24 00:30:01+00:00,,,2026-07-24 00:15:00+00:00,,,FIB_RETRACE,boom:FIB_RETRACE:2026-07-24T00:00:00+00:00,1,5469.360588,5474.558843999999,5468.103123714285,5492.876,5.029857142857119,,,expired,no_observed_touch,False,False,,,
2026-07-24 01:00:00+00:00,2026-07-24 01:01:00+00:00,2026-07-24 01:15:00+00:00,2026-07-24 01:30:01+00:00,,,2026-07-24 01:15:00+00:00,,,FIB_RETRACE,boom:FIB_RETRACE:2026-07-24T01:00:00+00:00,1,5498.784291999999,5508.692596,5496.924149142857,5544.138,7.440571428571535,,,expired,no_observed_touch,False,False,,,
2026-07-24 02:30:00+00:00,2026-07-24 02:31:00+00:00,2026-07-24 02:45:00+00:00,2026-07-24 03:00:01+00:00,,,2026-07-24 02:45:00+00:00,,,FIB_RETRACE,boom:FIB_RETRACE:2026-07-24T02:30:00+00:00,1,5575.692083999999,5579.422692,5574.221976857142,5593.146,5.880428571428638,,,expired,no_observed_touch,False,False,,,
2026-07-24 04:30:00+00:00,2026-07-24 04:31:00+00:00,2026-07-24 04:45:00+00:00,2026-07-24 05:00:01+00:00,,,2026-07-24 04:45:00+00:00,,,FIB_RETRACE,boom:FIB_RETRACE:2026-07-24T04:30:00+00:00,1,5583.933846000001,5592.214398,5582.275167428572,5622.63,6.634714285714251,,,expired,no_observed_touch,False,False,,,
2026-07-26 05:00:00+00:00,2026-07-26 05:01:00+00:00,2026-07-26 05:15:00+00:00,2026-07-26 05:30:01+00:00,,,2026-07-26 05:15:00+00:00,,,FIB_RETRACE,boom:FIB_RETRACE:2026-07-26T05:00:00+00:00,1,5495.649964,5500.039132,5494.236303285715,5515.387,5.654642857142854,,,expired,no_observed_touch,False,False,,,
2026-07-26 05:30:00+00:00,2026-07-26 05:31:00+00:00,2026-07-26 05:45:00+00:00,2026-07-26 06:00:01+00:00,,,2026-07-26 05:45:00+00:00,,,FIB_RETRACE,boom:FIB_RETRACE:2026-07-26T05:30:00+00:00,1,5504.455666,5507.550058,5503.048487428571,5515.934,5.628714285714328,,,expired,no_observed_touch,False,False,,,
2026-07-26 07:00:00+00:00,2026-07-26 07:01:00+00:00,2026-07-26 07:15:00+00:00,2026-07-26 07:30:01+00:00,,,2026-07-26 07:15:00+00:00,,,FIB_RETRACE,boom:FIB_RETRACE:2026-07-26T07:00:00+00:00,1,5499.360554,5503.024802,5498.187500428571,5516.116,4.692214285714207,,,expired,no_observed_touch,False,False,,,
2026-07-27 10:30:00+00:00,2026-07-27 10:31:00+00:00,2026-07-27 10:45:00+00:00,2026-07-27 11:00:01+00:00,,,2026-07-27 10:45:00+00:00,,,FIB_RETRACE,boom:FIB_RETRACE:2026-07-27T10:30:00+00:00,1,5462.09272,5467.63336,5460.650737857142,5487.373,5.767928571428586,,,expired,no_observed_touch,False,False,,,
2026-07-27 17:00:00+00:00,2026-07-27 17:01:00+00:00,2026-07-27 17:15:00+00:00,2026-07-27 17:30:01+00:00,,,2026-07-27 17:15:00+00:00,,,FIB_RETRACE,boom:FIB_RETRACE:2026-07-27T17:00:00+00:00,1,5490.093336,5497.875768,5488.567157428572,5524.901,6.104714285714246,,,expired,no_observed_touch,False,False,,,
2026-07-29 05:00:00+00:00,2026-07-29 05:01:00+00:00,2026-07-29 05:15:00+00:00,2026-07-29 05:30:01+00:00,,,2026-07-29 05:15:00+00:00,,,FIB_RETRACE,boom:FIB_RETRACE:2026-07-29T05:00:00+00:00,1,5437.163636,5447.373668,5435.331778857143,5484.643,7.327428571428625,,,expired,no_observed_touch,False,False,,,
2026-07-29 06:00:00+00:00,2026-07-29 06:01:00+00:00,2026-07-29 06:15:00+00:00,2026-07-29 06:30:01+00:00,,,2026-07-29 06:15:00+00:00,,,FIB_RETRACE,boom:FIB_RETRACE:2026-07-29T06:00:00+00:00,1,5482.870238,5486.888294,5481.368505857144,5499.159,6.006928571428554,,,expired,no_observed_touch,False,False,,,
2026-07-29 06:30:00+00:00,2026-07-29 06:31:00+00:00,2026-07-29 06:45:00+00:00,2026-07-29 07:00:01+00:00,,,2026-07-29 06:45:00+00:00,,,FIB_RETRACE,boom:FIB_RETRACE:2026-07-29T06:30:00+00:00,1,5488.036840000001,5496.11092,5486.386893571429,5524.685,6.599785714285774,,,expired,no_observed_touch,False,False,,,
2026-07-29 09:30:00+00:00,2026-07-29 09:31:00+00:00,2026-07-29 09:45:00+00:00,2026-07-29 10:00:01+00:00,,,2026-07-29 09:45:00+00:00,,,FIB_RETRACE,boom:FIB_RETRACE:2026-07-29T09:30:00+00:00,1,5532.155632,5537.748016,5530.4751855714285,5555.687,6.7217857142857484,,,expired,no_observed_touch,False,False,,,
2026-07-29 10:30:00+00:00,2026-07-29 10:31:00+00:00,2026-07-29 10:45:00+00:00,2026-07-29 11:00:01+00:00,,,2026-07-29 10:45:00+00:00,,,FIB_RETRACE,boom:FIB_RETRACE:2026-07-29T10:30:00+00:00,1,5565.883734,5575.322142,5563.792126857143,5608.196,8.366428571428644,,,expired,no_observed_touch,False,False,,,
2026-07-29 11:00:00+00:00,2026-07-29 11:01:00+00:00,2026-07-29 11:15:00+00:00,2026-07-29 11:30:01+00:00,,,2026-07-29 11:15:00+00:00,,,FIB_RETRACE,boom:FIB_RETRACE:2026-07-29T11:00:00+00:00,1,5581.6728299999995,5588.70279,5579.973704999999,5613.907,6.796499999999924,,,expired,no_observed_touch,False,False,,,
2026-07-30 16:30:00+00:00,2026-07-30 16:31:00+00:00,2026-07-30 16:45:00+00:00,2026-07-30 17:00:01+00:00,,,2026-07-30 16:45:00+00:00,,,FIB_RETRACE,boom:FIB_RETRACE:2026-07-30T16:30:00+00:00,1,5591.873974,5597.475262,5590.395099,5616.04,5.915499999999871,,,expired,no_observed_touch,False,False,,,
2026-07-30 17:00:00+00:00,2026-07-30 17:01:00+00:00,2026-07-30 17:15:00+00:00,2026-07-30 17:30:01+00:00,2026-07-30 17:07:16+00:00,2026-07-30 17:07:17+00:00,2026-07-30 17:22:17+00:00,,,FIB_RETRACE,boom:FIB_RETRACE:2026-07-30T17:00:00+00:00,1,5604.950656,5607.756928,5603.753173857142,5611.867,4.789928571428455,5607.74,5599.59,completed,time,False,False,-0.8507433752367145,-0.9007433752367145,15.0
2026-07-31 16:00:00+00:00,2026-07-31 16:01:00+00:00,2026-07-31 16:15:00+00:00,2026-07-31 16:30:01+00:00,,,2026-07-31 16:15:00+00:00,,,FIB_RETRACE,boom:FIB_RETRACE:2026-07-31T16:00:00+00:00,1,5642.74386,5646.77418,5641.192556428571,5658.91,6.205214285714321,,,expired,no_observed_touch,False,False,,,
2026-08-02 12:00:00+00:00,2026-08-02 12:01:00+00:00,2026-08-02 12:15:00+00:00,2026-08-02 12:30:01+00:00,,,2026-08-02 12:15:00+00:00,,,FIB_RETRACE,boom:FIB_RETRACE:2026-08-02T12:00:00+00:00,1,5506.051844,5518.071572,5503.965236857142,5562.025,8.346428571428532,,,expired,no_observed_touch,False,False,,,
2026-08-02 22:30:00+00:00,2026-08-02 22:31:00+00:00,2026-08-02 22:45:00+00:00,2026-08-02 23:00:01+00:00,,,2026-08-02 22:45:00+00:00,,,FIB_RETRACE,boom:FIB_RETRACE:2026-08-02T22:30:00+00:00,1,5592.552404,5599.034852,5590.878993285714,5622.252,6.693642857142939,,,expired,no_observed_touch,False,False,,,
2026-08-03 03:00:00+00:00,2026-08-03 03:01:00+00:00,2026-08-03 03:15:00+00:00,2026-08-03 03:30:01+00:00,,,2026-08-03 03:15:00+00:00,,,FIB_RETRACE,boom:FIB_RETRACE:2026-08-03T03:00:00+00:00,1,5572.556318,5577.031334,5571.310407285714,5590.889,4.983642857142773,,,expired,no_observed_touch,False,False,,,
2026-08-04 08:00:00+00:00,2026-08-04 08:01:00+00:00,2026-08-04 08:15:00+00:00,2026-08-04 08:30:01+00:00,2026-08-04 08:02:08+00:00,2026-08-04 08:02:09+00:00,2026-08-04 08:17:09+00:00,,,FIB_RETRACE,boom:FIB_RETRACE:2026-08-04T08:00:00+00:00,1,5492.192034,5495.070042,5491.112087571429,5496.343,4.319785714285639,5495.069,5505.636,completed,time,False,False,1.2230930767068693,1.1730930767068692,15.0
2026-08-04 09:00:00+00:00,2026-08-04 09:01:00+00:00,2026-08-04 09:15:00+00:00,2026-08-04 09:30:01+00:00,,,2026-08-04 09:15:00+00:00,,,FIB_RETRACE,boom:FIB_RETRACE:2026-08-04T09:00:00+00:00,1,5500.433646,5507.487798,5498.887788857143,5532.13,6.183428571428651,,,expired,no_observed_touch,False,False,,,
2026-08-04 09:30:00+00:00,2026-08-04 09:31:00+00:00,2026-08-04 09:45:00+00:00,2026-08-04 10:00:01+00:00,,,2026-08-04 09:45:00+00:00,,,FIB_RETRACE,boom:FIB_RETRACE:2026-08-04T09:30:00+00:00,1,5512.799204,5518.475252,5511.362525428572,5538.13,5.746714285714266,,,expired,no_observed_touch,False,False,,,
2026-08-05 17:00:00+00:00,2026-08-05 17:01:00+00:00,2026-08-05 17:15:00+00:00,2026-08-05 17:30:01+00:00,,,2026-08-05 17:15:00+00:00,,,FIB_RETRACE,boom:FIB_RETRACE:2026-08-05T17:00:00+00:00,1,5441.897784,5448.996792,5440.150462571429,5473.108,6.989285714285676,,,expired,no_observed_touch,False,False,,,
2026-08-05 21:00:00+00:00,2026-08-05 21:01:00+00:00,2026-08-05 21:15:00+00:00,2026-08-05 21:30:01+00:00,,,2026-08-05 21:15:00+00:00,,,FIB_RETRACE,boom:FIB_RETRACE:2026-08-05T21:00:00+00:00,1,5444.495966,5449.597958,5443.248823142858,5467.805,4.988571428571374,,,expired,no_observed_touch,False,False,,,
2026-08-05 23:30:00+00:00,2026-08-05 23:31:00+00:00,2026-08-05 23:45:00+00:00,2026-08-06 00:00:01+00:00,,,2026-08-05 23:45:00+00:00,,,FIB_RETRACE,boom:FIB_RETRACE:2026-08-05T23:30:00+00:00,1,5464.995906,5471.477178,5463.363423857143,5493.194,6.529928571428757,,,expired,no_observed_touch,False,False,,,
2026-08-06 14:30:00+00:00,2026-08-06 14:31:00+00:00,2026-08-06 14:45:00+00:00,2026-08-06 15:00:01+00:00,,,2026-08-06 14:45:00+00:00,,,FIB_RETRACE,boom:FIB_RETRACE:2026-08-06T14:30:00+00:00,1,5485.794452,5488.384676,5484.574380571428,5497.663,4.8802857142856215,,,expired,no_observed_touch,False,False,,,
2026-08-06 15:00:00+00:00,2026-08-06 15:01:00+00:00,2026-08-06 15:15:00+00:00,2026-08-06 15:30:01+00:00,,,2026-08-06 15:15:00+00:00,,,FIB_RETRACE,boom:FIB_RETRACE:2026-08-06T15:00:00+00:00,1,5491.02379,5494.465270000001,5489.659790000001,5504.804,5.455999999999806,,,expired,no_observed_touch,False,False,,,
2026-08-06 23:00:00+00:00,2026-08-06 23:01:00+00:00,2026-08-06 23:15:00+00:00,2026-08-06 23:30:01+00:00,,,2026-08-06 23:15:00+00:00,,,FIB_RETRACE,boom:FIB_RETRACE:2026-08-06T23:00:00+00:00,1,5559.419922,5565.219786000001,5557.935779142857,5584.249,5.936571428571434,,,expired,no_observed_touch,False,False,,,
2026-08-07 01:30:00+00:00,2026-08-07 01:31:00+00:00,2026-08-07 01:45:00+00:00,2026-08-07 02:00:01+00:00,,,2026-08-07 01:45:00+00:00,,,FIB_RETRACE,boom:FIB_RETRACE:2026-08-07T01:30:00+00:00,1,5613.60478,5617.43014,5612.121672857143,5630.142,5.932428571428578,,,expired,no_observed_touch,False,False,,,
2026-08-08 00:00:00+00:00,2026-08-08 00:01:00+00:00,2026-08-08 00:15:00+00:00,2026-08-08 00:30:01+00:00,2026-08-08 00:13:58+00:00,2026-08-08 00:13:59+00:00,2026-08-08 00:28:59+00:00,,,FIB_RETRACE,boom:FIB_RETRACE:2026-08-08T00:00:00+00:00,1,5580.7064820000005,5583.573066,5579.359339142858,5590.65,5.388571428571465,5583.552,5598.011,completed,time,False,False,1.3416357370096037,1.2916357370096037,15.0
2026-08-08 03:00:00+00:00,2026-08-08 03:01:00+00:00,2026-08-08 03:15:00+00:00,2026-08-08 03:30:01+00:00,,,2026-08-08 03:15:00+00:00,,,FIB_RETRACE,boom:FIB_RETRACE:2026-08-08T03:00:00+00:00,1,5611.013698,5615.769274,5609.659912285714,5632.863,5.4151428571428495,,,expired,no_observed_touch,False,False,,,
2026-08-08 09:30:00+00:00,2026-08-08 09:31:00+00:00,2026-08-08 09:45:00+00:00,2026-08-08 10:00:01+00:00,,,2026-08-08 09:45:00+00:00,,,FIB_RETRACE,boom:FIB_RETRACE:2026-08-08T09:30:00+00:00,1,5615.348808,5619.913704,5614.048593714286,5634.229,5.200857142857201,,,expired,no_observed_touch,False,False,,,
2026-08-08 15:00:00+00:00,2026-08-08 15:01:00+00:00,2026-08-08 15:15:00+00:00,2026-08-08 15:30:01+00:00,,,2026-08-08 15:15:00+00:00,,,FIB_RETRACE,boom:FIB_RETRACE:2026-08-08T15:00:00+00:00,1,5601.89459,5605.87367,5600.587107857143,5619.225,5.22992857142851,,,expired,no_observed_touch,False,False,,,
2026-08-10 00:00:00+00:00,2026-08-10 00:01:00+00:00,2026-08-10 00:15:00+00:00,2026-08-10 00:30:01+00:00,,,2026-08-10 00:15:00+00:00,,,FIB_RETRACE,boom:FIB_RETRACE:2026-08-10T00:00:00+00:00,1,5465.865614,5469.410582,5464.636935428572,5480.299,4.914714285714321,,,expired,no_observed_touch,False,False,,,
2026-08-10 03:00:00+00:00,2026-08-10 03:01:00+00:00,2026-08-10 03:15:00+00:00,2026-08-10 03:30:01+00:00,,,2026-08-10 03:15:00+00:00,,,FIB_RETRACE,boom:FIB_RETRACE:2026-08-10T03:00:00+00:00,1,5491.58896,5498.58448,5489.978370714286,5522.698,6.442357142857288,,,expired,no_observed_touch,False,False,,,
2026-08-10 08:00:00+00:00,2026-08-10 08:01:00+00:00,2026-08-10 08:15:00+00:00,2026-08-10 08:30:01+00:00,,,2026-08-10 08:15:00+00:00,,,FIB_RETRACE,boom:FIB_RETRACE:2026-08-10T08:00:00+00:00,1,5481.43797,5490.14961,5479.860862857143,5521.165,6.308428571428457,,,expired,no_observed_touch,False,False,,,
2026-08-11 20:00:00+00:00,2026-08-11 20:01:00+00:00,2026-08-11 20:15:00+00:00,2026-08-11 20:30:01+00:00,,,2026-08-11 20:15:00+00:00,,,FIB_RETRACE,boom:FIB_RETRACE:2026-08-11T20:00:00+00:00,1,5356.78593,5360.481089999999,5355.452697857143,5372.994,5.33292857142864,,,expired,no_observed_touch,False,False,,,
2026-08-12 04:00:00+00:00,2026-08-12 04:01:00+00:00,2026-08-12 04:15:00+00:00,2026-08-12 04:30:01+00:00,,,2026-08-12 04:15:00+00:00,,,FIB_RETRACE,boom:FIB_RETRACE:2026-08-12T04:00:00+00:00,1,5380.35505,5385.49165,5379.084925,5404.035,5.080499999999964,,,expired,no_observed_touch,False,False,,,
2026-08-13 04:00:00+00:00,2026-08-13 04:01:00+00:00,2026-08-13 04:15:00+00:00,2026-08-13 04:30:01+00:00,,,2026-08-13 04:15:00+00:00,,,FIB_RETRACE,boom:FIB_RETRACE:2026-08-13T04:00:00+00:00,1,5308.25741,5311.8383300000005,5306.954535,5324.232,5.211500000000082,,,expired,no_observed_touch,False,False,,,
2026-08-14 04:00:00+00:00,2026-08-14 04:01:00+00:00,2026-08-14 04:15:00+00:00,2026-08-14 04:30:01+00:00,,,2026-08-14 04:15:00+00:00,,,FIB_RETRACE,boom:FIB_RETRACE:2026-08-14T04:00:00+00:00,1,5282.63531,5289.46703,5281.223827857142,5313.888,5.645928571428548,,,expired,no_observed_touch,False,False,,,
2026-08-14 07:30:00+00:00,2026-08-14 07:31:00+00:00,2026-08-14 07:45:00+00:00,2026-08-14 08:00:01+00:00,,,2026-08-14 07:45:00+00:00,,,FIB_RETRACE,boom:FIB_RETRACE:2026-08-14T07:30:00+00:00,1,5327.256813999999,5333.876182,5325.841974714285,5356.427,5.659357142857191,,,expired,no_observed_touch,False,False,,,
2026-08-14 11:00:00+00:00,2026-08-14 11:01:00+00:00,2026-08-14 11:15:00+00:00,2026-08-14 11:30:01+00:00,,,2026-08-14 11:15:00+00:00,,,FIB_RETRACE,boom:FIB_RETRACE:2026-08-14T11:00:00+00:00,1,5339.728874,5342.8689620000005,5338.613784714286,5353.933,4.460357142857122,,,expired,no_observed_touch,False,False,,,
2026-08-15 04:00:00+00:00,2026-08-15 04:01:00+00:00,2026-08-15 04:15:00+00:00,2026-08-15 04:30:01+00:00,,,2026-08-15 04:15:00+00:00,,,FIB_RETRACE,boom:FIB_RETRACE:2026-08-15T04:00:00+00:00,1,5303.093736000001,5307.448968000001,5301.779843142858,5320.833,5.255571428571394,,,expired,no_observed_touch,False,False,,,
2026-08-15 10:30:00+00:00,2026-08-15 10:31:00+00:00,2026-08-15 10:45:00+00:00,2026-08-15 11:00:01+00:00,,,2026-08-15 10:45:00+00:00,,,FIB_RETRACE,boom:FIB_RETRACE:2026-08-15T10:30:00+00:00,1,5363.586356,5369.173028,5362.0171952857145,5387.511,6.276642857142763,,,expired,no_observed_touch,False,False,,,
2026-08-18 08:00:00+00:00,2026-08-18 08:01:00+00:00,2026-08-18 08:15:00+00:00,2026-08-18 08:30:01+00:00,,,2026-08-18 08:15:00+00:00,,,FIB_RETRACE,boom:FIB_RETRACE:2026-08-18T08:00:00+00:00,1,5363.696043999999,5367.282172,5362.510758285714,5378.847,4.741142857142871,,,expired,no_observed_touch,False,False,,,
2026-08-18 09:00:00+00:00,2026-08-18 09:01:00+00:00,2026-08-18 09:15:00+00:00,2026-08-18 09:30:01+00:00,,,2026-08-18 09:15:00+00:00,,,FIB_RETRACE,boom:FIB_RETRACE:2026-08-18T09:00:00+00:00,1,5383.9392960000005,5389.561248,5382.368921,5410.213,6.281499999999986,,,expired,no_observed_touch,False,False,,,
2026-08-18 09:30:00+00:00,2026-08-18 09:31:00+00:00,2026-08-18 09:45:00+00:00,2026-08-18 10:00:01+00:00,,,2026-08-18 09:45:00+00:00,,,FIB_RETRACE,boom:FIB_RETRACE:2026-08-18T09:30:00+00:00,1,5384.281696,5390.172448,5382.896874571428,5408.627,5.539285714285727,,,expired,no_observed_touch,False,False,,,
2026-08-18 21:00:00+00:00,2026-08-18 21:01:00+00:00,2026-08-18 21:15:00+00:00,2026-08-18 21:30:01+00:00,,,2026-08-18 21:15:00+00:00,,,FIB_RETRACE,boom:FIB_RETRACE:2026-08-18T21:00:00+00:00,1,5384.921611999999,5388.257756,5383.671361999999,5399.367,5.001000000000009,,,expired,no_observed_touch,False,False,,,
2026-08-19 05:00:00+00:00,2026-08-19 05:01:00+00:00,2026-08-19 05:15:00+00:00,2026-08-19 05:30:01+00:00,,,2026-08-19 05:15:00+00:00,,,FIB_RETRACE,boom:FIB_RETRACE:2026-08-19T05:00:00+00:00,1,5359.854456,5368.154328,5358.213134571429,5396.908,6.565285714285827,,,expired,no_observed_touch,False,False,,,
2026-08-19 05:30:00+00:00,2026-08-19 05:31:00+00:00,2026-08-19 05:45:00+00:00,2026-08-19 06:00:01+00:00,,,2026-08-19 05:45:00+00:00,,,FIB_RETRACE,boom:FIB_RETRACE:2026-08-19T05:30:00+00:00,1,5380.180776,5384.680488,5378.751436714286,5399.512,5.717357142857314,,,expired,no_observed_touch,False,False,,,
2026-08-19 13:00:00+00:00,2026-08-19 13:01:00+00:00,2026-08-19 13:15:00+00:00,2026-08-19 13:30:01+00:00,2026-08-19 13:09:51+00:00,2026-08-19 13:09:52+00:00,2026-08-19 13:24:52+00:00,,,FIB_RETRACE,boom:FIB_RETRACE:2026-08-19T13:00:00+00:00,1,5403.9549400000005,5407.35022,5402.751243571429,5409.349,4.8147857142856605,5407.327,5411.672,completed,time,False,False,0.4512142655806631,0.4012142655806631,15.0
2026-08-19 19:00:00+00:00,2026-08-19 19:01:00+00:00,2026-08-19 19:15:00+00:00,2026-08-19 19:30:01+00:00,,,2026-08-19 19:15:00+00:00,,,FIB_RETRACE,boom:FIB_RETRACE:2026-08-19T19:00:00+00:00,1,5462.34237,5474.34681,5460.290441428572,5517.463,8.20771428571418,,,expired,no_observed_touch,False,False,,,
2026-08-19 19:30:00+00:00,2026-08-19 19:31:00+00:00,2026-08-19 19:45:00+00:00,2026-08-19 20:00:01+00:00,,,2026-08-19 19:45:00+00:00,,,FIB_RETRACE,boom:FIB_RETRACE:2026-08-19T19:30:00+00:00,1,5468.808948,5483.455524,5466.505287285714,5534.723,9.214642857142865,,,expired,no_observed_touch,False,False,,,
2026-08-19 22:00:00+00:00,2026-08-19 22:01:00+00:00,2026-08-19 22:15:00+00:00,2026-08-19 22:30:01+00:00,,,2026-08-19 22:15:00+00:00,,,FIB_RETRACE,boom:FIB_RETRACE:2026-08-19T22:00:00+00:00,1,5502.457594,5505.006322,5501.410540428572,5509.78,4.188214285714237,,,expired,no_observed_touch,False,False,,,
2026-08-20 12:00:00+00:00,2026-08-20 12:01:00+00:00,2026-08-20 12:15:00+00:00,2026-08-20 12:30:01+00:00,,,2026-08-20 12:15:00+00:00,,,FIB_RETRACE,boom:FIB_RETRACE:2026-08-20T12:00:00+00:00,1,5514.270788,5519.855444,5512.816663,5540.373,5.81649999999997,,,expired,no_observed_touch,False,False,,,
2026-08-21 20:00:00+00:00,2026-08-21 20:01:00+00:00,2026-08-21 20:15:00+00:00,2026-08-21 20:30:01+00:00,,,2026-08-21 20:15:00+00:00,,,FIB_RETRACE,boom:FIB_RETRACE:2026-08-21T20:00:00+00:00,1,5391.354649999999,5396.642449999999,5390.074953571428,5414.595,5.118785714285683,,,expired,no_observed_touch,False,False,,,
2026-08-21 23:00:00+00:00,2026-08-21 23:01:00+00:00,2026-08-21 23:15:00+00:00,2026-08-21 23:30:01+00:00,,,2026-08-21 23:15:00+00:00,,,FIB_RETRACE,boom:FIB_RETRACE:2026-08-21T23:00:00+00:00,1,5386.97828,5390.00564,5385.670190714286,5400.884,5.232357142857121,,,expired,no_observed_touch,False,False,,,
2026-08-23 18:00:00+00:00,2026-08-23 18:01:00+00:00,2026-08-23 18:15:00+00:00,2026-08-23 18:30:01+00:00,,,2026-08-23 18:15:00+00:00,,,FIB_RETRACE,boom:FIB_RETRACE:2026-08-23T18:00:00+00:00,1,5214.992372,5221.325636,5213.600818428571,5242.179,5.5662142857142625,,,expired,no_observed_touch,False,False,,,
2026-08-23 18:30:00+00:00,2026-08-23 18:31:00+00:00,2026-08-23 18:45:00+00:00,2026-08-23 19:00:01+00:00,,,2026-08-23 18:45:00+00:00,,,FIB_RETRACE,boom:FIB_RETRACE:2026-08-23T18:30:00+00:00,1,5226.301676,5230.356188,5224.807979571428,5244.979,5.9747857142857095,,,expired,no_observed_touch,False,False,,,
2026-08-23 20:00:00+00:00,2026-08-23 20:01:00+00:00,2026-08-23 20:15:00+00:00,2026-08-23 20:30:01+00:00,,,2026-08-23 20:15:00+00:00,,,FIB_RETRACE,boom:FIB_RETRACE:2026-08-23T20:00:00+00:00,1,5222.030278,5225.268814,5221.023706571429,5235.386,4.026285714285807,,,expired,no_observed_touch,False,False,,,
2026-08-24 19:00:00+00:00,2026-08-24 19:01:00+00:00,2026-08-24 19:15:00+00:00,2026-08-24 19:30:01+00:00,,,2026-08-24 19:15:00+00:00,,,FIB_RETRACE,boom:FIB_RETRACE:2026-08-24T19:00:00+00:00,1,5207.028093999999,5210.794822,5205.887147571428,5223.18,4.563785714285716,,,expired,no_observed_touch,False,False,,,
2026-08-24 20:30:00+00:00,2026-08-24 20:31:00+00:00,2026-08-24 20:45:00+00:00,2026-08-24 21:00:01+00:00,,,2026-08-24 20:45:00+00:00,,,FIB_RETRACE,boom:FIB_RETRACE:2026-08-24T20:30:00+00:00,1,5239.2382099999995,5244.95273,5237.781674285714,5265.442,5.826142857142908,,,expired,no_observed_touch,False,False,,,
2026-08-25 02:00:00+00:00,2026-08-25 02:01:00+00:00,2026-08-25 02:15:00+00:00,2026-08-25 02:30:01+00:00,,,2026-08-25 02:15:00+00:00,,,FIB_RETRACE,boom:FIB_RETRACE:2026-08-25T02:00:00+00:00,1,5256.109526,5264.8302380000005,5254.373526,5295.935,6.94399999999996,,,expired,no_observed_touch,False,False,,,
2026-08-25 12:00:00+00:00,2026-08-25 12:01:00+00:00,2026-08-25 12:15:00+00:00,2026-08-25 12:30:01+00:00,2026-08-25 12:02:51+00:00,2026-08-25 12:02:52+00:00,2026-08-25 12:17:52+00:00,,,FIB_RETRACE,boom:FIB_RETRACE:2026-08-25T12:00:00+00:00,1,5293.08425,5296.33925,5291.873464285714,5297.726,4.843142857142733,5296.336,5295.924,completed,time,False,False,-0.042534363754378905,-0.0925343637543789,15.0
2026-08-26 19:00:00+00:00,2026-08-26 19:01:00+00:00,2026-08-26 19:15:00+00:00,2026-08-26 19:30:01+00:00,,,2026-08-26 19:15:00+00:00,,,FIB_RETRACE,boom:FIB_RETRACE:2026-08-26T19:00:00+00:00,1,5149.91668,5156.74084,5148.372697857143,5180.513,6.175928571428618,,,expired,no_observed_touch,False,False,,,
2026-08-26 20:00:00+00:00,2026-08-26 20:01:00+00:00,2026-08-26 20:15:00+00:00,2026-08-26 20:30:01+00:00,,,2026-08-26 20:15:00+00:00,,,FIB_RETRACE,boom:FIB_RETRACE:2026-08-26T20:00:00+00:00,1,5169.413141999999,5172.479646,5168.283356285714,5181.301,4.519142857142989,,,expired,no_observed_touch,False,False,,,
2026-08-27 00:00:00+00:00,2026-08-27 00:01:00+00:00,2026-08-27 00:15:00+00:00,2026-08-27 00:30:01+00:00,,,2026-08-27 00:15:00+00:00,,,FIB_RETRACE,boom:FIB_RETRACE:2026-08-27T00:00:00+00:00,1,5190.847396,5195.234547999999,5189.704146,5209.803,4.57299999999993,,,expired,no_observed_touch,False,False,,,
2026-08-27 00:30:00+00:00,2026-08-27 00:31:00+00:00,2026-08-27 00:45:00+00:00,2026-08-27 01:00:01+00:00,,,2026-08-27 00:45:00+00:00,,,FIB_RETRACE,boom:FIB_RETRACE:2026-08-27T00:30:00+00:00,1,5190.847396,5195.234547999999,5189.612324571429,5208.842,4.940285714285632,,,expired,no_observed_touch,False,False,,,
2026-08-27 21:30:00+00:00,2026-08-27 21:31:00+00:00,2026-08-27 21:45:00+00:00,2026-08-27 22:00:01+00:00,,,2026-08-27 21:45:00+00:00,,,FIB_RETRACE,boom:FIB_RETRACE:2026-08-27T21:30:00+00:00,1,5144.619104,5149.429952,5143.190836142858,5163.229,5.713071428571506,,,expired,no_observed_touch,False,False,,,
2026-08-27 22:00:00+00:00,2026-08-27 22:01:00+00:00,2026-08-27 22:15:00+00:00,2026-08-27 22:30:01+00:00,,,2026-08-27 22:15:00+00:00,,,FIB_RETRACE,boom:FIB_RETRACE:2026-08-27T22:00:00+00:00,1,5161.604026,5165.242738,5160.406097428571,5174.277,4.791714285714404,,,expired,no_observed_touch,False,False,,,
2026-08-27 22:30:00+00:00,2026-08-27 22:31:00+00:00,2026-08-27 22:45:00+00:00,2026-08-27 23:00:01+00:00,2026-08-27 22:42:49+00:00,2026-08-27 22:42:50+00:00,2026-08-27 22:57:50+00:00,,,FIB_RETRACE,boom:FIB_RETRACE:2026-08-27T22:30:00+00:00,1,5163.774958,5166.949654,5162.577958,5173.448,4.788000000000011,5166.916,5164.746,completed,time,False,False,-0.22660818713451,-0.27660818713451,15.0
2026-08-28 02:00:00+00:00,2026-08-28 02:01:00+00:00,2026-08-28 02:15:00+00:00,2026-08-28 02:30:01+00:00,,,2026-08-28 02:15:00+00:00,,,FIB_RETRACE,boom:FIB_RETRACE:2026-08-28T02:00:00+00:00,1,5164.968608,5168.307104,5163.898286571429,5178.038,4.281285714285526,,,expired,no_observed_touch,False,False,,,
2026-08-28 04:00:00+00:00,2026-08-28 04:01:00+00:00,2026-08-28 04:15:00+00:00,2026-08-28 04:30:01+00:00,,,2026-08-28 04:15:00+00:00,,,FIB_RETRACE,boom:FIB_RETRACE:2026-08-28T04:00:00+00:00,1,5166.1348419999995,5169.293746,5165.011824142856,5179.913,4.492071428571502,,,expired,no_observed_touch,False,False,,,
2026-08-28 07:00:00+00:00,2026-08-28 07:01:00+00:00,2026-08-28 07:15:00+00:00,2026-08-28 07:30:01+00:00,2026-08-28 07:12:07+00:00,2026-08-28 07:12:08+00:00,2026-08-28 07:27:08+00:00,,,FIB_RETRACE,boom:FIB_RETRACE:2026-08-28T07:00:00+00:00,1,5146.393662,5150.918406,5145.2201620000005,5157.192,4.69399999999996,5150.903,5142.791,completed,time,False,False,-0.8640818065615838,-0.9140818065615839,15.0
2026-08-29 04:30:00+00:00,2026-08-29 04:31:00+00:00,2026-08-29 04:45:00+00:00,2026-08-29 05:00:01+00:00,,,2026-08-29 04:45:00+00:00,,,FIB_RETRACE,boom:FIB_RETRACE:2026-08-29T04:30:00+00:00,1,5203.848714,5208.006882,5202.502267571428,5221.507,5.385785714285703,,,expired,no_observed_touch,False,False,,,
2026-08-29 05:00:00+00:00,2026-08-29 05:01:00+00:00,2026-08-29 05:15:00+00:00,2026-08-29 05:30:01+00:00,,,2026-08-29 05:15:00+00:00,,,FIB_RETRACE,boom:FIB_RETRACE:2026-08-29T05:00:00+00:00,1,5207.65256,5212.61528,5206.262149285715,5230.695,5.561642857142813,,,expired,no_observed_touch,False,False,,,
2026-08-30 02:30:00+00:00,2026-08-30 02:31:00+00:00,2026-08-30 02:45:00+00:00,2026-08-30 03:00:01+00:00,,,2026-08-30 02:45:00+00:00,,,FIB_RETRACE,boom:FIB_RETRACE:2026-08-30T02:30:00+00:00,1,5168.400068,5175.248084,5166.914675142857,5199.513,5.941571428571543,,,expired,no_observed_touch,False,False,,,
2026-08-30 07:00:00+00:00,2026-08-30 07:01:00+00:00,2026-08-30 07:15:00+00:00,2026-08-30 07:30:01+00:00,,,2026-08-30 07:15:00+00:00,,,FIB_RETRACE,boom:FIB_RETRACE:2026-08-30T07:00:00+00:00,1,5210.38851,5213.4066299999995,5209.160027857142,5222.254,4.913928571428577,,,expired,no_observed_touch,False,False,,,
2026-08-30 23:30:00+00:00,2026-08-30 23:31:00+00:00,2026-08-30 23:45:00+00:00,2026-08-31 00:00:01+00:00,,,2026-08-30 23:45:00+00:00,,,FIB_RETRACE,boom:FIB_RETRACE:2026-08-30T23:30:00+00:00,1,5184.820966,5189.250958,5183.480019571429,5203.472,5.3637857142857035,,,expired,no_observed_touch,False,False,,,
2026-08-31 15:30:00+00:00,2026-08-31 15:31:00+00:00,2026-08-31 15:45:00+00:00,2026-08-31 16:00:01+00:00,,,2026-08-31 15:45:00+00:00,,,FIB_RETRACE,boom:FIB_RETRACE:2026-08-31T15:30:00+00:00,1,5197.355724,5200.458012,5196.315991857143,5210.672,4.158928571428597,,,expired,no_observed_touch,False,False,,,
2026-09-01 02:00:00+00:00,2026-09-01 02:01:00+00:00,2026-09-01 02:15:00+00:00,2026-09-01 02:30:01+00:00,,,2026-09-01 02:15:00+00:00,,,FIB_RETRACE,boom:FIB_RETRACE:2026-09-01T02:00:00+00:00,1,5205.485634000001,5208.430842000001,5204.313437571429,5219.126,4.688785714285586,,,expired,no_observed_touch,False,False,,,
2026-09-01 08:00:00+00:00,2026-09-01 08:01:00+00:00,2026-09-01 08:15:00+00:00,2026-09-01 08:30:01+00:00,,,2026-09-01 08:15:00+00:00,,,FIB_RETRACE,boom:FIB_RETRACE:2026-09-01T08:00:00+00:00,1,5231.975534,5235.987542,5230.652605428571,5248.253,5.291714285714404,,,expired,no_observed_touch,False,False,,,
2026-09-01 20:30:00+00:00,2026-09-01 20:31:00+00:00,2026-09-01 20:45:00+00:00,2026-09-01 21:00:01+00:00,,,2026-09-01 20:45:00+00:00,,,FIB_RETRACE,boom:FIB_RETRACE:2026-09-01T20:30:00+00:00,1,5297.170844,5305.662572,5295.340469,5335.956,7.321500000000144,,,expired,no_observed_touch,False,False,,,
2026-09-02 10:00:00+00:00,2026-09-02 10:01:00+00:00,2026-09-02 10:15:00+00:00,2026-09-02 10:30:01+00:00,,,2026-09-02 10:15:00+00:00,,,FIB_RETRACE,boom:FIB_RETRACE:2026-09-02T10:00:00+00:00,1,5319.3848339999995,5325.152442,5317.963476857142,5344.504,5.685428571428799,,,expired,no_observed_touch,False,False,,,
2026-09-03 14:00:00+00:00,2026-09-03 14:01:00+00:00,2026-09-03 14:15:00+00:00,2026-09-03 14:30:01+00:00,,,2026-09-03 14:15:00+00:00,,,FIB_RETRACE,boom:FIB_RETRACE:2026-09-03T14:00:00+00:00,1,5236.676518,5243.889934,5235.033803714286,5269.091,6.570857142857092,,,expired,no_observed_touch,False,False,,,
2026-09-04 10:00:00+00:00,2026-09-04 10:01:00+00:00,2026-09-04 10:15:00+00:00,2026-09-04 10:30:01+00:00,,,2026-09-04 10:15:00+00:00,,,FIB_RETRACE,boom:FIB_RETRACE:2026-09-04T10:00:00+00:00,1,5221.607584,5227.564192,5220.115137571429,5248.299,5.9697857142856,,,expired,no_observed_touch,False,False,,,
2026-09-05 12:00:00+00:00,2026-09-05 12:01:00+00:00,2026-09-05 12:15:00+00:00,2026-09-05 12:30:01+00:00,,,2026-09-05 12:15:00+00:00,,,FIB_RETRACE,boom:FIB_RETRACE:2026-09-05T12:00:00+00:00,1,5251.350048,5255.017824,5250.292351571429,5267.156,4.230785714285763,,,expired,no_observed_touch,False,False,,,
2026-09-05 12:30:00+00:00,2026-09-05 12:31:00+00:00,2026-09-05 12:45:00+00:00,2026-09-05 13:00:01+00:00,,,2026-09-05 12:45:00+00:00,,,FIB_RETRACE,boom:FIB_RETRACE:2026-09-05T12:30:00+00:00,1,5254.893674,5261.3433620000005,5253.4159954285715,5282.576,5.91071428571435,,,expired,no_observed_touch,False,False,,,
2026-09-05 14:00:00+00:00,2026-09-05 14:01:00+00:00,2026-09-05 14:15:00+00:00,2026-09-05 14:30:01+00:00,,,2026-09-05 14:15:00+00:00,,,FIB_RETRACE,boom:FIB_RETRACE:2026-09-05T14:00:00+00:00,1,5271.5949519999995,5276.075175999999,5270.316434142856,5292.451,5.114071428571281,,,expired,no_observed_touch,False,False,,,
2026-09-05 14:30:00+00:00,2026-09-05 14:31:00+00:00,2026-09-05 14:45:00+00:00,2026-09-05 15:00:01+00:00,,,2026-09-05 14:45:00+00:00,,,FIB_RETRACE,boom:FIB_RETRACE:2026-09-05T14:30:00+00:00,1,5278.328516,5284.661108,5276.946051714285,5306.481,5.529857142857119,,,expired,no_observed_touch,False,False,,,
2026-09-06 06:00:00+00:00,2026-09-06 06:01:00+00:00,2026-09-06 06:15:00+00:00,2026-09-06 06:30:01+00:00,,,2026-09-06 06:15:00+00:00,,,FIB_RETRACE,boom:FIB_RETRACE:2026-09-06T06:00:00+00:00,1,5230.146788,5233.883444,5229.033395142857,5245.178,4.453571428571455,,,expired,no_observed_touch,False,False,,,
2026-09-07 01:00:00+00:00,2026-09-07 01:01:00+00:00,2026-09-07 01:15:00+00:00,2026-09-07 01:30:01+00:00,,,2026-09-07 01:15:00+00:00,,,FIB_RETRACE,boom:FIB_RETRACE:2026-09-07T01:00:00+00:00,1,5217.640122,5220.634386,5216.441425571428,5229.28,4.7947857142857435,,,expired,no_observed_touch,False,False,,,
2026-09-07 08:00:00+00:00,2026-09-07 08:01:00+00:00,2026-09-07 08:15:00+00:00,2026-09-07 08:30:01+00:00,,,2026-09-07 08:15:00+00:00,,,FIB_RETRACE,boom:FIB_RETRACE:2026-09-07T08:00:00+00:00,1,5238.657576,5241.342888,5237.688308142857,5251.221,3.8770714285713956,,,expired,no_observed_touch,False,False,,,
2026-09-07 08:30:00+00:00,2026-09-07 08:31:00+00:00,2026-09-07 08:45:00+00:00,2026-09-07 09:00:01+00:00,,,2026-09-07 08:45:00+00:00,,,FIB_RETRACE,boom:FIB_RETRACE:2026-09-07T08:30:00+00:00,1,5243.3784160000005,5249.769808,5241.902362428572,5272.817,5.904214285714261,,,expired,no_observed_touch,False,False,,,
2026-09-07 16:00:00+00:00,2026-09-07 16:01:00+00:00,2026-09-07 16:15:00+00:00,2026-09-07 16:30:01+00:00,,,2026-09-07 16:15:00+00:00,,,FIB_RETRACE,boom:FIB_RETRACE:2026-09-07T16:00:00+00:00,1,5230.385694,5237.999622,5228.785711857143,5264.705,6.399928571428648,,,expired,no_observed_touch,False,False,,,
2026-09-07 16:30:00+00:00,2026-09-07 16:31:00+00:00,2026-09-07 16:45:00+00:00,2026-09-07 17:00:01+00:00,,,2026-09-07 16:45:00+00:00,,,FIB_RETRACE,boom:FIB_RETRACE:2026-09-07T16:30:00+00:00,1,5238.684122000001,5245.878386,5237.000050571429,5270.623,6.736285714285584,,,expired,no_observed_touch,False,False,,,
2026-09-08 15:00:00+00:00,2026-09-08 15:01:00+00:00,2026-09-08 15:15:00+00:00,2026-09-08 15:30:01+00:00,,,2026-09-08 15:15:00+00:00,,,FIB_RETRACE,boom:FIB_RETRACE:2026-09-08T15:00:00+00:00,1,5247.680408,5249.708504,5246.524818714286,5254.951,4.622357142857254,,,expired,no_observed_touch,False,False,,,
2026-09-09 01:30:00+00:00,2026-09-09 01:31:00+00:00,2026-09-09 01:45:00+00:00,2026-09-09 02:00:01+00:00,,,2026-09-09 01:45:00+00:00,,,FIB_RETRACE,boom:FIB_RETRACE:2026-09-09T01:30:00+00:00,1,5254.4586,5257.5498,5253.365510714286,5265.868,4.372357142857189,,,expired,no_observed_touch,False,False,,,
2026-09-09 20:00:00+00:00,2026-09-09 20:01:00+00:00,2026-09-09 20:15:00+00:00,2026-09-09 20:30:01+00:00,,,2026-09-09 20:15:00+00:00,,,FIB_RETRACE,boom:FIB_RETRACE:2026-09-09T20:00:00+00:00,1,5211.217672,5217.626536,5209.695243428571,5239.716,6.089714285714243,,,expired,no_observed_touch,False,False,,,
2026-09-12 08:30:00+00:00,2026-09-12 08:31:00+00:00,2026-09-12 08:45:00+00:00,2026-09-12 09:00:01+00:00,,,2026-09-12 08:45:00+00:00,,,FIB_RETRACE,boom:FIB_RETRACE:2026-09-12T08:30:00+00:00,1,5031.364964,5035.250132,5030.134231857143,5048.924,4.922928571428721,,,expired,no_observed_touch,False,False,,,
2026-09-12 09:00:00+00:00,2026-09-12 09:01:00+00:00,2026-09-12 09:15:00+00:00,2026-09-12 09:30:01+00:00,,,2026-09-12 09:15:00+00:00,,,FIB_RETRACE,boom:FIB_RETRACE:2026-09-12T09:00:00+00:00,1,5046.052408,5049.424504,5044.953836571428,5060.054,4.394285714285876,,,expired,no_observed_touch,False,False,,,
2026-09-12 09:30:00+00:00,2026-09-12 09:31:00+00:00,2026-09-12 09:45:00+00:00,2026-09-12 10:00:01+00:00,,,2026-09-12 09:45:00+00:00,,,FIB_RETRACE,boom:FIB_RETRACE:2026-09-12T09:30:00+00:00,1,5056.233805999999,5063.697878,5054.651805999999,5091.079,6.328000000000169,,,expired,no_observed_touch,False,False,,,
2026-09-12 18:00:00+00:00,2026-09-12 18:01:00+00:00,2026-09-12 18:15:00+00:00,2026-09-12 18:30:01+00:00,,,2026-09-12 18:15:00+00:00,,,FIB_RETRACE,boom:FIB_RETRACE:2026-09-12T18:00:00+00:00,1,5054.275176,5060.0516880000005,5052.925515285714,5081.109,5.398642857142802,,,expired,no_observed_touch,False,False,,,
2026-09-13 06:30:00+00:00,2026-09-13 06:31:00+00:00,2026-09-13 06:45:00+00:00,2026-09-13 07:00:01+00:00,,,2026-09-13 06:45:00+00:00,,,FIB_RETRACE,boom:FIB_RETRACE:2026-09-13T06:30:00+00:00,1,5107.064212,5112.063556,5105.877783428572,5128.537,4.7457142857141275,,,expired,no_observed_touch,False,False,,,
2026-09-13 07:00:00+00:00,2026-09-13 07:01:00+00:00,2026-09-13 07:15:00+00:00,2026-09-13 07:30:01+00:00,,,2026-09-13 07:15:00+00:00,,,FIB_RETRACE,boom:FIB_RETRACE:2026-09-13T07:00:00+00:00,1,5110.449412,5116.339156,5109.047679857143,5135.785,5.606928571428463,,,expired,no_observed_touch,False,False,,,
2026-09-14 19:00:00+00:00,2026-09-14 19:01:00+00:00,2026-09-14 19:15:00+00:00,2026-09-14 19:30:01+00:00,,,2026-09-14 19:15:00+00:00,,,FIB_RETRACE,boom:FIB_RETRACE:2026-09-14T19:00:00+00:00,1,5059.9232759999995,5064.464988,5058.570311714286,5079.358,5.411857142857116,,,expired,no_observed_touch,False,False,,,
2026-09-15 04:00:00+00:00,2026-09-15 04:01:00+00:00,2026-09-15 04:15:00+00:00,2026-09-15 04:30:01+00:00,,,2026-09-15 04:15:00+00:00,,,FIB_RETRACE,boom:FIB_RETRACE:2026-09-15T04:00:00+00:00,1,5058.950338,5067.865594,5057.358748714285,5100.293,6.366357142857071,,,expired,no_observed_touch,False,False,,,
2026-09-15 06:00:00+00:00,2026-09-15 06:01:00+00:00,2026-09-15 06:15:00+00:00,2026-09-15 06:30:01+00:00,,,2026-09-15 06:15:00+00:00,,,FIB_RETRACE,boom:FIB_RETRACE:2026-09-15T06:00:00+00:00,1,5071.420246000001,5073.669598,5070.48779957143,5080.749,3.729785714285689,,,expired,no_observed_touch,False,False,,,
2026-09-15 06:30:00+00:00,2026-09-15 06:31:00+00:00,2026-09-15 06:45:00+00:00,2026-09-15 07:00:01+00:00,,,2026-09-15 06:45:00+00:00,,,FIB_RETRACE,boom:FIB_RETRACE:2026-09-15T06:30:00+00:00,1,5078.112026,5085.614738,5076.545436714286,5113.194,6.266357142857032,,,expired,no_observed_touch,False,False,,,
2026-09-15 12:00:00+00:00,2026-09-15 12:01:00+00:00,2026-09-15 12:15:00+00:00,2026-09-15 12:30:01+00:00,,,2026-09-15 12:15:00+00:00,,,FIB_RETRACE,boom:FIB_RETRACE:2026-09-15T12:00:00+00:00,1,5084.769234,5088.285642,5083.772698285715,5099.031,3.9861428571428275,,,expired,no_observed_touch,False,False,,,
2026-09-15 20:00:00+00:00,2026-09-15 20:01:00+00:00,2026-09-15 20:15:00+00:00,2026-09-15 20:30:01+00:00,,,2026-09-15 20:15:00+00:00,,,FIB_RETRACE,boom:FIB_RETRACE:2026-09-15T20:00:00+00:00,1,5118.311078000001,5122.3392140000005,5116.862542285715,5135.275,5.794142857142755,,,expired,no_observed_touch,False,False,,,
2026-09-15 22:00:00+00:00,2026-09-15 22:01:00+00:00,2026-09-15 22:15:00+00:00,2026-09-15 22:30:01+00:00,,,2026-09-15 22:15:00+00:00,,,FIB_RETRACE,boom:FIB_RETRACE:2026-09-15T22:00:00+00:00,1,5122.018652,5125.247276,5120.962527,5134.687,4.224499999999937,,,expired,no_observed_touch,False,False,,,
2026-09-16 00:30:00+00:00,2026-09-16 00:31:00+00:00,2026-09-16 00:45:00+00:00,2026-09-16 01:00:01+00:00,,,2026-09-16 00:45:00+00:00,,,FIB_RETRACE,boom:FIB_RETRACE:2026-09-16T00:30:00+00:00,1,5157.524485999999,5163.748718,5156.075718142856,5184.525,5.795071428571581,,,expired,no_observed_touch,False,False,,,
2026-09-16 03:00:00+00:00,2026-09-16 03:01:00+00:00,2026-09-16 03:15:00+00:00,2026-09-16 03:30:01+00:00,,,2026-09-16 03:15:00+00:00,,,FIB_RETRACE,boom:FIB_RETRACE:2026-09-16T03:00:00+00:00,1,5176.582644,5180.571972000001,5175.335340428572,5192.82,4.989214285714297,,,expired,no_observed_touch,False,False,,,
2026-09-16 11:30:00+00:00,2026-09-16 11:31:00+00:00,2026-09-16 11:45:00+00:00,2026-09-16 12:00:01+00:00,,,2026-09-16 11:45:00+00:00,,,FIB_RETRACE,boom:FIB_RETRACE:2026-09-16T11:30:00+00:00,1,5238.674234,5241.434642,5237.345109,5249.942,5.31649999999997,,,expired,no_observed_touch,False,False,,,
2026-09-16 12:30:00+00:00,2026-09-16 12:31:00+00:00,2026-09-16 12:45:00+00:00,2026-09-16 13:00:01+00:00,,,2026-09-16 12:45:00+00:00,,,FIB_RETRACE,boom:FIB_RETRACE:2026-09-16T12:30:00+00:00,1,5256.762614,5263.751582,5255.288846142857,5283.835,5.895071428571295,,,expired,no_observed_touch,False,False,,,
2026-09-17 14:00:00+00:00,2026-09-17 14:01:00+00:00,2026-09-17 14:15:00+00:00,2026-09-17 14:30:01+00:00,,,2026-09-17 14:15:00+00:00,,,FIB_RETRACE,boom:FIB_RETRACE:2026-09-17T14:00:00+00:00,1,5174.350157999999,5178.751254,5173.033015142856,5192.833,5.268571428571379,,,expired,no_observed_touch,False,False,,,
2026-09-17 14:30:00+00:00,2026-09-17 14:31:00+00:00,2026-09-17 14:45:00+00:00,2026-09-17 15:00:01+00:00,,,2026-09-17 14:45:00+00:00,,,FIB_RETRACE,boom:FIB_RETRACE:2026-09-17T14:30:00+00:00,1,5179.8946240000005,5187.423712,5178.259999000001,5213.455,6.538499999999983,,,expired,no_observed_touch,False,False,,,
2026-09-17 18:00:00+00:00,2026-09-17 18:01:00+00:00,2026-09-17 18:15:00+00:00,2026-09-17 18:30:01+00:00,,,2026-09-17 18:15:00+00:00,,,FIB_RETRACE,boom:FIB_RETRACE:2026-09-17T18:00:00+00:00,1,5188.422922,5194.726786,5187.117529142857,5217.006,5.2215714285713535,,,expired,no_observed_touch,False,False,,,
2026-09-18 11:00:00+00:00,2026-09-18 11:01:00+00:00,2026-09-18 11:15:00+00:00,2026-09-18 11:30:01+00:00,,,2026-09-18 11:15:00+00:00,,,FIB_RETRACE,boom:FIB_RETRACE:2026-09-18T11:00:00+00:00,1,5132.776989999999,5136.68887,5131.576418571428,5150.403,4.802285714285907,,,expired,no_observed_touch,False,False,,,
2026-09-18 12:30:00+00:00,2026-09-18 12:31:00+00:00,2026-09-18 12:45:00+00:00,2026-09-18 13:00:01+00:00,,,2026-09-18 12:45:00+00:00,,,FIB_RETRACE,boom:FIB_RETRACE:2026-09-18T12:30:00+00:00,1,5148.269956,5151.403828,5147.004134571429,5162.889,5.063285714285679,,,expired,no_observed_touch,False,False,,,
2026-09-20 04:00:00+00:00,2026-09-20 04:01:00+00:00,2026-09-20 04:15:00+00:00,2026-09-20 04:30:01+00:00,,,2026-09-20 04:15:00+00:00,,,FIB_RETRACE,boom:FIB_RETRACE:2026-09-20T04:00:00+00:00,1,5038.555076,5046.406388,5036.976665285714,5075.045,6.313642857142765,,,expired,no_observed_touch,False,False,,,
2026-09-20 04:30:00+00:00,2026-09-20 04:31:00+00:00,2026-09-20 04:45:00+00:00,2026-09-20 05:00:01+00:00,,,2026-09-20 04:45:00+00:00,,,FIB_RETRACE,boom:FIB_RETRACE:2026-09-20T04:30:00+00:00,1,5044.6252620000005,5055.9372060000005,5042.716369142858,5097.405,7.635571428571178,,,expired,no_observed_touch,False,False,,,
2026-09-21 08:00:00+00:00,2026-09-21 08:01:00+00:00,2026-09-21 08:15:00+00:00,2026-09-21 08:30:01+00:00,,,2026-09-21 08:15:00+00:00,,,FIB_RETRACE,boom:FIB_RETRACE:2026-09-21T08:00:00+00:00,1,5024.072612,5026.988756000001,5022.981754857143,5035.441,4.363428571428552,,,expired,no_observed_touch,False,False,,,
2026-09-21 10:30:00+00:00,2026-09-21 10:31:00+00:00,2026-09-21 10:45:00+00:00,2026-09-21 11:00:01+00:00,,,2026-09-21 10:45:00+00:00,,,FIB_RETRACE,boom:FIB_RETRACE:2026-09-21T10:30:00+00:00,1,5036.164168,5046.229384,5034.314632285715,5081.263,7.398142857142765,,,expired,no_observed_touch,False,False,,,
2026-09-21 14:30:00+00:00,2026-09-21 14:31:00+00:00,2026-09-21 14:45:00+00:00,2026-09-21 15:00:01+00:00,,,2026-09-21 14:45:00+00:00,,,FIB_RETRACE,boom:FIB_RETRACE:2026-09-21T14:30:00+00:00,1,5113.6520740000005,5118.186562,5112.453074000001,5133.756,4.796000000000016,,,expired,no_observed_touch,False,False,,,
2026-09-21 15:00:00+00:00,2026-09-21 15:01:00+00:00,2026-09-21 15:15:00+00:00,2026-09-21 15:30:01+00:00,,,2026-09-21 15:15:00+00:00,,,FIB_RETRACE,boom:FIB_RETRACE:2026-09-21T15:00:00+00:00,1,5119.531776,5123.947488,5118.406240285714,5138.648,4.502142857142969,,,expired,no_observed_touch,False,False,,,
2026-09-21 20:00:00+00:00,2026-09-21 20:01:00+00:00,2026-09-21 20:15:00+00:00,2026-09-21 20:30:01+00:00,,,2026-09-21 20:15:00+00:00,,,FIB_RETRACE,boom:FIB_RETRACE:2026-09-21T20:00:00+00:00,1,5162.347716,5169.402708,5160.829983857143,5195.026,6.0709285714286,,,expired,no_observed_touch,False,False,,,
2026-09-21 20:30:00+00:00,2026-09-21 20:31:00+00:00,2026-09-21 20:45:00+00:00,2026-09-21 21:00:01+00:00,,,2026-09-21 20:45:00+00:00,,,FIB_RETRACE,boom:FIB_RETRACE:2026-09-21T20:30:00+00:00,1,5166.508498,5174.573674,5164.745801571428,5204.15,7.050785714285731,,,expired,no_observed_touch,False,False,,,
2026-09-22 00:30:00+00:00,2026-09-22 00:31:00+00:00,2026-09-22 00:45:00+00:00,2026-09-22 01:00:01+00:00,,,2026-09-22 00:45:00+00:00,,,FIB_RETRACE,boom:FIB_RETRACE:2026-09-22T00:30:00+00:00,1,5217.837039999999,5221.25752,5216.581772142857,5233.391,5.0210714285714335,,,expired,no_observed_touch,False,False,,,
2026-09-23 00:30:00+00:00,2026-09-23 00:31:00+00:00,2026-09-23 00:45:00+00:00,2026-09-23 01:00:01+00:00,,,2026-09-23 00:45:00+00:00,,,FIB_RETRACE,boom:FIB_RETRACE:2026-09-23T00:30:00+00:00,1,5103.596248,5109.162424,5102.141248,5127.496,5.819999999999969,,,expired,no_observed_touch,False,False,,,
2026-09-23 01:00:00+00:00,2026-09-23 01:01:00+00:00,2026-09-23 01:15:00+00:00,2026-09-23 01:30:01+00:00,,,2026-09-23 01:15:00+00:00,,,FIB_RETRACE,boom:FIB_RETRACE:2026-09-23T01:00:00+00:00,1,5127.210136,5131.582168,5125.916582428571,5146.692,5.174214285714372,,,expired,no_observed_touch,False,False,,,
2026-09-23 01:30:00+00:00,2026-09-23 01:31:00+00:00,2026-09-23 01:45:00+00:00,2026-09-23 02:00:01+00:00,,,2026-09-23 01:45:00+00:00,,,FIB_RETRACE,boom:FIB_RETRACE:2026-09-23T01:30:00+00:00,1,5128.150978,5132.321914,5126.896656571428,5145.512,5.0172857142857925,,,expired,no_observed_touch,False,False,,,
2026-09-23 02:00:00+00:00,2026-09-23 02:01:00+00:00,2026-09-23 02:15:00+00:00,2026-09-23 02:30:01+00:00,,,2026-09-23 02:15:00+00:00,,,FIB_RETRACE,boom:FIB_RETRACE:2026-09-23T02:00:00+00:00,1,5142.861715999999,5146.052708,5141.573216,5157.625,5.154000000000061,,,expired,no_observed_touch,False,False,,,
2026-09-24 03:00:00+00:00,2026-09-24 03:01:00+00:00,2026-09-24 03:15:00+00:00,2026-09-24 03:30:01+00:00,,,2026-09-24 03:15:00+00:00,,,FIB_RETRACE,boom:FIB_RETRACE:2026-09-24T03:00:00+00:00,1,5127.017078,5134.573214,5125.309506571429,5161.6,6.830285714285765,,,expired,no_observed_touch,False,False,,,
2026-09-24 03:30:00+00:00,2026-09-24 03:31:00+00:00,2026-09-24 03:45:00+00:00,2026-09-24 04:00:01+00:00,,,2026-09-24 03:45:00+00:00,,,FIB_RETRACE,boom:FIB_RETRACE:2026-09-24T03:30:00+00:00,1,5149.605146,5152.333298,5148.080056714286,5161.431,6.100357142857059,,,expired,no_observed_touch,False,False,,,
2026-09-24 07:00:00+00:00,2026-09-24 07:01:00+00:00,2026-09-24 07:15:00+00:00,2026-09-24 07:30:01+00:00,,,2026-09-24 07:15:00+00:00,,,FIB_RETRACE,boom:FIB_RETRACE:2026-09-24T07:00:00+00:00,1,5143.426824,5148.150312,5142.151181142857,5163.438,5.102571428571472,,,expired,no_observed_touch,False,False,,,
2026-09-24 08:30:00+00:00,2026-09-24 08:31:00+00:00,2026-09-24 08:45:00+00:00,2026-09-24 09:00:01+00:00,,,2026-09-24 08:45:00+00:00,,,FIB_RETRACE,boom:FIB_RETRACE:2026-09-24T08:30:00+00:00,1,5164.172874,5166.976962,5163.099677571428,5175.934,4.292785714285726,,,expired,no_observed_touch,False,False,,,
2026-09-24 11:00:00+00:00,2026-09-24 11:01:00+00:00,2026-09-24 11:15:00+00:00,2026-09-24 11:30:01+00:00,,,2026-09-24 11:15:00+00:00,,,FIB_RETRACE,boom:FIB_RETRACE:2026-09-24T11:00:00+00:00,1,5182.773544,5185.393672,5181.750883285714,5194.281,4.090642857142939,,,expired,no_observed_touch,False,False,,,
2026-09-24 12:00:00+00:00,2026-09-24 12:01:00+00:00,2026-09-24 12:15:00+00:00,2026-09-24 12:30:01+00:00,,,2026-09-24 12:15:00+00:00,,,FIB_RETRACE,boom:FIB_RETRACE:2026-09-24T12:00:00+00:00,1,5193.894428,5195.658764,5192.827320857143,5199.768,4.268428571428428,,,expired,no_observed_touch,False,False,,,
2026-09-24 14:30:00+00:00,2026-09-24 14:31:00+00:00,2026-09-24 14:45:00+00:00,2026-09-24 15:00:01+00:00,,,2026-09-24 14:45:00+00:00,,,FIB_RETRACE,boom:FIB_RETRACE:2026-09-24T14:30:00+00:00,1,5238.337058,5242.964954,5237.163218714286,5257.547,4.695357142857184,,,expired,no_observed_touch,False,False,,,
2026-09-25 17:00:00+00:00,2026-09-25 17:01:00+00:00,2026-09-25 17:15:00+00:00,2026-09-25 17:30:01+00:00,,,2026-09-25 17:15:00+00:00,,,FIB_RETRACE,boom:FIB_RETRACE:2026-09-25T17:00:00+00:00,1,5255.341334,5259.470942,5254.329780428571,5271.036,4.046214285714281,,,expired,no_observed_touch,False,False,,,
2026-09-26 12:00:00+00:00,2026-09-26 12:01:00+00:00,2026-09-26 12:15:00+00:00,2026-09-26 12:30:01+00:00,,,2026-09-26 12:15:00+00:00,,,FIB_RETRACE,boom:FIB_RETRACE:2026-09-26T12:00:00+00:00,1,5212.43541,5216.85633,5211.299517142857,5230.815,4.54357142857147,,,expired,no_observed_touch,False,False,,,
2026-09-26 12:30:00+00:00,2026-09-26 12:31:00+00:00,2026-09-26 12:45:00+00:00,2026-09-26 13:00:01+00:00,,,2026-09-26 12:45:00+00:00,,,FIB_RETRACE,boom:FIB_RETRACE:2026-09-26T12:30:00+00:00,1,5218.066314,5221.283682,5216.869492571428,5226.599,4.787285714285774,,,expired,no_observed_touch,False,False,,,
2026-09-28 16:00:00+00:00,2026-09-28 16:01:00+00:00,2026-09-28 16:15:00+00:00,2026-09-28 16:30:01+00:00,,,2026-09-28 16:15:00+00:00,,,FIB_RETRACE,boom:FIB_RETRACE:2026-09-28T16:00:00+00:00,1,5115.031456000001,5119.719328,5113.817777428572,5135.1,4.854714285714246,,,expired,no_observed_touch,False,False,,,
2026-09-28 17:30:00+00:00,2026-09-28 17:31:00+00:00,2026-09-28 17:45:00+00:00,2026-09-28 18:00:01+00:00,,,2026-09-28 17:45:00+00:00,,,FIB_RETRACE,boom:FIB_RETRACE:2026-09-28T17:30:00+00:00,1,5126.240376,5128.791288,5125.153465285714,5134.77,4.347642857142806,,,expired,no_observed_touch,False,False,,,
2026-09-28 19:30:00+00:00,2026-09-28 19:31:00+00:00,2026-09-28 19:45:00+00:00,2026-09-28 20:00:01+00:00,,,2026-09-28 19:45:00+00:00,,,FIB_RETRACE,boom:FIB_RETRACE:2026-09-28T19:30:00+00:00,1,5140.3266,5146.1058,5138.941171428572,5166.598,5.541714285714144,,,expired,no_observed_touch,False,False,,,
2026-09-28 21:00:00+00:00,2026-09-28 21:01:00+00:00,2026-09-28 21:15:00+00:00,2026-09-28 21:30:01+00:00,,,2026-09-28 21:15:00+00:00,,,FIB_RETRACE,boom:FIB_RETRACE:2026-09-28T21:00:00+00:00,1,5166.802756,5172.070228,5165.620952428571,5190.895,4.727214285714386,,,expired,no_observed_touch,False,False,,,
2026-09-29 05:00:00+00:00,2026-09-29 05:01:00+00:00,2026-09-29 05:15:00+00:00,2026-09-29 05:30:01+00:00,,,2026-09-29 05:15:00+00:00,,,FIB_RETRACE,boom:FIB_RETRACE:2026-09-29T05:00:00+00:00,1,5168.477244,5173.877772,5167.052994,5193.073,5.697000000000116,,,expired,no_observed_touch,False,False,,,
2026-09-29 06:30:00+00:00,2026-09-29 06:31:00+00:00,2026-09-29 06:45:00+00:00,2026-09-29 07:00:01+00:00,,,2026-09-29 06:45:00+00:00,,,FIB_RETRACE,boom:FIB_RETRACE:2026-09-29T06:30:00+00:00,1,5213.642626,5221.380538,5211.880072428571,5249.733,7.050214285714317,,,expired,no_observed_touch,False,False,,,
2026-09-29 20:30:00+00:00,2026-09-29 20:31:00+00:00,2026-09-29 20:45:00+00:00,2026-09-29 21:00:01+00:00,,,2026-09-29 20:45:00+00:00,,,FIB_RETRACE,boom:FIB_RETRACE:2026-09-29T20:30:00+00:00,1,5217.910814,5225.118182,5216.392689,5249.928,6.072500000000089,,,expired,no_observed_touch,False,False,,,
2026-09-30 02:00:00+00:00,2026-09-30 02:01:00+00:00,2026-09-30 02:15:00+00:00,2026-09-30 02:30:01+00:00,,,2026-09-30 02:15:00+00:00,,,FIB_RETRACE,boom:FIB_RETRACE:2026-09-30T02:00:00+00:00,1,5264.60408,5270.26904,5263.237455,5287.444,5.466500000000126,,,expired,no_observed_touch,False,False,,,
2026-09-30 11:00:00+00:00,2026-09-30 11:01:00+00:00,2026-09-30 11:15:00+00:00,2026-09-30 11:30:01+00:00,,,2026-09-30 11:15:00+00:00,,,FIB_RETRACE,boom:FIB_RETRACE:2026-09-30T11:00:00+00:00,1,5316.588234,5321.028642,5315.170769714286,5335.895,5.669857142857187,,,expired,no_observed_touch,False,False,,,
2026-09-30 18:30:00+00:00,2026-09-30 18:31:00+00:00,2026-09-30 18:45:00+00:00,2026-09-30 19:00:01+00:00,,,2026-09-30 18:45:00+00:00,,,FIB_RETRACE,boom:FIB_RETRACE:2026-09-30T18:30:00+00:00,1,5387.303672,5391.612536,5385.966064857143,5406.519,5.3504285714285675,,,expired,no_observed_touch,False,False,,,
2026-10-02 03:30:00+00:00,2026-10-02 03:31:00+00:00,2026-10-02 03:45:00+00:00,2026-10-02 04:00:01+00:00,,,2026-10-02 03:45:00+00:00,,,FIB_RETRACE,boom:FIB_RETRACE:2026-10-02T03:30:00+00:00,1,5191.714552,5195.925976,5190.379784142858,5210.644,5.339071428571385,,,expired,no_observed_touch,False,False,,,
2026-10-02 22:00:00+00:00,2026-10-02 22:01:00+00:00,2026-10-02 22:15:00+00:00,2026-10-02 22:30:01+00:00,,,2026-10-02 22:15:00+00:00,,,FIB_RETRACE,boom:FIB_RETRACE:2026-10-02T22:00:00+00:00,1,5187.44137,5192.30581,5185.9957807142855,5209.149,5.782357142857044,,,expired,no_observed_touch,False,False,,,
2026-10-03 11:30:00+00:00,2026-10-03 11:31:00+00:00,2026-10-03 11:45:00+00:00,2026-10-03 12:00:01+00:00,,,2026-10-03 11:45:00+00:00,,,FIB_RETRACE,boom:FIB_RETRACE:2026-10-03T11:30:00+00:00,1,5219.998595999999,5222.7561479999995,5218.822988857142,5230.448,4.702428571428625,,,expired,no_observed_touch,False,False,,,
2026-10-03 12:00:00+00:00,2026-10-03 12:01:00+00:00,2026-10-03 12:15:00+00:00,2026-10-03 12:30:01+00:00,,,2026-10-03 12:15:00+00:00,,,FIB_RETRACE,boom:FIB_RETRACE:2026-10-03T12:00:00+00:00,1,5223.25507,5226.36391,5221.990445,5234.074,5.05850000000003,,,expired,no_observed_touch,False,False,,,
2026-10-03 13:30:00+00:00,2026-10-03 13:31:00+00:00,2026-10-03 13:45:00+00:00,2026-10-03 14:00:01+00:00,2026-10-03 13:36:12+00:00,2026-10-03 13:36:13+00:00,2026-10-03 13:50:10+00:00,2026-10-03 13:50:09+00:00,,FIB_RETRACE,boom:FIB_RETRACE:2026-10-03T13:30:00+00:00,1,5237.958862,5239.510006,5237.033219142858,5242.68,3.702571428571381,5239.505,5232.091,completed,sl,False,False,-1.0011960799444206,-1.0511960799444207,13.95
2026-10-03 20:30:00+00:00,2026-10-03 20:31:00+00:00,2026-10-03 20:45:00+00:00,2026-10-03 21:00:01+00:00,,,2026-10-03 20:45:00+00:00,,,FIB_RETRACE,boom:FIB_RETRACE:2026-10-03T20:30:00+00:00,1,5241.4559899999995,5250.40787,5239.4751507142855,5282.464,7.92335714285699,,,expired,no_observed_touch,False,False,,,
