signal_time,activation_time,wait_end,maximum_end,touch_time,entry_time,exit_time,trigger_time,missing_time,variant,zone_id,side,zone_low,zone_high,invalidation,issue_price,atr,entry,exit,status,reason,censored,ambiguous,gross_R,net_R,holding_minutes
2026-04-07 23:00:00+00:00,2026-04-07 23:01:00+00:00,2026-04-07 23:15:00+00:00,2026-04-07 23:30:01+00:00,2026-04-07 23:03:47+00:00,2026-04-07 23:03:48+00:00,2026-04-07 23:18:48+00:00,,,CONTEXT_GEOMETRIC,crash:CONTEXT_GEOMETRIC:2026-04-07T23:00:00+00:00,-1,24860.668903571426,24862.762882142855,24867.997828571428,24851.246,20.93978571428592,24860.713,24862.718,completed,time,False,False,-0.047875370535266054,-0.09787537053526606,15.0
2026-04-08 04:00:00+00:00,2026-04-08 04:01:00+00:00,2026-04-08 04:15:00+00:00,2026-04-08 04:30:01+00:00,2026-04-08 04:04:20+00:00,2026-04-08 04:04:21+00:00,2026-04-08 04:19:21+00:00,,,CONTEXT_GEOMETRIC,crash:CONTEXT_GEOMETRIC:2026-04-08T04:00:00+00:00,-1,24821.207064285714,24823.707078571428,24829.957114285713,24809.957,25.000142857142627,24821.228,24805.479,completed,time,False,False,0.31497820012456956,0.2649782001245696,15.0
2026-04-08 12:00:00+00:00,2026-04-08 12:01:00+00:00,2026-04-08 12:15:00+00:00,2026-04-08 12:30:01+00:00,2026-04-08 12:03:47+00:00,2026-04-08 12:03:48+00:00,2026-04-08 12:18:48+00:00,,,CONTEXT_GEOMETRIC,crash:CONTEXT_GEOMETRIC:2026-04-08T12:00:00+00:00,-1,24925.551139285715,24927.69650357143,24933.059914285717,24915.897,21.45364285714381,24925.571,24915.709,completed,time,False,False,0.22984441536736638,0.1798444153673664,15.0
2026-04-08 12:30:00+00:00,2026-04-08 12:31:00+00:00,2026-04-08 12:45:00+00:00,2026-04-08 13:00:01+00:00,2026-04-08 12:35:42+00:00,2026-04-08 12:35:43+00:00,2026-04-08 12:50:43+00:00,,,CONTEXT_GEOMETRIC,crash:CONTEXT_GEOMETRIC:2026-04-08T12:30:00+00:00,-1,24818.565725,24821.560774999998,24829.0484,24805.088,29.95050000000031,24818.629,24803.261,completed,time,False,False,0.2565566518088521,0.20655665180885213,15.0
2026-04-08 14:30:00+00:00,2026-04-08 14:31:00+00:00,2026-04-08 14:45:00+00:00,2026-04-08 15:00:01+00:00,2026-04-08 14:36:37+00:00,2026-04-08 14:36:38+00:00,2026-04-08 14:51:38+00:00,,,CONTEXT_GEOMETRIC,crash:CONTEXT_GEOMETRIC:2026-04-08T14:30:00+00:00,-1,24751.412314285713,24753.346828571426,24758.18311428571,24742.707,19.34514285714301,24751.481,24787.275,completed,time,False,False,-0.9251417853134409,-0.975141785313441,15.0
2026-04-08 19:00:00+00:00,2026-04-08 19:01:00+00:00,2026-04-08 19:15:00+00:00,2026-04-08 19:30:01+00:00,2026-04-08 19:05:12+00:00,2026-04-08 19:05:13+00:00,2026-04-08 19:20:13+00:00,,,CONTEXT_GEOMETRIC,crash:CONTEXT_GEOMETRIC:2026-04-08T19:00:00+00:00,-1,24645.702003571427,24648.49778214286,24655.48722857143,24633.121,27.95778571428621,24645.795,24638.828,completed,time,False,False,0.1245985656946507,0.0745985656946507,15.0
2026-04-08 19:30:00+00:00,2026-04-08 19:31:00+00:00,2026-04-08 19:45:00+00:00,2026-04-08 20:00:01+00:00,2026-04-08 19:35:19+00:00,2026-04-08 19:35:20+00:00,2026-04-08 19:50:20+00:00,,,CONTEXT_GEOMETRIC,crash:CONTEXT_GEOMETRIC:2026-04-08T19:30:00+00:00,-1,24662.66067142857,24665.657042857143,24673.14797142857,24649.177,29.96371428571469,24662.74,24630.373,completed,time,False,False,0.5401032677619859,0.49010326776198593,15.0
2026-04-09 10:00:00+00:00,2026-04-09 10:01:00+00:00,2026-04-09 10:15:00+00:00,2026-04-09 10:30:01+00:00,2026-04-09 10:03:41+00:00,2026-04-09 10:03:42+00:00,2026-04-09 10:18:42+00:00,,,CONTEXT_GEOMETRIC,crash:CONTEXT_GEOMETRIC:2026-04-09T10:00:00+00:00,-1,24983.644510714286,24985.77084642857,24991.086685714286,24974.076,21.263357142857007,24983.709,24980.427,completed,time,False,False,0.07717501939955339,0.027175019399553385,15.0
2026-04-09 17:30:00+00:00,2026-04-09 17:31:00+00:00,2026-04-09 17:45:00+00:00,2026-04-09 18:00:01+00:00,2026-04-09 17:34:12+00:00,2026-04-09 17:34:13+00:00,2026-04-09 17:49:13+00:00,,,CONTEXT_GEOMETRIC,crash:CONTEXT_GEOMETRIC:2026-04-09T17:30:00+00:00,-1,24824.059785714286,24826.26107142857,24831.764285714282,24814.154,22.012857142857165,24824.136,24861.434,completed,time,False,False,-0.8471867090661862,-0.8971867090661862,15.0
2026-04-10 00:00:00+00:00,2026-04-10 00:01:00+00:00,2026-04-10 00:15:00+00:00,2026-04-10 00:30:01+00:00,2026-04-10 00:04:38+00:00,2026-04-10 00:04:39+00:00,2026-04-10 00:19:39+00:00,,,CONTEXT_GEOMETRIC,crash:CONTEXT_GEOMETRIC:2026-04-10T00:00:00+00:00,-1,24605.754607142855,24608.224964285713,24614.400857142857,24594.638,24.703571428571585,24605.918,24589.848,completed,time,False,False,0.3252566141390697,0.2752566141390697,15.0
2026-04-10 03:30:00+00:00,2026-04-10 03:31:00+00:00,2026-04-10 03:45:00+00:00,2026-04-10 04:00:01+00:00,2026-04-10 03:34:18+00:00,2026-04-10 03:34:19+00:00,2026-04-10 03:49:19+00:00,,,CONTEXT_GEOMETRIC,crash:CONTEXT_GEOMETRIC:2026-04-10T03:30:00+00:00,-1,24533.526389285715,24535.86025357143,24541.694914285716,24523.024,23.338642857142986,24533.6,24523.87,completed,time,False,False,0.20845256640579715,0.15845256640579714,15.0
2026-04-10 05:30:00+00:00,2026-04-10 05:31:00+00:00,2026-04-10 05:45:00+00:00,2026-04-10 06:00:01+00:00,2026-04-10 05:34:27+00:00,2026-04-10 05:34:28+00:00,2026-04-10 05:49:28+00:00,,,CONTEXT_GEOMETRIC,crash:CONTEXT_GEOMETRIC:2026-04-10T05:30:00+00:00,-1,24497.457053571427,24499.869732142855,24505.901428571426,24486.6,24.12678571428582,24497.541,24526.182,completed,time,False,False,-0.5935519206572318,-0.6435519206572319,15.0
2026-04-10 06:00:00+00:00,2026-04-10 06:01:00+00:00,2026-04-10 06:15:00+00:00,2026-04-10 06:30:01+00:00,2026-04-10 06:03:32+00:00,2026-04-10 06:03:33+00:00,2026-04-10 06:18:33+00:00,,,CONTEXT_GEOMETRIC,crash:CONTEXT_GEOMETRIC:2026-04-10T06:00:00+00:00,-1,24469.756657142858,24471.667914285714,24476.446057142857,24461.156,19.112571428571496,24469.837,24476.001,completed,time,False,False,-0.1612551200406783,-0.2112551200406783,15.0
2026-04-10 07:00:00+00:00,2026-04-10 07:01:00+00:00,2026-04-10 07:15:00+00:00,2026-04-10 07:30:01+00:00,2026-04-10 07:04:40+00:00,2026-04-10 07:04:41+00:00,2026-04-10 07:19:41+00:00,,,CONTEXT_GEOMETRIC,crash:CONTEXT_GEOMETRIC:2026-04-10T07:00:00+00:00,-1,24406.194496428572,24408.737717857144,24415.095771428572,24394.75,25.43221428571373,24406.284,24412.021,completed,time,False,False,-0.11279002165422314,-0.16279002165422313,15.0
2026-04-10 08:00:00+00:00,2026-04-10 08:01:00+00:00,2026-04-10 08:15:00+00:00,2026-04-10 08:30:01+00:00,2026-04-10 08:04:38+00:00,2026-04-10 08:04:39+00:00,2026-04-10 08:19:39+00:00,,,CONTEXT_GEOMETRIC,crash:CONTEXT_GEOMETRIC:2026-04-10T08:00:00+00:00,-1,24317.68612142857,24320.21259285714,24326.52877142857,24306.317,25.264714285713904,24317.743,24354.834,completed,time,False,False,-0.7340474857650319,-0.7840474857650319,15.0
2026-04-10 08:30:00+00:00,2026-04-10 08:31:00+00:00,2026-04-10 08:45:00+00:00,2026-04-10 09:00:01+00:00,2026-04-10 08:34:34+00:00,2026-04-10 08:34:35+00:00,2026-04-10 08:49:35+00:00,,,CONTEXT_GEOMETRIC,crash:CONTEXT_GEOMETRIC:2026-04-10T08:30:00+00:00,-1,24325.35632142857,24327.842392857143,24334.05757142857,24314.169,24.860714285714234,24325.413,24340.846,completed,time,False,False,-0.31038931188049573,-0.3603893118804957,15.0
2026-04-12 03:00:00+00:00,2026-04-12 03:01:00+00:00,2026-04-12 03:15:00+00:00,2026-04-12 03:30:01+00:00,2026-04-12 03:03:47+00:00,2026-04-12 03:03:48+00:00,2026-04-12 03:18:48+00:00,,,CONTEXT_GEOMETRIC,crash:CONTEXT_GEOMETRIC:2026-04-12T03:00:00+00:00,-1,24548.381575,24550.649924999998,24556.320799999998,24538.174,22.683500000000226,24548.428,24580.244,completed,time,False,False,-0.7013027090175364,-0.7513027090175365,15.0
2026-04-12 03:30:00+00:00,2026-04-12 03:31:00+00:00,2026-04-12 03:45:00+00:00,2026-04-12 04:00:01+00:00,2026-04-12 03:35:56+00:00,2026-04-12 03:35:57+00:00,2026-04-12 03:50:57+00:00,,,CONTEXT_GEOMETRIC,crash:CONTEXT_GEOMETRIC:2026-04-12T03:30:00+00:00,-1,24562.020950000002,24563.69605,24567.8838,24554.483,16.751000000000463,24562.091,24561.75,completed,time,False,False,0.010178496806170969,-0.03982150319382903,15.0
2026-04-12 20:00:00+00:00,2026-04-12 20:01:00+00:00,2026-04-12 20:15:00+00:00,2026-04-12 20:30:01+00:00,2026-04-12 20:05:01+00:00,2026-04-12 20:05:02+00:00,2026-04-12 20:20:02+00:00,,,CONTEXT_GEOMETRIC,crash:CONTEXT_GEOMETRIC:2026-04-12T20:00:00+00:00,-1,24504.260032142854,24506.942039285714,24513.647057142858,24492.191,26.82007142857089,24504.27,24527.119,completed,time,False,False,-0.4259682913382877,-0.47596829133828766,15.0
2026-04-12 21:00:00+00:00,2026-04-12 21:01:00+00:00,2026-04-12 21:15:00+00:00,2026-04-12 21:30:01+00:00,2026-04-12 21:04:24+00:00,2026-04-12 21:04:25+00:00,2026-04-12 21:19:25+00:00,,,CONTEXT_GEOMETRIC,crash:CONTEXT_GEOMETRIC:2026-04-12T21:00:00+00:00,-1,24476.77632142857,24479.346392857144,24485.771571428573,24465.211,25.70071428571438,24476.862,24513.921,completed,time,False,False,-0.7209721797614889,-0.7709721797614889,15.0
2026-04-12 22:00:00+00:00,2026-04-12 22:01:00+00:00,2026-04-12 22:15:00+00:00,2026-04-12 22:30:01+00:00,2026-04-12 22:05:40+00:00,2026-04-12 22:05:41+00:00,2026-04-12 22:20:41+00:00,,,CONTEXT_GEOMETRIC,crash:CONTEXT_GEOMETRIC:2026-04-12T22:00:00+00:00,-1,24362.010764285715,24365.05537857143,24372.666914285714,24348.31,30.4461428571428,24362.052,24399.176,completed,time,False,False,-0.609666718280052,-0.6596667182800521,15.0
2026-04-13 01:30:00+00:00,2026-04-13 01:31:00+00:00,2026-04-13 01:45:00+00:00,2026-04-13 02:00:01+00:00,2026-04-13 01:33:10+00:00,2026-04-13 01:33:11+00:00,2026-04-13 01:48:11+00:00,,,CONTEXT_GEOMETRIC,crash:CONTEXT_GEOMETRIC:2026-04-13T01:30:00+00:00,-1,24399.087535714287,24400.748321428575,24404.900285714288,24391.614,16.607857142857547,24399.196,24426.845,completed,time,False,False,-0.8324072082921339,-0.8824072082921339,15.0
2026-04-13 08:30:00+00:00,2026-04-13 08:31:00+00:00,2026-04-13 08:45:00+00:00,2026-04-13 09:00:01+00:00,2026-04-13 08:35:25+00:00,2026-04-13 08:35:26+00:00,2026-04-13 08:50:26+00:00,,,CONTEXT_GEOMETRIC,crash:CONTEXT_GEOMETRIC:2026-04-13T08:30:00+00:00,-1,24270.644496428573,24273.539717857144,24280.777771428573,24257.616,28.952214285713644,24270.757,24230.19,completed,time,False,False,0.7005854474491846,0.6505854474491846,15.0
2026-04-14 00:00:00+00:00,2026-04-14 00:01:00+00:00,2026-04-14 00:15:00+00:00,2026-04-14 00:30:01+00:00,2026-04-14 00:04:23+00:00,2026-04-14 00:04:24+00:00,2026-04-14 00:19:24+00:00,,,CONTEXT_GEOMETRIC,crash:CONTEXT_GEOMETRIC:2026-04-14T00:00:00+00:00,-1,24111.625517857145,24114.009410714287,24119.969142857142,24100.898,23.8389285714285,24111.712,24097.592,completed,time,False,False,0.2961542495018447,0.24615424950184472,15.0
2026-04-14 02:00:00+00:00,2026-04-14 02:01:00+00:00,2026-04-14 02:15:00+00:00,2026-04-14 02:30:01+00:00,2026-04-14 02:03:41+00:00,2026-04-14 02:03:42+00:00,2026-04-14 02:18:42+00:00,,,CONTEXT_GEOMETRIC,crash:CONTEXT_GEOMETRIC:2026-04-14T02:00:00+00:00,-1,24033.6396,24035.6164,24040.558399999998,24024.744,19.76800000000003,24033.731,24050.834,completed,time,False,False,-0.4325930797247858,-0.48259307972478577,15.0
2026-04-14 02:30:00+00:00,2026-04-14 02:31:00+00:00,2026-04-14 02:45:00+00:00,2026-04-14 03:00:01+00:00,2026-04-14 02:36:09+00:00,2026-04-14 02:36:10+00:00,2026-04-14 02:51:10+00:00,,,CONTEXT_GEOMETRIC,crash:CONTEXT_GEOMETRIC:2026-04-14T02:30:00+00:00,-1,24041.506550000002,24043.47045,24048.3802,24032.669,19.638999999999992,24041.545,24060.704,completed,time,False,False,-0.4877794185040811,-0.5377794185040811,15.0
2026-04-14 06:00:00+00:00,2026-04-14 06:01:00+00:00,2026-04-14 06:15:00+00:00,2026-04-14 06:30:01+00:00,2026-04-14 06:03:51+00:00,2026-04-14 06:03:52+00:00,2026-04-14 06:18:52+00:00,,,CONTEXT_GEOMETRIC,crash:CONTEXT_GEOMETRIC:2026-04-14T06:00:00+00:00,-1,24041.835228571428,24044.103057142856,24049.772628571427,24031.63,22.678285714285657,24041.854,24015.025,completed,time,False,False,0.5915129639428082,0.5415129639428081,15.0
2026-04-14 07:00:00+00:00,2026-04-14 07:01:00+00:00,2026-04-14 07:15:00+00:00,2026-04-14 07:30:01+00:00,2026-04-14 07:04:27+00:00,2026-04-14 07:04:28+00:00,2026-04-14 07:19:28+00:00,,,CONTEXT_GEOMETRIC,crash:CONTEXT_GEOMETRIC:2026-04-14T07:00:00+00:00,-1,23961.50589642857,23964.11231785714,23970.628371428567,23949.777,26.064214285714115,23961.547,23994.907,completed,time,False,False,-0.6399579061603501,-0.6899579061603501,15.0
2026-04-15 11:30:00+00:00,2026-04-15 11:31:00+00:00,2026-04-15 11:45:00+00:00,2026-04-15 12:00:01+00:00,2026-04-15 11:34:02+00:00,2026-04-15 11:34:03+00:00,2026-04-15 11:49:03+00:00,,,CONTEXT_GEOMETRIC,crash:CONTEXT_GEOMETRIC:2026-04-15T11:30:00+00:00,-1,24621.358957142857,24623.549614285716,24629.026257142858,24611.501,21.906571428571624,24621.464,24657.936,completed,time,False,False,-0.8324442763424176,-0.8824442763424176,15.0
2026-04-15 12:00:00+00:00,2026-04-15 12:01:00+00:00,2026-04-15 12:15:00+00:00,2026-04-15 12:30:01+00:00,2026-04-15 12:04:33+00:00,2026-04-15 12:04:34+00:00,2026-04-15 12:19:34+00:00,,,CONTEXT_GEOMETRIC,crash:CONTEXT_GEOMETRIC:2026-04-15T12:00:00+00:00,-1,24625.123910714283,24627.56544642857,24633.669285714284,24614.137,24.41535714285705,24625.207,24586.453,completed,time,False,False,0.7936398344132974,0.7436398344132974,15.0
2026-04-15 16:00:00+00:00,2026-04-15 16:01:00+00:00,2026-04-15 16:15:00+00:00,2026-04-15 16:30:01+00:00,2026-04-15 16:04:00+00:00,2026-04-15 16:04:01+00:00,2026-04-15 16:19:01+00:00,,,CONTEXT_GEOMETRIC,crash:CONTEXT_GEOMETRIC:2026-04-15T16:00:00+00:00,-1,24601.246582142856,24603.456489285712,24608.981257142856,24591.302,22.099071428571083,24601.304,24589.274,completed,time,False,False,0.27218338197788905,0.22218338197788906,15.0
2026-04-15 18:30:00+00:00,2026-04-15 18:31:00+00:00,2026-04-15 18:45:00+00:00,2026-04-15 19:00:01+00:00,2026-04-15 18:35:50+00:00,2026-04-15 18:35:51+00:00,2026-04-15 18:50:51+00:00,,,CONTEXT_GEOMETRIC,crash:CONTEXT_GEOMETRIC:2026-04-15T18:30:00+00:00,-1,24409.965289285712,24413.109353571428,24420.969514285713,24395.817,31.44064285714324,24409.982,24441.449,completed,time,False,False,-0.5004191571873557,-0.5504191571873558,15.0
2026-04-15 21:00:00+00:00,2026-04-15 21:01:00+00:00,2026-04-15 21:15:00+00:00,2026-04-15 21:30:01+00:00,2026-04-15 21:04:24+00:00,2026-04-15 21:04:25+00:00,2026-04-15 21:19:25+00:00,,,CONTEXT_GEOMETRIC,crash:CONTEXT_GEOMETRIC:2026-04-15T21:00:00+00:00,-1,24489.140710714288,24491.50864642857,24497.428485714285,24478.485,23.67935714285756,24489.21,24396.775,completed,time,False,False,1.9518055207820322,1.9018055207820321,15.0
2026-04-16 01:30:00+00:00,2026-04-16 01:31:00+00:00,2026-04-16 01:45:00+00:00,2026-04-16 02:00:01+00:00,2026-04-16 01:34:57+00:00,2026-04-16 01:34:58+00:00,2026-04-16 01:49:58+00:00,,,CONTEXT_GEOMETRIC,crash:CONTEXT_GEOMETRIC:2026-04-16T01:30:00+00:00,-1,24192.237696428572,24194.824517857145,24201.291571428574,24180.597,25.868214285714203,24192.259,24199.926,completed,time,False,False,-0.14819345307950776,-0.19819345307950775,15.0
2026-04-16 08:30:00+00:00,2026-04-16 08:31:00+00:00,2026-04-16 08:45:00+00:00,2026-04-16 09:00:01+00:00,2026-04-16 08:33:00+00:00,2026-04-16 08:33:01+00:00,2026-04-16 08:48:01+00:00,,,CONTEXT_GEOMETRIC,crash:CONTEXT_GEOMETRIC:2026-04-16T08:30:00+00:00,-1,24324.999907142854,24326.525664285713,24330.340057142857,24318.134,15.257571428571671,24325.066,24335.813,completed,time,False,False,-0.35218580002431826,-0.40218580002431825,15.0
2026-04-16 16:30:00+00:00,2026-04-16 16:31:00+00:00,2026-04-16 16:45:00+00:00,2026-04-16 17:00:01+00:00,2026-04-16 16:35:26+00:00,2026-04-16 16:35:27+00:00,2026-04-16 16:50:27+00:00,,,CONTEXT_GEOMETRIC,crash:CONTEXT_GEOMETRIC:2026-04-16T16:30:00+00:00,-1,24232.810175000002,24235.869325000003,24243.517200000002,24219.044,30.591499999999932,24232.865,24202.478,completed,time,False,False,0.4966575682788113,0.4466575682788113,15.0
2026-04-16 18:00:00+00:00,2026-04-16 18:01:00+00:00,2026-04-16 18:15:00+00:00,2026-04-16 18:30:01+00:00,2026-04-16 18:03:57+00:00,2026-04-16 18:03:58+00:00,2026-04-16 18:18:58+00:00,,,CONTEXT_GEOMETRIC,crash:CONTEXT_GEOMETRIC:2026-04-16T18:00:00+00:00,-1,24217.831714285716,24219.967428571428,24225.306714285714,24208.221,21.3571428571426,24217.87,24230.209,completed,time,False,False,-0.2888729096989988,-0.3388729096989988,15.0
2026-04-16 21:00:00+00:00,2026-04-16 21:01:00+00:00,2026-04-16 21:15:00+00:00,2026-04-16 21:30:01+00:00,2026-04-16 21:02:49+00:00,2026-04-16 21:02:50+00:00,2026-04-16 21:17:50+00:00,,,CONTEXT_GEOMETRIC,crash:CONTEXT_GEOMETRIC:2026-04-16T21:00:00+00:00,-1,24092.07601785714,24093.808910714284,24098.14114285714,24084.278,17.32892857142932,24092.183,24123.027,completed,time,False,False,-0.8899569258670347,-0.9399569258670347,15.0
2026-04-17 11:00:00+00:00,2026-04-17 11:01:00+00:00,2026-04-17 11:15:00+00:00,2026-04-17 11:30:01+00:00,2026-04-17 11:13:48+00:00,2026-04-17 11:13:49+00:00,2026-04-17 11:28:49+00:00,,,CONTEXT_GEOMETRIC,crash:CONTEXT_GEOMETRIC:2026-04-17T11:00:00+00:00,-1,23955.31755,23957.67545,23963.5702,23944.707,23.5790000000005,23955.362,23989.28,completed,time,False,False,-0.7192416981211486,-0.7692416981211486,15.0
2026-04-17 20:00:00+00:00,2026-04-17 20:01:00+00:00,2026-04-17 20:15:00+00:00,2026-04-17 20:30:01+00:00,2026-04-17 20:05:54+00:00,2026-04-17 20:05:55+00:00,2026-04-17 20:20:55+00:00,,,CONTEXT_GEOMETRIC,crash:CONTEXT_GEOMETRIC:2026-04-17T20:00:00+00:00,-1,23915.201878571428,23918.28940714286,23926.00822857143,23901.308,30.875285714286033,23915.272,23949.061,completed,time,False,False,-0.5471852198013257,-0.5971852198013258,15.0
2026-04-17 23:30:00+00:00,2026-04-17 23:31:00+00:00,2026-04-17 23:45:00+00:00,2026-04-18 00:00:01+00:00,2026-04-17 23:41:30+00:00,2026-04-17 23:41:31+00:00,2026-04-17 23:56:31+00:00,,,CONTEXT_GEOMETRIC,crash:CONTEXT_GEOMETRIC:2026-04-17T23:30:00+00:00,-1,24012.265042857143,24014.178385714284,24018.96174285714,24003.655,19.13342857142925,24012.356,23993.416,completed,time,False,False,0.494945271551608,0.444945271551608,15.0
2026-04-18 05:00:00+00:00,2026-04-18 05:01:00+00:00,2026-04-18 05:15:00+00:00,2026-04-18 05:30:01+00:00,2026-04-18 05:04:16+00:00,2026-04-18 05:04:17+00:00,2026-04-18 05:19:17+00:00,,,CONTEXT_GEOMETRIC,crash:CONTEXT_GEOMETRIC:2026-04-18T05:00:00+00:00,-1,23926.248482142855,23928.59058928571,23934.445857142855,23915.709,23.42107142857146,23926.327,23962.82,completed,time,False,False,-0.7790634196922481,-0.8290634196922482,15.0
2026-04-18 05:30:00+00:00,2026-04-18 05:31:00+00:00,2026-04-18 05:45:00+00:00,2026-04-18 06:00:01+00:00,2026-04-18 05:34:06+00:00,2026-04-18 05:34:07+00:00,2026-04-18 05:49:07+00:00,,,CONTEXT_GEOMETRIC,crash:CONTEXT_GEOMETRIC:2026-04-18T05:30:00+00:00,-1,23929.322346428573,23931.556867857144,23937.14317142857,23919.267,22.345214285714455,23929.371,23964.518,completed,time,False,False,-0.7864547538143484,-0.8364547538143484,15.0
2026-04-18 16:30:00+00:00,2026-04-18 16:31:00+00:00,2026-04-18 16:45:00+00:00,2026-04-18 17:00:01+00:00,2026-04-18 16:33:14+00:00,2026-04-18 16:33:15+00:00,2026-04-18 16:48:02+00:00,2026-04-18 16:48:01+00:00,,CONTEXT_GEOMETRIC,crash:CONTEXT_GEOMETRIC:2026-04-18T16:30:00+00:00,-1,24002.438460714286,24004.18789642857,24008.561485714286,23994.566,17.494357142857552,24002.541,24037.61,completed,sl,False,False,-1.0022946174480374,-1.0522946174480374,14.783333333333333
2026-04-18 18:00:00+00:00,2026-04-18 18:01:00+00:00,2026-04-18 18:15:00+00:00,2026-04-18 18:30:01+00:00,2026-04-18 18:05:14+00:00,2026-04-18 18:05:15+00:00,2026-04-18 18:20:15+00:00,,,CONTEXT_GEOMETRIC,crash:CONTEXT_GEOMETRIC:2026-04-18T18:00:00+00:00,-1,23905.52345,23908.271549999998,23915.141799999998,23893.157,27.481000000000286,23905.654,23914.046,completed,time,False,False,-0.15268731123321092,-0.20268731123321093,15.0
2026-04-18 19:00:00+00:00,2026-04-18 19:01:00+00:00,2026-04-18 19:15:00+00:00,2026-04-18 19:30:01+00:00,2026-04-18 19:14:33+00:00,2026-04-18 19:14:34+00:00,2026-04-18 19:29:34+00:00,,,CONTEXT_GEOMETRIC,crash:CONTEXT_GEOMETRIC:2026-04-18T19:00:00+00:00,-1,23834.172607142857,23836.674964285714,23842.930857142856,23822.912,25.023571428570772,23834.225,23841.833,completed,time,False,False,-0.15201666999686758,-0.20201666999686757,15.0
2026-04-19 05:00:00+00:00,2026-04-19 05:01:00+00:00,2026-04-19 05:15:00+00:00,2026-04-19 05:30:01+00:00,2026-04-19 05:03:10+00:00,2026-04-19 05:03:11+00:00,2026-04-19 05:18:11+00:00,,,CONTEXT_GEOMETRIC,crash:CONTEXT_GEOMETRIC:2026-04-19T05:00:00+00:00,-1,23939.40887142857,23941.208842857144,23945.708771428574,23931.309,17.999714285713967,23939.503,23973.068,completed,time,False,False,-0.9323759107287218,-0.9823759107287219,15.0
2026-04-19 17:00:00+00:00,2026-04-19 17:01:00+00:00,2026-04-19 17:15:00+00:00,2026-04-19 17:30:01+00:00,2026-04-19 17:04:50+00:00,2026-04-19 17:04:51+00:00,2026-04-19 17:19:51+00:00,,,CONTEXT_GEOMETRIC,crash:CONTEXT_GEOMETRIC:2026-04-19T17:00:00+00:00,-1,23970.72189642857,23973.064317857144,23978.920371428572,23960.181,23.424214285714438,23970.771,23983.159,completed,time,False,False,-0.2644272257950183,-0.3144272257950183,15.0
2026-04-19 23:30:00+00:00,2026-04-19 23:31:00+00:00,2026-04-19 23:45:00+00:00,2026-04-20 00:00:01+00:00,2026-04-19 23:34:23+00:00,2026-04-19 23:34:24+00:00,2026-04-19 23:49:24+00:00,,,CONTEXT_GEOMETRIC,crash:CONTEXT_GEOMETRIC:2026-04-19T23:30:00+00:00,-1,23910.408717857143,23912.734210714287,23918.547942857145,23899.944,23.254928571428277,23910.441,23924.23,completed,time,False,False,-0.29647478721870296,-0.34647478721870295,15.0
2026-04-21 07:00:00+00:00,2026-04-21 07:01:00+00:00,2026-04-21 07:15:00+00:00,2026-04-21 07:30:01+00:00,2026-04-21 07:05:33+00:00,2026-04-21 07:05:34+00:00,2026-04-21 07:20:34+00:00,,,CONTEXT_GEOMETRIC,crash:CONTEXT_GEOMETRIC:2026-04-21T07:00:00+00:00,-1,23892.884042857142,23895.871385714283,23903.33974285714,23879.441,29.87342857142877,23892.977,23922.087,completed,time,False,False,-0.4872222806698803,-0.5372222806698803,15.0
2026-04-21 07:30:00+00:00,2026-04-21 07:31:00+00:00,2026-04-21 07:45:00+00:00,2026-04-21 08:00:01+00:00,2026-04-21 07:36:23+00:00,2026-04-21 07:36:24+00:00,2026-04-21 07:51:24+00:00,,,CONTEXT_GEOMETRIC,crash:CONTEXT_GEOMETRIC:2026-04-21T07:30:00+00:00,-1,23872.94782857143,23876.374457142854,23884.941028571426,23857.528,34.26628571428618,23873.061,23841.06,completed,time,False,False,0.46694585264983157,0.4169458526498316,15.0
2026-04-22 08:30:00+00:00,2026-04-22 08:31:00+00:00,2026-04-22 08:45:00+00:00,2026-04-22 09:00:01+00:00,2026-04-22 08:36:02+00:00,2026-04-22 08:36:03+00:00,2026-04-22 08:51:03+00:00,,,CONTEXT_GEOMETRIC,crash:CONTEXT_GEOMETRIC:2026-04-22T08:30:00+00:00,-1,23751.62013214286,23754.879939285714,23763.029457142857,23736.951,32.59807142857166,23751.686,23787.302,completed,time,False,False,-0.5462899864803251,-0.5962899864803252,15.0
2026-04-22 09:30:00+00:00,2026-04-22 09:31:00+00:00,2026-04-22 09:45:00+00:00,2026-04-22 10:00:01+00:00,2026-04-22 09:33:42+00:00,2026-04-22 09:33:43+00:00,2026-04-22 09:48:43+00:00,,,CONTEXT_GEOMETRIC,crash:CONTEXT_GEOMETRIC:2026-04-22T09:30:00+00:00,-1,23768.6454,23770.7486,23776.0066,23759.181,21.032000000000284,23768.689,23804.773,completed,time,False,False,-0.8578356789654353,-0.9078356789654354,15.0
2026-04-23 00:30:00+00:00,2026-04-23 00:31:00+00:00,2026-04-23 00:45:00+00:00,2026-04-23 01:00:01+00:00,2026-04-23 00:33:52+00:00,2026-04-23 00:33:53+00:00,2026-04-23 00:48:53+00:00,,,CONTEXT_GEOMETRIC,crash:CONTEXT_GEOMETRIC:2026-04-23T00:30:00+00:00,-1,23896.632307142856,23898.543264285712,23903.320657142856,23888.033,19.109571428571144,23896.665,23897.617,completed,time,False,False,-0.024908983531000094,-0.07490898353100009,15.0
2026-04-23 21:00:00+00:00,2026-04-23 21:01:00+00:00,2026-04-23 21:15:00+00:00,2026-04-23 21:30:01+00:00,2026-04-23 21:04:38+00:00,2026-04-23 21:04:39+00:00,2026-04-23 21:19:39+00:00,,,CONTEXT_GEOMETRIC,crash:CONTEXT_GEOMETRIC:2026-04-23T21:00:00+00:00,-1,23487.85637142857,23490.42934285714,23496.86177142857,23476.278,25.729714285714312,23487.913,23474.163,completed,time,False,False,0.2672007906367288,0.2172007906367288,15.0
2026-04-24 00:00:00+00:00,2026-04-24 00:01:00+00:00,2026-04-24 00:15:00+00:00,2026-04-24 00:30:01+00:00,2026-04-24 00:04:02+00:00,2026-04-24 00:04:03+00:00,2026-04-24 00:19:03+00:00,,,CONTEXT_GEOMETRIC,crash:CONTEXT_GEOMETRIC:2026-04-24T00:00:00+00:00,-1,23456.79859642857,23458.94161785714,23464.29917142857,23447.155,21.43021428571462,23456.855,23454.975,completed,time,False,False,0.04386330381339739,-0.006136696186602612,15.0
2026-04-27 04:00:00+00:00,2026-04-27 04:01:00+00:00,2026-04-27 04:15:00+00:00,2026-04-27 04:30:01+00:00,2026-04-27 04:03:54+00:00,2026-04-27 04:03:55+00:00,2026-04-27 04:18:55+00:00,,,CONTEXT_GEOMETRIC,crash:CONTEXT_GEOMETRIC:2026-04-27T04:00:00+00:00,-1,24799.724932142857,24801.85513928571,24807.180657142853,24790.139,21.302071428570862,24799.858,24814.031,completed,time,False,False,-0.33266717857751826,-0.38266717857751825,15.0
2026-04-27 05:00:00+00:00,2026-04-27 05:01:00+00:00,2026-04-27 05:15:00+00:00,2026-04-27 05:30:01+00:00,2026-04-27 05:04:23+00:00,2026-04-27 05:04:24+00:00,2026-04-27 05:19:24+00:00,,,CONTEXT_GEOMETRIC,crash:CONTEXT_GEOMETRIC:2026-04-27T05:00:00+00:00,-1,24751.857760714287,24754.084596428573,24759.651685714285,24741.837,22.268357142856985,24751.888,24788.302,completed,time,False,False,-0.8176175675285767,-0.8676175675285768,15.0
2026-04-27 18:00:00+00:00,2026-04-27 18:01:00+00:00,2026-04-27 18:15:00+00:00,2026-04-27 18:30:01+00:00,2026-04-27 18:09:39+00:00,2026-04-27 18:09:40+00:00,2026-04-27 18:24:14+00:00,2026-04-27 18:24:13+00:00,,CONTEXT_GEOMETRIC,crash:CONTEXT_GEOMETRIC:2026-04-27T18:00:00+00:00,-1,24977.78882142857,24979.667892857142,24984.36557142857,24969.333,18.790714285714007,24977.866,25015.489,completed,sl,False,False,-1.0011061694606038,-1.0511061694606039,14.566666666666666
2026-04-27 18:30:00+00:00,2026-04-27 18:31:00+00:00,2026-04-27 18:45:00+00:00,2026-04-27 19:00:01+00:00,2026-04-27 18:32:49+00:00,2026-04-27 18:32:50+00:00,2026-04-27 18:47:50+00:00,,,CONTEXT_GEOMETRIC,crash:CONTEXT_GEOMETRIC:2026-04-27T18:30:00+00:00,-1,25016.44367142857,25018.122042857143,25022.317971428572,25008.891,16.783714285714137,25016.521,25015.671,completed,time,False,False,0.02532216604538129,-0.024677833954618714,15.0
2026-04-28 04:00:00+00:00,2026-04-28 04:01:00+00:00,2026-04-28 04:15:00+00:00,2026-04-28 04:30:01+00:00,2026-04-28 04:04:19+00:00,2026-04-28 04:04:20+00:00,2026-04-28 04:19:20+00:00,,,CONTEXT_GEOMETRIC,crash:CONTEXT_GEOMETRIC:2026-04-28T04:00:00+00:00,-1,25077.533857142855,25079.848714285712,25085.635857142854,25067.117,23.148571428571554,25077.643,25103.258,completed,time,False,False,-0.5532738829918854,-0.6032738829918854,15.0
2026-04-28 04:30:00+00:00,2026-04-28 04:31:00+00:00,2026-04-28 04:45:00+00:00,2026-04-28 05:00:01+00:00,2026-04-28 04:33:21+00:00,2026-04-28 04:33:22+00:00,2026-04-28 04:48:22+00:00,,,CONTEXT_GEOMETRIC,crash:CONTEXT_GEOMETRIC:2026-04-28T04:30:00+00:00,-1,25109.055267857144,25110.948660714286,25115.682142857142,25100.535,18.933928571428623,25109.117,25136.605,completed,time,False,False,-0.725892671885345,-0.775892671885345,15.0
2026-04-28 23:00:00+00:00,2026-04-28 23:01:00+00:00,2026-04-28 23:15:00+00:00,2026-04-28 23:30:01+00:00,2026-04-28 23:04:30+00:00,2026-04-28 23:04:31+00:00,2026-04-28 23:19:31+00:00,,,CONTEXT_GEOMETRIC,crash:CONTEXT_GEOMETRIC:2026-04-28T23:00:00+00:00,-1,25113.673153571428,25116.405632142858,25123.23682857143,25101.377,27.3247857142851,25113.762,25135.998,completed,time,False,False,-0.40688333721087605,-0.45688333721087604,15.0
2026-04-29 06:00:00+00:00,2026-04-29 06:01:00+00:00,2026-04-29 06:15:00+00:00,2026-04-29 06:30:01+00:00,2026-04-29 06:04:46+00:00,2026-04-29 06:04:47+00:00,2026-04-29 06:19:47+00:00,,,CONTEXT_GEOMETRIC,crash:CONTEXT_GEOMETRIC:2026-04-29T06:00:00+00:00,-1,24780.440749999998,24783.17025,24789.994,24768.158,27.294999999999813,24780.547,24818.153,completed,time,False,False,-0.6888807473896322,-0.7388807473896323,15.0
2026-04-30 00:00:00+00:00,2026-04-30 00:01:00+00:00,2026-04-30 00:15:00+00:00,2026-04-30 00:30:01+00:00,2026-04-30 00:06:24+00:00,2026-04-30 00:06:25+00:00,2026-04-30 00:21:25+00:00,,,CONTEXT_GEOMETRIC,crash:CONTEXT_GEOMETRIC:2026-04-30T00:00:00+00:00,-1,25084.805992857142,25087.012435714285,25092.52854285714,25074.877,22.064428571428703,25084.889,25090.749,completed,time,False,False,-0.1327929246168812,-0.18279292461688118,15.0
2026-04-30 10:00:00+00:00,2026-04-30 10:01:00+00:00,2026-04-30 10:15:00+00:00,2026-04-30 10:30:01+00:00,2026-04-30 10:11:31+00:00,2026-04-30 10:11:32+00:00,2026-04-30 10:26:32+00:00,,,CONTEXT_GEOMETRIC,crash:CONTEXT_GEOMETRIC:2026-04-30T10:00:00+00:00,-1,25166.647239285714,25169.17640357143,25175.499314285717,25155.266,25.291642857142765,25166.726,25163.424,completed,time,False,False,0.06527847990442309,0.01527847990442309,15.0
2026-04-30 10:30:00+00:00,2026-04-30 10:31:00+00:00,2026-04-30 10:45:00+00:00,2026-04-30 11:00:01+00:00,2026-04-30 10:34:25+00:00,2026-04-30 10:34:26+00:00,2026-04-30 10:49:26+00:00,,,CONTEXT_GEOMETRIC,crash:CONTEXT_GEOMETRIC:2026-04-30T10:30:00+00:00,-1,25157.659417857143,25160.217510714287,25166.612742857145,25146.148,25.58092857142869,25157.725,25196.603,completed,time,False,False,-0.7599020475633439,-0.8099020475633439,15.0
2026-04-30 20:00:00+00:00,2026-04-30 20:01:00+00:00,2026-04-30 20:15:00+00:00,2026-04-30 20:30:01+00:00,2026-04-30 20:04:17+00:00,2026-04-30 20:04:18+00:00,2026-04-30 20:19:18+00:00,,,CONTEXT_GEOMETRIC,crash:CONTEXT_GEOMETRIC:2026-04-30T20:00:00+00:00,-1,25027.874585714286,25030.266271428573,25036.245485714287,25017.112,23.916857142856834,25027.981,24994.36,completed,time,False,False,0.7028724509909249,0.6528724509909248,15.0
2026-04-30 21:00:00+00:00,2026-04-30 21:01:00+00:00,2026-04-30 21:15:00+00:00,2026-04-30 21:30:01+00:00,2026-04-30 21:04:46+00:00,2026-04-30 21:04:47+00:00,2026-04-30 21:19:47+00:00,,,CONTEXT_GEOMETRIC,crash:CONTEXT_GEOMETRIC:2026-04-30T21:00:00+00:00,-1,24888.405607142857,24891.027964285713,24897.583857142858,24876.605,26.223571428571763,24888.552,24856.499,completed,time,False,False,0.6111486394465075,0.5611486394465075,15.0
2026-05-01 08:30:00+00:00,2026-05-01 08:31:00+00:00,2026-05-01 08:45:00+00:00,2026-05-01 09:00:01+00:00,2026-05-01 08:33:19+00:00,2026-05-01 08:33:20+00:00,2026-05-01 08:48:20+00:00,,,CONTEXT_GEOMETRIC,crash:CONTEXT_GEOMETRIC:2026-05-01T08:30:00+00:00,-1,25113.095628571427,25114.90265714286,25119.42022857143,25104.964,18.070285714285742,25113.198,25114.582,completed,time,False,False,-0.03829491193113934,-0.08829491193113934,15.0
2026-05-03 04:00:00+00:00,2026-05-03 04:01:00+00:00,2026-05-03 04:15:00+00:00,2026-05-03 04:30:01+00:00,2026-05-03 04:04:21+00:00,2026-05-03 04:04:22+00:00,2026-05-03 04:19:22+00:00,,,CONTEXT_GEOMETRIC,crash:CONTEXT_GEOMETRIC:2026-05-03T04:00:00+00:00,-1,25542.255564285715,25545.07257857143,25552.115114285716,25529.579,28.17014285714322,25542.317,25579.091,completed,time,False,False,-0.6527123448839082,-0.7027123448839082,15.0
2026-05-03 05:00:00+00:00,2026-05-03 05:01:00+00:00,2026-05-03 05:15:00+00:00,2026-05-03 05:30:01+00:00,2026-05-03 05:04:18+00:00,2026-05-03 05:04:19+00:00,2026-05-03 05:19:19+00:00,,,CONTEXT_GEOMETRIC,crash:CONTEXT_GEOMETRIC:2026-05-03T05:00:00+00:00,-1,25456.152275,25458.679225,25464.9966,25444.781,25.269499999999816,25456.263,25427.35,completed,time,False,False,0.5720928391935075,0.5220928391935075,15.0
2026-05-03 14:00:00+00:00,2026-05-03 14:01:00+00:00,2026-05-03 14:15:00+00:00,2026-05-03 14:30:01+00:00,2026-05-03 14:04:16+00:00,2026-05-03 14:04:17+00:00,2026-05-03 14:19:17+00:00,,,CONTEXT_GEOMETRIC,crash:CONTEXT_GEOMETRIC:2026-05-03T14:00:00+00:00,-1,25457.333192857142,25459.741235714286,25465.761342857142,25446.497,24.080428571428065,25457.41,25448.95,completed,time,False,False,0.17566132543913887,0.12566132543913888,15.0
2026-05-03 15:30:00+00:00,2026-05-03 15:31:00+00:00,2026-05-03 15:45:00+00:00,2026-05-03 16:00:01+00:00,2026-05-03 15:33:57+00:00,2026-05-03 15:33:58+00:00,2026-05-03 15:48:58+00:00,,,CONTEXT_GEOMETRIC,crash:CONTEXT_GEOMETRIC:2026-05-03T15:30:00+00:00,-1,25391.165832142855,25393.47423928571,25399.245257142855,25380.778,23.084071428571665,25391.231,25345.506,completed,time,False,False,0.9904015446643373,0.9404015446643372,15.0
2026-05-03 18:30:00+00:00,2026-05-03 18:31:00+00:00,2026-05-03 18:45:00+00:00,2026-05-03 19:00:01+00:00,2026-05-03 18:33:15+00:00,2026-05-03 18:33:16+00:00,2026-05-03 18:48:16+00:00,,,CONTEXT_GEOMETRIC,crash:CONTEXT_GEOMETRIC:2026-05-03T18:30:00+00:00,-1,25527.937521428572,25529.879192857145,25534.733371428574,25519.2,19.41671428571473,25528.04,25500.347,completed,time,False,False,0.7131227145978454,0.6631227145978453,15.0
2026-05-04 02:00:00+00:00,2026-05-04 02:01:00+00:00,2026-05-04 02:15:00+00:00,2026-05-04 02:30:01+00:00,2026-05-04 02:04:06+00:00,2026-05-04 02:04:07+00:00,2026-05-04 02:19:07+00:00,,,CONTEXT_GEOMETRIC,crash:CONTEXT_GEOMETRIC:2026-05-04T02:00:00+00:00,-1,25521.55447142857,25523.90524285714,25529.78217142857,25510.976,23.507714285714037,25521.607,25527.123,completed,time,False,False,-0.11732318874046745,-0.16732318874046745,15.0
2026-05-04 13:00:00+00:00,2026-05-04 13:01:00+00:00,2026-05-04 13:15:00+00:00,2026-05-04 13:30:01+00:00,2026-05-04 13:04:37+00:00,2026-05-04 13:04:38+00:00,2026-05-04 13:19:38+00:00,,,CONTEXT_GEOMETRIC,crash:CONTEXT_GEOMETRIC:2026-05-04T13:00:00+00:00,-1,25552.177196428573,25554.907017857142,25561.73157142857,25539.893,27.298214285714234,25552.304,25590.984,completed,time,False,False,-0.7084712500817755,-0.7584712500817755,15.0
2026-05-04 16:00:00+00:00,2026-05-04 16:01:00+00:00,2026-05-04 16:15:00+00:00,2026-05-04 16:30:01+00:00,2026-05-04 16:05:38+00:00,2026-05-04 16:05:39+00:00,2026-05-04 16:20:39+00:00,,,CONTEXT_GEOMETRIC,crash:CONTEXT_GEOMETRIC:2026-05-04T16:00:00+00:00,-1,25544.691825,25547.118675,25553.185800000003,25533.771,24.268499999999353,25544.76,25574.579,completed,time,False,False,-0.61435605826491,-0.6643560582649101,15.0
2026-05-04 20:30:00+00:00,2026-05-04 20:31:00+00:00,2026-05-04 20:45:00+00:00,2026-05-04 21:00:01+00:00,2026-05-04 20:33:19+00:00,2026-05-04 20:33:20+00:00,2026-05-04 20:48:20+00:00,,,CONTEXT_GEOMETRIC,crash:CONTEXT_GEOMETRIC:2026-05-04T20:30:00+00:00,-1,25484.164535714288,25486.129321428572,25491.041285714287,25475.323,19.647857142857383,25484.267,25522.707,completed,time,False,False,-0.9782237248699878,-1.0282237248699877,15.0
2026-05-04 23:30:00+00:00,2026-05-04 23:31:00+00:00,2026-05-04 23:45:00+00:00,2026-05-05 00:00:01+00:00,2026-05-04 23:33:45+00:00,2026-05-04 23:33:46+00:00,2026-05-04 23:48:46+00:00,,,CONTEXT_GEOMETRIC,crash:CONTEXT_GEOMETRIC:2026-05-04T23:30:00+00:00,-1,25535.5734,25537.7006,25543.0186,25526.001,21.271999999999803,25535.675,25521.936,completed,time,False,False,0.3229362542308642,0.2729362542308642,15.0
2026-05-05 12:30:00+00:00,2026-05-05 12:31:00+00:00,2026-05-05 12:45:00+00:00,2026-05-05 13:00:01+00:00,2026-05-05 12:34:37+00:00,2026-05-05 12:34:38+00:00,2026-05-05 12:49:38+00:00,,,CONTEXT_GEOMETRIC,crash:CONTEXT_GEOMETRIC:2026-05-05T12:30:00+00:00,-1,25649.575367857142,25652.148560714286,25658.581542857144,25637.996,25.73192857142853,25649.686,25664.722,completed,time,False,False,-0.2921662081849414,-0.34216620818494137,15.0
2026-05-05 13:00:00+00:00,2026-05-05 13:01:00+00:00,2026-05-05 13:15:00+00:00,2026-05-05 13:30:01+00:00,2026-05-05 13:03:49+00:00,2026-05-05 13:03:50+00:00,2026-05-05 13:18:50+00:00,,,CONTEXT_GEOMETRIC,crash:CONTEXT_GEOMETRIC:2026-05-05T13:00:00+00:00,-1,25625.026175,25627.465325,25633.5632,25614.05,24.391500000000242,25625.071,25663.277,completed,time,False,False,-0.7831826660926539,-0.8331826660926539,15.0
2026-05-05 23:30:00+00:00,2026-05-05 23:31:00+00:00,2026-05-05 23:45:00+00:00,2026-05-06 00:00:01+00:00,2026-05-05 23:33:47+00:00,2026-05-05 23:33:48+00:00,2026-05-05 23:48:48+00:00,,,CONTEXT_GEOMETRIC,crash:CONTEXT_GEOMETRIC:2026-05-05T23:30:00+00:00,-1,25467.25794642857,25469.443267857143,25474.90657142857,25457.424,21.853214285714266,25467.319,25482.413,completed,time,False,False,-0.3453496543496603,-0.3953496543496603,15.0
2026-05-06 04:00:00+00:00,2026-05-06 04:01:00+00:00,2026-05-06 04:15:00+00:00,2026-05-06 04:30:01+00:00,2026-05-06 04:03:40+00:00,2026-05-06 04:03:41+00:00,2026-05-06 04:18:41+00:00,,,CONTEXT_GEOMETRIC,crash:CONTEXT_GEOMETRIC:2026-05-06T04:00:00+00:00,-1,25435.484889285715,25437.53175357143,25442.648914285717,25426.274,20.468642857142964,25435.558,25389.322,completed,time,False,False,1.129434919615732,1.079434919615732,15.0
2026-05-06 05:00:00+00:00,2026-05-06 05:01:00+00:00,2026-05-06 05:15:00+00:00,2026-05-06 05:30:01+00:00,2026-05-06 05:06:00+00:00,2026-05-06 05:06:01+00:00,2026-05-06 05:21:01+00:00,,,CONTEXT_GEOMETRIC,crash:CONTEXT_GEOMETRIC:2026-05-06T05:00:00+00:00,-1,25239.65848214286,25242.834589285718,25250.77485714286,25225.366,31.761071428571604,25239.681,25277.504,completed,time,False,False,-0.5954301649593523,-0.6454301649593523,15.0
2026-05-06 11:00:00+00:00,2026-05-06 11:01:00+00:00,2026-05-06 11:15:00+00:00,2026-05-06 11:30:01+00:00,2026-05-06 11:04:16+00:00,2026-05-06 11:04:17+00:00,2026-05-06 11:19:17+00:00,,,CONTEXT_GEOMETRIC,crash:CONTEXT_GEOMETRIC:2026-05-06T11:00:00+00:00,-1,25447.41322857143,25449.77705714286,25455.68662857143,25436.776,23.638285714285562,25447.554,25484.008,completed,time,False,False,-0.7710796045157143,-0.8210796045157144,15.0
2026-05-06 11:30:00+00:00,2026-05-06 11:31:00+00:00,2026-05-06 11:45:00+00:00,2026-05-06 12:00:01+00:00,2026-05-06 11:34:07+00:00,2026-05-06 11:34:08+00:00,2026-05-06 11:49:08+00:00,,,CONTEXT_GEOMETRIC,crash:CONTEXT_GEOMETRIC:2026-05-06T11:30:00+00:00,-1,25490.158867857142,25492.463060714286,25498.223542857144,25479.79,23.04192857142828,25490.229,25528.398,completed,time,False,False,-0.828250983455673,-0.8782509834556731,15.0
2026-05-07 02:00:00+00:00,2026-05-07 02:01:00+00:00,2026-05-07 02:15:00+00:00,2026-05-07 02:30:01+00:00,2026-05-07 02:03:52+00:00,2026-05-07 02:03:53+00:00,2026-05-07 02:18:53+00:00,,,CONTEXT_GEOMETRIC,crash:CONTEXT_GEOMETRIC:2026-05-07T02:00:00+00:00,-1,25722.152310714286,25724.44904642857,25730.190885714284,25711.817,22.96735714285725,25722.247,25738.349,completed,time,False,False,-0.35054098518702675,-0.40054098518702674,15.0
2026-05-07 05:30:00+00:00,2026-05-07 05:31:00+00:00,2026-05-07 05:45:00+00:00,2026-05-07 06:00:01+00:00,2026-05-07 05:34:00+00:00,2026-05-07 05:34:01+00:00,2026-05-07 05:49:01+00:00,,,CONTEXT_GEOMETRIC,crash:CONTEXT_GEOMETRIC:2026-05-07T05:30:00+00:00,-1,25465.773885714287,25468.104971428573,25473.932685714288,25455.284,23.310857142857067,25465.822,25449.441,completed,time,False,False,0.3513598813551286,0.3013598813551286,15.0
2026-05-07 13:30:00+00:00,2026-05-07 13:31:00+00:00,2026-05-07 13:45:00+00:00,2026-05-07 14:00:01+00:00,2026-05-07 13:33:42+00:00,2026-05-07 13:33:43+00:00,2026-05-07 13:48:43+00:00,,,CONTEXT_GEOMETRIC,crash:CONTEXT_GEOMETRIC:2026-05-07T13:30:00+00:00,-1,25411.19200357143,25413.221782142857,25418.296228571427,25402.058,20.297785714285574,25411.288,25404.276,completed,time,False,False,0.17272820047222598,0.12272820047222598,15.0
2026-05-08 11:00:00+00:00,2026-05-08 11:01:00+00:00,2026-05-08 11:15:00+00:00,2026-05-08 11:30:01+00:00,2026-05-08 11:04:04+00:00,2026-05-08 11:04:05+00:00,2026-05-08 11:19:05+00:00,,,CONTEXT_GEOMETRIC,crash:CONTEXT_GEOMETRIC:2026-05-08T11:00:00+00:00,-1,25299.338125000002,25301.852375000002,25308.138000000003,25288.024,25.142500000000187,25299.457,25280.481,completed,time,False,False,0.3773689967186757,0.3273689967186757,15.0
2026-05-09 07:30:00+00:00,2026-05-09 07:31:00+00:00,2026-05-09 07:45:00+00:00,2026-05-09 08:00:01+00:00,2026-05-09 07:33:54+00:00,2026-05-09 07:33:55+00:00,2026-05-09 07:48:55+00:00,,,CONTEXT_GEOMETRIC,crash:CONTEXT_GEOMETRIC:2026-05-09T07:30:00+00:00,-1,25483.287085714284,25485.505771428572,25491.05248571429,25473.303,22.18685714285701,25483.456,25523.003,completed,time,False,False,-0.8912258222371602,-0.9412258222371602,15.0
2026-05-09 09:00:00+00:00,2026-05-09 09:01:00+00:00,2026-05-09 09:15:00+00:00,2026-05-09 09:30:01+00:00,2026-05-09 09:14:36+00:00,2026-05-09 09:14:37+00:00,2026-05-09 09:29:37+00:00,,,CONTEXT_GEOMETRIC,crash:CONTEXT_GEOMETRIC:2026-05-09T09:00:00+00:00,-1,25479.447714285714,25481.877428571428,25487.951714285715,25468.514,24.29714285714285,25479.5,25517.986,completed,time,False,False,-0.7919861241768744,-0.8419861241768745,15.0
2026-05-09 19:30:00+00:00,2026-05-09 19:31:00+00:00,2026-05-09 19:45:00+00:00,2026-05-09 20:00:01+00:00,2026-05-09 19:34:05+00:00,2026-05-09 19:34:06+00:00,2026-05-09 19:49:06+00:00,,,CONTEXT_GEOMETRIC,crash:CONTEXT_GEOMETRIC:2026-05-09T19:30:00+00:00,-1,25635.642517857144,25638.156410714288,25644.441142857144,25624.33,25.13892857142855,25635.65,25658.445,completed,time,False,False,-0.45338049979396755,-0.5033804997939676,15.0
2026-05-10 00:30:00+00:00,2026-05-10 00:31:00+00:00,2026-05-10 00:45:00+00:00,2026-05-10 01:00:01+00:00,2026-05-10 00:34:24+00:00,2026-05-10 00:34:25+00:00,2026-05-10 00:49:25+00:00,,,CONTEXT_GEOMETRIC,crash:CONTEXT_GEOMETRIC:2026-05-10T00:30:00+00:00,-1,25554.89738571429,25557.33747142857,25563.437685714285,25543.917,24.400857142857213,25554.992,25560.194,completed,time,False,False,-0.10659461611421098,-0.156594616114211,15.0
2026-05-10 06:00:00+00:00,2026-05-10 06:01:00+00:00,2026-05-10 06:15:00+00:00,2026-05-10 06:30:01+00:00,2026-05-10 06:03:30+00:00,2026-05-10 06:03:31+00:00,2026-05-10 06:18:31+00:00,,,CONTEXT_GEOMETRIC,crash:CONTEXT_GEOMETRIC:2026-05-10T06:00:00+00:00,-1,25685.951382142855,25687.989689285714,25693.085457142857,25676.779,20.383071428571252,25686.038,25660.957,completed,time,False,False,0.6152409387342268,0.5652409387342268,15.0
2026-05-10 06:30:00+00:00,2026-05-10 06:31:00+00:00,2026-05-10 06:45:00+00:00,2026-05-10 07:00:01+00:00,2026-05-10 06:33:56+00:00,2026-05-10 06:33:57+00:00,2026-05-10 06:48:57+00:00,,,CONTEXT_GEOMETRIC,crash:CONTEXT_GEOMETRIC:2026-05-10T06:30:00+00:00,-1,25636.063785714286,25638.251071428575,25643.719285714287,25626.221,21.872857142856965,25636.139,25552.321,completed,time,False,False,1.9160276925086535,1.8660276925086534,15.0
2026-05-10 07:00:00+00:00,2026-05-10 07:01:00+00:00,2026-05-10 07:15:00+00:00,2026-05-10 07:30:01+00:00,2026-05-10 07:04:16+00:00,2026-05-10 07:04:17+00:00,2026-05-10 07:19:17+00:00,,,CONTEXT_GEOMETRIC,crash:CONTEXT_GEOMETRIC:2026-05-10T07:00:00+00:00,-1,25573.311089285715,25575.98155357143,25582.657714285717,25561.294,26.704642857142453,25573.412,25567.939,completed,time,False,False,0.10247281772835919,0.05247281772835918,15.0
2026-05-10 07:30:00+00:00,2026-05-10 07:31:00+00:00,2026-05-10 07:45:00+00:00,2026-05-10 08:00:01+00:00,2026-05-10 07:34:33+00:00,2026-05-10 07:34:34+00:00,2026-05-10 07:49:34+00:00,,,CONTEXT_GEOMETRIC,crash:CONTEXT_GEOMETRIC:2026-05-10T07:30:00+00:00,-1,25591.101264285717,25593.63487857143,25599.968914285713,25579.7,25.336142857142736,25591.175,25549.346,completed,time,False,False,0.8254808207360088,0.7754808207360088,15.0
2026-05-10 22:00:00+00:00,2026-05-10 22:01:00+00:00,2026-05-10 22:15:00+00:00,2026-05-10 22:30:01+00:00,2026-05-10 22:14:36+00:00,2026-05-10 22:14:37+00:00,2026-05-10 22:29:37+00:00,,,CONTEXT_GEOMETRIC,crash:CONTEXT_GEOMETRIC:2026-05-10T22:00:00+00:00,-1,25620.027560714287,25622.71679642857,25629.439885714284,25607.926,26.89235714285678,25620.126,25658.043,completed,time,False,False,-0.7049772505730851,-0.7549772505730852,15.0
2026-05-11 03:00:00+00:00,2026-05-11 03:01:00+00:00,2026-05-11 03:15:00+00:00,2026-05-11 03:30:01+00:00,2026-05-11 03:04:28+00:00,2026-05-11 03:04:29+00:00,2026-05-11 03:19:29+00:00,,,CONTEXT_GEOMETRIC,crash:CONTEXT_GEOMETRIC:2026-05-11T03:00:00+00:00,-1,25500.887453571428,25503.63933214286,25510.51902857143,25488.504,27.518785714285382,25500.967,25492.816,completed,time,False,False,0.14809883118807748,0.09809883118807748,15.0
2026-05-11 16:00:00+00:00,2026-05-11 16:01:00+00:00,2026-05-11 16:15:00+00:00,2026-05-11 16:30:01+00:00,2026-05-11 16:03:41+00:00,2026-05-11 16:03:42+00:00,2026-05-11 16:18:42+00:00,,,CONTEXT_GEOMETRIC,crash:CONTEXT_GEOMETRIC:2026-05-11T16:00:00+00:00,-1,25930.43809642857,25932.536117857144,25937.78117142857,25920.997,20.980214285714673,25930.514,25886.07,completed,time,False,False,1.0591884190206104,1.0091884190206104,15.0
2026-05-11 16:30:00+00:00,2026-05-11 16:31:00+00:00,2026-05-11 16:45:00+00:00,2026-05-11 17:00:01+00:00,2026-05-11 16:33:22+00:00,2026-05-11 16:33:23+00:00,2026-05-11 16:48:23+00:00,,,CONTEXT_GEOMETRIC,crash:CONTEXT_GEOMETRIC:2026-05-11T16:30:00+00:00,-1,25901.53092142857,25903.45179285714,25908.25397142857,25892.887,19.20871428571497,25901.559,25875.816,completed,time,False,False,0.670086493481415,0.620086493481415,15.0
2026-05-12 00:00:00+00:00,2026-05-12 00:01:00+00:00,2026-05-12 00:15:00+00:00,2026-05-12 00:30:01+00:00,2026-05-12 00:13:46+00:00,2026-05-12 00:13:47+00:00,2026-05-12 00:28:47+00:00,,,CONTEXT_GEOMETRIC,crash:CONTEXT_GEOMETRIC:2026-05-12T00:00:00+00:00,-1,25721.21789642857,25723.29831785714,25728.49937142857,25711.856,20.804214285714416,25721.343,25702.721,completed,time,False,False,0.44755355199322566,0.3975535519932257,15.0
2026-05-12 03:00:00+00:00,2026-05-12 03:01:00+00:00,2026-05-12 03:15:00+00:00,2026-05-12 03:30:01+00:00,2026-05-12 03:04:12+00:00,2026-05-12 03:04:13+00:00,2026-05-12 03:19:13+00:00,,,CONTEXT_GEOMETRIC,crash:CONTEXT_GEOMETRIC:2026-05-12T03:00:00+00:00,-1,25670.88071428571,25673.24042857143,25679.139714285717,25660.262,23.5971428571429,25670.971,25665.254,completed,time,False,False,0.12113754691852464,0.07113754691852464,15.0
2026-05-12 03:30:00+00:00,2026-05-12 03:31:00+00:00,2026-05-12 03:45:00+00:00,2026-05-12 04:00:01+00:00,2026-05-12 03:34:26+00:00,2026-05-12 03:34:27+00:00,2026-05-12 03:49:27+00:00,,,CONTEXT_GEOMETRIC,crash:CONTEXT_GEOMETRIC:2026-05-12T03:30:00+00:00,-1,25680.771882142857,25683.303189285714,25689.631457142856,25669.381,25.313071428571284,25680.87,25682.45,completed,time,False,False,-0.03120917199756277,-0.08120917199756278,15.0
2026-05-12 07:00:00+00:00,2026-05-12 07:01:00+00:00,2026-05-12 07:15:00+00:00,2026-05-12 07:30:01+00:00,2026-05-12 07:04:02+00:00,2026-05-12 07:04:03+00:00,2026-05-12 07:19:03+00:00,,,CONTEXT_GEOMETRIC,crash:CONTEXT_GEOMETRIC:2026-05-12T07:00:00+00:00,-1,25600.351107142855,25602.664464285714,25608.447857142855,25589.941,23.133571428571354,25600.482,25638.946,completed,time,False,False,-0.831345910396148,-0.8813459103961481,15.0
2026-05-12 09:00:00+00:00,2026-05-12 09:01:00+00:00,2026-05-12 09:15:00+00:00,2026-05-12 09:30:01+00:00,2026-05-12 09:04:27+00:00,2026-05-12 09:04:28+00:00,2026-05-12 09:19:28+00:00,,,CONTEXT_GEOMETRIC,crash:CONTEXT_GEOMETRIC:2026-05-12T09:00:00+00:00,-1,25673.425414285713,25675.957728571426,25682.288514285712,25662.03,25.323142857142948,25673.523,25712.59,completed,time,False,False,-0.771369498256797,-0.8213694982567971,15.0
2026-05-13 05:00:00+00:00,2026-05-13 05:01:00+00:00,2026-05-13 05:15:00+00:00,2026-05-13 05:30:01+00:00,2026-05-13 05:05:03+00:00,2026-05-13 05:05:04+00:00,2026-05-13 05:20:04+00:00,,,CONTEXT_GEOMETRIC,crash:CONTEXT_GEOMETRIC:2026-05-13T05:00:00+00:00,-1,25310.57934285714,25313.376085714284,25320.36794285714,25297.994,27.96742857142869,25310.672,25304.241,completed,time,False,False,0.11497302985099454,0.06497302985099454,15.0
2026-05-13 22:00:00+00:00,2026-05-13 22:01:00+00:00,2026-05-13 22:15:00+00:00,2026-05-13 22:30:01+00:00,2026-05-13 22:12:27+00:00,2026-05-13 22:12:28+00:00,2026-05-13 22:27:28+00:00,,,CONTEXT_GEOMETRIC,crash:CONTEXT_GEOMETRIC:2026-05-13T22:00:00+00:00,-1,24746.600325,24749.518175,24756.8128,24733.47,29.178499999999985,24746.702,24747.603,completed,time,False,False,-0.015439450280138139,-0.06543945028013815,15.0
2026-05-13 22:30:00+00:00,2026-05-13 22:31:00+00:00,2026-05-13 22:45:00+00:00,2026-05-13 23:00:01+00:00,2026-05-13 22:34:39+00:00,2026-05-13 22:34:40+00:00,2026-05-13 22:49:40+00:00,,,CONTEXT_GEOMETRIC,crash:CONTEXT_GEOMETRIC:2026-05-13T22:30:00+00:00,-1,24742.875167857146,24745.464760714287,24751.938742857143,24731.222,25.895928571428676,24742.913,24762.952,completed,time,False,False,-0.3869141039821597,-0.4369141039821597,15.0
2026-05-14 00:00:00+00:00,2026-05-14 00:01:00+00:00,2026-05-14 00:15:00+00:00,2026-05-14 00:30:01+00:00,2026-05-14 00:03:25+00:00,2026-05-14 00:03:26+00:00,2026-05-14 00:18:26+00:00,,,CONTEXT_GEOMETRIC,crash:CONTEXT_GEOMETRIC:2026-05-14T00:00:00+00:00,-1,24775.873860714284,24777.88649642857,24782.918085714286,24766.817,20.1263571428569,24776.016,24813.14,completed,time,False,False,-0.9222732096149744,-0.9722732096149744,15.0
2026-05-14 00:30:00+00:00,2026-05-14 00:31:00+00:00,2026-05-14 00:45:00+00:00,2026-05-14 01:00:01+00:00,2026-05-14 00:33:47+00:00,2026-05-14 00:33:48+00:00,2026-05-14 00:48:48+00:00,,,CONTEXT_GEOMETRIC,crash:CONTEXT_GEOMETRIC:2026-05-14T00:30:00+00:00,-1,24783.856567857143,24785.99336071429,24791.335342857146,24774.241,21.36792857142843,24783.893,24821.73,completed,time,False,False,-0.8853689273978643,-0.9353689273978644,15.0
2026-05-14 04:30:00+00:00,2026-05-14 04:31:00+00:00,2026-05-14 04:45:00+00:00,2026-05-14 05:00:01+00:00,2026-05-14 04:32:39+00:00,2026-05-14 04:32:40+00:00,2026-05-14 04:45:17+00:00,2026-05-14 04:45:16+00:00,,CONTEXT_GEOMETRIC,crash:CONTEXT_GEOMETRIC:2026-05-14T04:30:00+00:00,-1,24715.639496428572,24717.162717857143,24720.970771428572,24708.785,15.23221428571404,24715.713,24746.298,completed,sl,False,False,-1.003957777454724,-1.053957777454724,12.616666666666667
2026-05-14 08:00:00+00:00,2026-05-14 08:01:00+00:00,2026-05-14 08:15:00+00:00,2026-05-14 08:30:01+00:00,2026-05-14 08:07:15+00:00,2026-05-14 08:07:16+00:00,2026-05-14 08:22:16+00:00,,,CONTEXT_GEOMETRIC,crash:CONTEXT_GEOMETRIC:2026-05-14T08:00:00+00:00,-1,24612.777867857145,24614.764060714286,24619.72954285714,24603.84,19.861928571429026,24612.809,24650.11,completed,time,False,False,-0.939007505385358,-0.9890075053853581,15.0
2026-05-14 09:00:00+00:00,2026-05-14 09:01:00+00:00,2026-05-14 09:15:00+00:00,2026-05-14 09:30:01+00:00,2026-05-14 09:03:34+00:00,2026-05-14 09:03:35+00:00,2026-05-14 09:18:35+00:00,,,CONTEXT_GEOMETRIC,crash:CONTEXT_GEOMETRIC:2026-05-14T09:00:00+00:00,-1,24600.83717857143,24602.94210714286,24608.20442857143,24591.365,21.04928571428562,24600.908,24638.296,completed,time,False,False,-0.8881061454409523,-0.9381061454409524,15.0
2026-05-14 09:30:00+00:00,2026-05-14 09:31:00+00:00,2026-05-14 09:45:00+00:00,2026-05-14 10:00:01+00:00,2026-05-14 09:33:48+00:00,2026-05-14 09:33:49+00:00,2026-05-14 09:48:49+00:00,,,CONTEXT_GEOMETRIC,crash:CONTEXT_GEOMETRIC:2026-05-14T09:30:00+00:00,-1,24612.16310714286,24614.320464285716,24619.71385714286,24602.455,21.573571428571086,24612.241,24627.529,completed,time,False,False,-0.3543224183027497,-0.4043224183027497,15.0
2026-05-14 22:30:00+00:00,2026-05-14 22:31:00+00:00,2026-05-14 22:45:00+00:00,2026-05-14 23:00:01+00:00,2026-05-14 22:42:28+00:00,2026-05-14 22:42:29+00:00,2026-05-14 22:57:29+00:00,,,CONTEXT_GEOMETRIC,crash:CONTEXT_GEOMETRIC:2026-05-14T22:30:00+00:00,-1,24521.314,24523.178,24527.838,24512.926,18.640000000000196,24521.411,24548.282,completed,time,False,False,-0.7207886266094127,-0.7707886266094127,15.0
2026-05-15 00:00:00+00:00,2026-05-15 00:01:00+00:00,2026-05-15 00:15:00+00:00,2026-05-15 00:30:01+00:00,2026-05-15 00:03:31+00:00,2026-05-15 00:03:32+00:00,2026-05-15 00:18:32+00:00,,,CONTEXT_GEOMETRIC,crash:CONTEXT_GEOMETRIC:2026-05-15T00:00:00+00:00,-1,24552.010214285714,24553.96492857143,24558.851714285716,24543.214,19.547142857142585,24552.074,24549.578,completed,time,False,False,0.06384564788421596,0.013845647884215953,15.0
2026-05-15 05:00:00+00:00,2026-05-15 05:01:00+00:00,2026-05-15 05:15:00+00:00,2026-05-15 05:30:01+00:00,2026-05-15 05:04:48+00:00,2026-05-15 05:04:49+00:00,2026-05-15 05:19:49+00:00,,,CONTEXT_GEOMETRIC,crash:CONTEXT_GEOMETRIC:2026-05-15T05:00:00+00:00,-1,24318.055514285716,24320.49962857143,24326.609914285717,24307.057,24.44114285714308,24318.112,24346.331,completed,time,False,False,-0.5772847891143138,-0.6272847891143138,15.0
2026-05-15 06:30:00+00:00,2026-05-15 06:31:00+00:00,2026-05-15 06:45:00+00:00,2026-05-15 07:00:01+00:00,2026-05-15 06:33:33+00:00,2026-05-15 06:33:34+00:00,2026-05-15 06:48:34+00:00,,,CONTEXT_GEOMETRIC,crash:CONTEXT_GEOMETRIC:2026-05-15T06:30:00+00:00,-1,24358.726314285712,24360.646828571425,24365.44811428571,24350.084,19.205142857142032,24358.744,24335.524,completed,time,False,False,0.6045255735070578,0.5545255735070578,15.0
2026-05-15 08:00:00+00:00,2026-05-15 08:01:00+00:00,2026-05-15 08:15:00+00:00,2026-05-15 08:30:01+00:00,2026-05-15 08:03:54+00:00,2026-05-15 08:03:55+00:00,2026-05-15 08:18:55+00:00,,,CONTEXT_GEOMETRIC,crash:CONTEXT_GEOMETRIC:2026-05-15T08:00:00+00:00,-1,24279.097853571428,24281.384932142857,24287.10262857143,24268.806,22.870785714286153,24279.201,24279.999,completed,time,False,False,-0.017445837016005907,-0.06744583701600591,15.0
2026-05-15 10:30:00+00:00,2026-05-15 10:31:00+00:00,2026-05-15 10:45:00+00:00,2026-05-15 11:00:01+00:00,2026-05-15 10:40:32+00:00,2026-05-15 10:40:33+00:00,2026-05-15 10:55:33+00:00,,,CONTEXT_GEOMETRIC,crash:CONTEXT_GEOMETRIC:2026-05-15T10:30:00+00:00,-1,24294.021439285712,24296.32820357143,24302.095114285716,24283.641,23.067642857142864,24294.202,24330.762,completed,time,False,False,-0.7924520122496373,-0.8424520122496374,15.0
2026-05-16 00:30:00+00:00,2026-05-16 00:31:00+00:00,2026-05-16 00:45:00+00:00,2026-05-16 01:00:01+00:00,2026-05-16 00:32:34+00:00,2026-05-16 00:32:35+00:00,2026-05-16 00:47:35+00:00,,,CONTEXT_GEOMETRIC,crash:CONTEXT_GEOMETRIC:2026-05-16T00:30:00+00:00,-1,24311.739107142857,24313.118464285715,24316.566857142858,24305.532,13.79357142857147,24311.881,24258.66,completed,time,False,False,1.9291957951427086,1.8791957951427085,15.0
2026-05-16 10:30:00+00:00,2026-05-16 10:31:00+00:00,2026-05-16 10:45:00+00:00,2026-05-16 11:00:01+00:00,2026-05-16 10:33:31+00:00,2026-05-16 10:33:32+00:00,2026-05-16 10:48:32+00:00,,,CONTEXT_GEOMETRIC,crash:CONTEXT_GEOMETRIC:2026-05-16T10:30:00+00:00,-1,24295.606846428574,24297.426367857144,24301.975171428574,24287.419,18.19521428571456,24295.668,24211.492,completed,time,False,False,2.313135714650292,2.2631357146502924,15.0
2026-05-17 08:00:00+00:00,2026-05-17 08:01:00+00:00,2026-05-17 08:15:00+00:00,2026-05-17 08:30:01+00:00,2026-05-17 08:05:43+00:00,2026-05-17 08:05:44+00:00,2026-05-17 08:20:44+00:00,,,CONTEXT_GEOMETRIC,crash:CONTEXT_GEOMETRIC:2026-05-17T08:00:00+00:00,-1,24489.757771428573,24492.995942857146,24501.091371428574,24475.186,32.381714285714615,24489.829,24522.442,completed,time,False,False,-0.5035712395002042,-0.5535712395002043,15.0
2026-05-17 13:00:00+00:00,2026-05-17 13:01:00+00:00,2026-05-17 13:15:00+00:00,2026-05-17 13:30:01+00:00,2026-05-17 13:03:56+00:00,2026-05-17 13:03:57+00:00,2026-05-17 13:18:57+00:00,,,CONTEXT_GEOMETRIC,crash:CONTEXT_GEOMETRIC:2026-05-17T13:00:00+00:00,-1,24335.88715,24337.93785,24343.064599999998,24326.659,20.507000000000126,24335.937,24302.805,completed,time,False,False,0.8078217194129133,0.7578217194129132,15.0
2026-05-17 17:00:00+00:00,2026-05-17 17:01:00+00:00,2026-05-17 17:15:00+00:00,2026-05-17 17:30:01+00:00,2026-05-17 17:04:19+00:00,2026-05-17 17:04:20+00:00,2026-05-17 17:19:20+00:00,,,CONTEXT_GEOMETRIC,crash:CONTEXT_GEOMETRIC:2026-05-17T17:00:00+00:00,-1,24254.520289285716,24256.67435357143,24262.059514285716,24244.827,21.54064285714256,24254.574,24290.42,completed,time,False,False,-0.8320550189176856,-0.8820550189176857,15.0
2026-05-19 13:00:00+00:00,2026-05-19 13:01:00+00:00,2026-05-19 13:15:00+00:00,2026-05-19 13:30:01+00:00,2026-05-19 13:03:55+00:00,2026-05-19 13:03:56+00:00,2026-05-19 13:18:56+00:00,,,CONTEXT_GEOMETRIC,crash:CONTEXT_GEOMETRIC:2026-05-19T13:00:00+00:00,-1,24210.342160714285,24212.38019642857,24217.475285714285,24201.171,20.380357142856933,24210.433,24151.238,completed,time,False,False,1.4522561990712424,1.4022561990712423,15.0
2026-05-19 14:00:00+00:00,2026-05-19 14:01:00+00:00,2026-05-19 14:15:00+00:00,2026-05-19 14:30:01+00:00,2026-05-19 14:11:27+00:00,2026-05-19 14:11:28+00:00,2026-05-19 14:26:28+00:00,,,CONTEXT_GEOMETRIC,crash:CONTEXT_GEOMETRIC:2026-05-19T14:00:00+00:00,-1,24065.265346428572,24068.391867857143,24076.20817142857,24051.196,31.26521428571427,24065.339,24083.286,completed,time,False,False,-0.28701226602819857,-0.33701226602819856,15.0
2026-05-20 16:30:00+00:00,2026-05-20 16:31:00+00:00,2026-05-20 16:45:00+00:00,2026-05-20 17:00:01+00:00,2026-05-20 16:34:02+00:00,2026-05-20 16:34:03+00:00,2026-05-20 16:49:03+00:00,,,CONTEXT_GEOMETRIC,crash:CONTEXT_GEOMETRIC:2026-05-20T16:30:00+00:00,-1,24178.348285714284,24180.65257142857,24186.413285714287,24167.979,23.042857142857297,24178.446,24214.546,completed,time,False,False,-0.783323000619926,-0.833323000619926,15.0
2026-05-20 18:00:00+00:00,2026-05-20 18:01:00+00:00,2026-05-20 18:15:00+00:00,2026-05-20 18:30:01+00:00,2026-05-20 18:03:32+00:00,2026-05-20 18:03:33+00:00,2026-05-20 18:18:33+00:00,,,CONTEXT_GEOMETRIC,crash:CONTEXT_GEOMETRIC:2026-05-20T18:00:00+00:00,-1,24199.337842857145,24201.213585714286,24205.902942857145,24190.897,18.757428571429045,24199.413,24124.858,completed,time,False,False,1.9873459657887498,1.9373459657887497,15.0
2026-05-21 03:30:00+00:00,2026-05-21 03:31:00+00:00,2026-05-21 03:45:00+00:00,2026-05-21 04:00:01+00:00,2026-05-21 03:33:51+00:00,2026-05-21 03:33:52+00:00,2026-05-21 03:48:52+00:00,,,CONTEXT_GEOMETRIC,crash:CONTEXT_GEOMETRIC:2026-05-21T03:30:00+00:00,-1,24102.958285714285,24104.79857142857,24109.399285714284,24094.677,18.402857142856842,24103.04,24063.008,completed,time,False,False,1.0876571960875612,1.0376571960875611,15.0
2026-05-22 06:00:00+00:00,2026-05-22 06:01:00+00:00,2026-05-22 06:15:00+00:00,2026-05-22 06:30:01+00:00,2026-05-22 06:03:49+00:00,2026-05-22 06:03:50+00:00,2026-05-22 06:18:50+00:00,,,CONTEXT_GEOMETRIC,crash:CONTEXT_GEOMETRIC:2026-05-22T06:00:00+00:00,-1,24328.580546428573,24330.764667857144,24336.22497142857,24318.752,21.841214285714937,24328.611,24363.805,completed,time,False,False,-0.8056786481651308,-0.8556786481651308,15.0
2026-05-22 09:00:00+00:00,2026-05-22 09:01:00+00:00,2026-05-22 09:15:00+00:00,2026-05-22 09:30:01+00:00,2026-05-22 09:04:06+00:00,2026-05-22 09:04:07+00:00,2026-05-22 09:19:07+00:00,,,CONTEXT_GEOMETRIC,crash:CONTEXT_GEOMETRIC:2026-05-22T09:00:00+00:00,-1,24384.80325714286,24386.873314285716,24392.04845714286,24375.488,20.700571428571493,24384.846,24381.518,completed,time,False,False,0.08038425440294712,0.03038425440294712,15.0
2026-05-22 20:00:00+00:00,2026-05-22 20:01:00+00:00,2026-05-22 20:15:00+00:00,2026-05-22 20:30:01+00:00,2026-05-22 20:09:01+00:00,2026-05-22 20:09:02+00:00,2026-05-22 20:24:02+00:00,,,CONTEXT_GEOMETRIC,crash:CONTEXT_GEOMETRIC:2026-05-22T20:00:00+00:00,-1,24425.416685714285,24427.78017142857,24433.688885714284,24414.781,23.63485714285733,24425.514,24446.656,completed,time,False,False,-0.4472631222649283,-0.4972631222649283,15.0
2026-05-22 20:30:00+00:00,2026-05-22 20:31:00+00:00,2026-05-22 20:45:00+00:00,2026-05-22 21:00:01+00:00,2026-05-22 20:34:53+00:00,2026-05-22 20:34:54+00:00,2026-05-22 20:49:54+00:00,,,CONTEXT_GEOMETRIC,crash:CONTEXT_GEOMETRIC:2026-05-22T20:30:00+00:00,-1,24429.387539285715,24432.01210357143,24438.573514285716,24417.577,26.245642857143007,24429.441,24434.777,completed,time,False,False,-0.10165496857980535,-0.15165496857980537,15.0
2026-05-22 22:00:00+00:00,2026-05-22 22:01:00+00:00,2026-05-22 22:15:00+00:00,2026-05-22 22:30:01+00:00,2026-05-22 22:04:19+00:00,2026-05-22 22:04:20+00:00,2026-05-22 22:19:20+00:00,,,CONTEXT_GEOMETRIC,crash:CONTEXT_GEOMETRIC:2026-05-22T22:00:00+00:00,-1,24365.93955357143,24368.25523214286,24374.04442857143,24355.519,23.156785714285952,24366.011,24387.274,completed,time,False,False,-0.4591094865744907,-0.5091094865744907,15.0
2026-05-23 16:00:00+00:00,2026-05-23 16:01:00+00:00,2026-05-23 16:15:00+00:00,2026-05-23 16:30:01+00:00,2026-05-23 16:04:12+00:00,2026-05-23 16:04:13+00:00,2026-05-23 16:19:13+00:00,,,CONTEXT_GEOMETRIC,crash:CONTEXT_GEOMETRIC:2026-05-23T16:00:00+00:00,-1,24102.277828571427,24104.476457142857,24109.97302857143,24092.384,21.98628571428552,24102.361,24104.187,completed,time,False,False,-0.041525886266785245,-0.09152588626678525,15.0
2026-05-24 16:00:00+00:00,2026-05-24 16:01:00+00:00,2026-05-24 16:15:00+00:00,2026-05-24 16:30:01+00:00,2026-05-24 16:05:29+00:00,2026-05-24 16:05:30+00:00,2026-05-24 16:20:30+00:00,,,CONTEXT_GEOMETRIC,crash:CONTEXT_GEOMETRIC:2026-05-24T16:00:00+00:00,-1,24289.822532142858,24292.781539285716,24300.179057142857,24276.507,29.59007142857211,24289.978,24326.683,completed,time,False,False,-0.6202249306596719,-0.6702249306596719,15.0
2026-05-25 14:30:00+00:00,2026-05-25 14:31:00+00:00,2026-05-25 14:45:00+00:00,2026-05-25 15:00:01+00:00,2026-05-25 14:34:16+00:00,2026-05-25 14:34:17+00:00,2026-05-25 14:49:17+00:00,,,CONTEXT_GEOMETRIC,crash:CONTEXT_GEOMETRIC:2026-05-25T14:30:00+00:00,-1,24413.637517857143,24415.807410714286,24421.23214285714,24403.873,21.69892857142882,24413.704,24326.945,completed,time,False,False,1.9991540069457212,1.9491540069457212,15.0
2026-05-25 15:00:00+00:00,2026-05-25 15:01:00+00:00,2026-05-25 15:15:00+00:00,2026-05-25 15:30:01+00:00,2026-05-25 15:14:31+00:00,2026-05-25 15:14:32+00:00,2026-05-25 15:29:32+00:00,,,CONTEXT_GEOMETRIC,crash:CONTEXT_GEOMETRIC:2026-05-25T15:00:00+00:00,-1,24299.30291785714,24302.096010714286,24309.078742857142,24286.734,27.93092857142827,24299.318,24333.402,completed,time,False,False,-0.6101479926246507,-0.6601479926246507,15.0
2026-05-25 19:30:00+00:00,2026-05-25 19:31:00+00:00,2026-05-25 19:45:00+00:00,2026-05-25 20:00:01+00:00,2026-05-25 19:37:18+00:00,2026-05-25 19:37:19+00:00,2026-05-25 19:52:19+00:00,,,CONTEXT_GEOMETRIC,crash:CONTEXT_GEOMETRIC:2026-05-25T19:30:00+00:00,-1,24346.678475,24348.979025,24354.7304,24336.326,23.00549999999956,24346.747,24347.536,completed,time,False,False,-0.01714807328683759,-0.0671480732868376,15.0
2026-05-25 20:30:00+00:00,2026-05-25 20:31:00+00:00,2026-05-25 20:45:00+00:00,2026-05-25 21:00:01+00:00,2026-05-25 20:35:34+00:00,2026-05-25 20:35:35+00:00,2026-05-25 20:50:35+00:00,,,CONTEXT_GEOMETRIC,crash:CONTEXT_GEOMETRIC:2026-05-25T20:30:00+00:00,-1,24275.540332142857,24278.075739285716,24284.41425714286,24264.131,25.354071428571583,24275.593,24239.532,completed,time,False,False,0.7111481108979653,0.6611481108979652,15.0
2026-05-25 22:30:00+00:00,2026-05-25 22:31:00+00:00,2026-05-25 22:45:00+00:00,2026-05-25 23:00:01+00:00,2026-05-25 22:34:43+00:00,2026-05-25 22:34:44+00:00,2026-05-25 22:49:44+00:00,,,CONTEXT_GEOMETRIC,crash:CONTEXT_GEOMETRIC:2026-05-25T22:30:00+00:00,-1,24172.93528214286,24175.535789285714,24182.037057142858,24161.233,26.005071428571423,24172.972,24086.07,completed,time,False,False,1.6708663969390947,1.6208663969390946,15.0
2026-05-26 17:00:00+00:00,2026-05-26 17:01:00+00:00,2026-05-26 17:15:00+00:00,2026-05-26 17:30:01+00:00,2026-05-26 17:04:19+00:00,2026-05-26 17:04:20+00:00,2026-05-26 17:19:20+00:00,,,CONTEXT_GEOMETRIC,crash:CONTEXT_GEOMETRIC:2026-05-26T17:00:00+00:00,-1,23986.647803571428,23988.929982142858,23994.63542857143,23976.378,22.821785714285266,23986.75,23938.313,completed,time,False,False,1.0612009201734518,1.0112009201734518,15.0
2026-05-26 17:30:00+00:00,2026-05-26 17:31:00+00:00,2026-05-26 17:45:00+00:00,2026-05-26 18:00:01+00:00,2026-05-26 17:35:06+00:00,2026-05-26 17:35:07+00:00,2026-05-26 17:50:07+00:00,,,CONTEXT_GEOMETRIC,crash:CONTEXT_GEOMETRIC:2026-05-26T17:30:00+00:00,-1,23925.41875714286,23928.383814285717,23935.79645714286,23912.076,29.65057142857118,23925.501,23893.098,completed,time,False,False,0.546414427088832,0.49641442708883204,15.0
2026-05-27 21:00:00+00:00,2026-05-27 21:01:00+00:00,2026-05-27 21:15:00+00:00,2026-05-27 21:30:01+00:00,2026-05-27 21:04:10+00:00,2026-05-27 21:04:11+00:00,2026-05-27 21:19:11+00:00,,,CONTEXT_GEOMETRIC,crash:CONTEXT_GEOMETRIC:2026-05-27T21:00:00+00:00,-1,24001.559096428573,24003.881117857145,24009.686171428573,23991.11,23.220214285713933,24001.639,23940.827,completed,time,False,False,1.309462506498319,1.259462506498319,15.0
2026-05-28 04:30:00+00:00,2026-05-28 04:31:00+00:00,2026-05-28 04:45:00+00:00,2026-05-28 05:00:01+00:00,2026-05-28 04:34:45+00:00,2026-05-28 04:34:46+00:00,2026-05-28 04:49:46+00:00,,,CONTEXT_GEOMETRIC,crash:CONTEXT_GEOMETRIC:2026-05-28T04:30:00+00:00,-1,23752.57901785714,23754.891910714283,23760.67414285714,23742.171,23.12892857142859,23752.594,23738.223,completed,time,False,False,0.3106715461465827,0.2606715461465827,15.0
2026-05-28 05:30:00+00:00,2026-05-28 05:31:00+00:00,2026-05-28 05:45:00+00:00,2026-05-28 06:00:01+00:00,2026-05-28 05:40:46+00:00,2026-05-28 05:40:47+00:00,2026-05-28 05:55:47+00:00,,,CONTEXT_GEOMETRIC,crash:CONTEXT_GEOMETRIC:2026-05-28T05:30:00+00:00,-1,23692.65107857143,23694.81820714286,23700.23602857143,23682.899,21.67128571428605,23692.704,23636.928,completed,time,False,False,1.2868641190779293,1.2368641190779293,15.0
2026-05-28 08:30:00+00:00,2026-05-28 08:31:00+00:00,2026-05-28 08:45:00+00:00,2026-05-28 09:00:01+00:00,2026-05-28 08:34:45+00:00,2026-05-28 08:34:46+00:00,2026-05-28 08:49:46+00:00,,,CONTEXT_GEOMETRIC,crash:CONTEXT_GEOMETRIC:2026-05-28T08:30:00+00:00,-1,23582.74284285714,23585.202585714283,23591.35194285714,23571.674,24.59742857142815,23582.794,23613.981,completed,time,False,False,-0.6339483802023158,-0.6839483802023159,15.0
2026-05-28 09:00:00+00:00,2026-05-28 09:01:00+00:00,2026-05-28 09:15:00+00:00,2026-05-28 09:30:01+00:00,2026-05-28 09:04:41+00:00,2026-05-28 09:04:42+00:00,2026-05-28 09:19:42+00:00,,,CONTEXT_GEOMETRIC,crash:CONTEXT_GEOMETRIC:2026-05-28T09:00:00+00:00,-1,23581.917525,23584.474975,23590.8686,23570.409,25.574499999999848,23581.992,23570.158,completed,time,False,False,0.23136327200920825,0.18136327200920827,15.0
2026-05-28 12:00:00+00:00,2026-05-28 12:01:00+00:00,2026-05-28 12:15:00+00:00,2026-05-28 12:30:01+00:00,2026-05-28 12:04:33+00:00,2026-05-28 12:04:34+00:00,2026-05-28 12:19:34+00:00,,,CONTEXT_GEOMETRIC,crash:CONTEXT_GEOMETRIC:2026-05-28T12:00:00+00:00,-1,23661.376289285712,23663.782353571427,23669.797514285714,23650.549,24.06064285714378,23661.421,23656.922,completed,time,False,False,0.09349293006657988,0.04349293006657988,15.0
2026-05-28 17:00:00+00:00,2026-05-28 17:01:00+00:00,2026-05-28 17:15:00+00:00,2026-05-28 17:30:01+00:00,2026-05-28 17:04:16+00:00,2026-05-28 17:04:17+00:00,2026-05-28 17:19:17+00:00,,,CONTEXT_GEOMETRIC,crash:CONTEXT_GEOMETRIC:2026-05-28T17:00:00+00:00,-1,23592.72189642857,23595.13031785714,23601.15137142857,23581.884,24.084214285714033,23592.777,23628.36,completed,time,False,False,-0.7387203829420549,-0.7887203829420549,15.0
2026-05-29 00:00:00+00:00,2026-05-29 00:01:00+00:00,2026-05-29 00:15:00+00:00,2026-05-29 00:30:01+00:00,2026-05-29 00:04:29+00:00,2026-05-29 00:04:30+00:00,2026-05-29 00:19:30+00:00,,,CONTEXT_GEOMETRIC,crash:CONTEXT_GEOMETRIC:2026-05-29T00:00:00+00:00,-1,23581.76364642857,23584.231567857143,23590.401371428572,23570.658,24.679214285713897,23537.865,23433.514,completed,time,False,False,2.114147533060002,2.064147533060002,15.0
2026-05-29 04:30:00+00:00,2026-05-29 04:31:00+00:00,2026-05-29 04:45:00+00:00,2026-05-29 05:00:01+00:00,2026-05-29 04:36:43+00:00,2026-05-29 04:36:44+00:00,2026-05-29 04:51:44+00:00,,,CONTEXT_GEOMETRIC,crash:CONTEXT_GEOMETRIC:2026-05-29T04:30:00+00:00,-1,23332.035121428573,23334.193592857144,23339.58977142857,23322.322,21.584714285714654,23332.063,23340.635,completed,time,False,False,-0.1985664458313747,-0.24856644583137472,15.0
2026-05-29 05:00:00+00:00,2026-05-29 05:01:00+00:00,2026-05-29 05:15:00+00:00,2026-05-29 05:30:01+00:00,2026-05-29 05:03:16+00:00,2026-05-29 05:03:17+00:00,2026-05-29 05:18:17+00:00,,,CONTEXT_GEOMETRIC,crash:CONTEXT_GEOMETRIC:2026-05-29T05:00:00+00:00,-1,23318.886492857146,23320.641935714288,23325.030542857145,23310.987,17.554428571428748,23318.931,23319.877,completed,time,False,False,-0.026944767702083,-0.076944767702083,15.0
2026-05-29 16:00:00+00:00,2026-05-29 16:01:00+00:00,2026-05-29 16:15:00+00:00,2026-05-29 16:30:01+00:00,2026-05-29 16:04:13+00:00,2026-05-29 16:04:14+00:00,2026-05-29 16:19:14+00:00,,,CONTEXT_GEOMETRIC,crash:CONTEXT_GEOMETRIC:2026-05-29T16:00:00+00:00,-1,23293.43040357143,23295.441382142857,23300.46882857143,23284.381,20.10978571428573,23293.501,23309.241,completed,time,False,False,-0.3913517583834846,-0.4413517583834846,15.0
2026-05-29 16:30:00+00:00,2026-05-29 16:31:00+00:00,2026-05-29 16:45:00+00:00,2026-05-29 17:00:01+00:00,2026-05-29 16:33:09+00:00,2026-05-29 16:33:10+00:00,2026-05-29 16:48:10+00:00,,,CONTEXT_GEOMETRIC,crash:CONTEXT_GEOMETRIC:2026-05-29T16:30:00+00:00,-1,23301.302628571426,23302.891657142856,23306.864228571427,23294.152,15.89028571428571,23301.393,23259.004,completed,time,False,False,1.3338023230724727,1.2838023230724727,15.0
2026-05-29 18:00:00+00:00,2026-05-29 18:01:00+00:00,2026-05-29 18:15:00+00:00,2026-05-29 18:30:01+00:00,2026-05-29 18:04:42+00:00,2026-05-29 18:04:43+00:00,2026-05-29 18:19:43+00:00,,,CONTEXT_GEOMETRIC,crash:CONTEXT_GEOMETRIC:2026-05-29T18:00:00+00:00,-1,23136.28314642857,23138.76806785714,23144.98037142857,23125.101,24.849214285714748,23136.297,23136.045,completed,time,False,False,0.005070582858333604,-0.0449294171416664,15.0
2026-05-29 22:30:00+00:00,2026-05-29 22:31:00+00:00,2026-05-29 22:45:00+00:00,2026-05-29 23:00:01+00:00,2026-05-29 22:33:07+00:00,2026-05-29 22:33:08+00:00,2026-05-29 22:48:08+00:00,,,CONTEXT_GEOMETRIC,crash:CONTEXT_GEOMETRIC:2026-05-29T22:30:00+00:00,-1,23178.9697,23180.5423,23184.4738,23171.893,15.726000000000047,23179.02,23176.807,completed,time,False,False,0.07036118529822369,0.020361185298223686,15.0
2026-05-30 04:00:00+00:00,2026-05-30 04:01:00+00:00,2026-05-30 04:15:00+00:00,2026-05-30 04:30:01+00:00,2026-05-30 04:13:00+00:00,2026-05-30 04:13:01+00:00,2026-05-30 04:28:01+00:00,,,CONTEXT_GEOMETRIC,crash:CONTEXT_GEOMETRIC:2026-05-30T04:00:00+00:00,-1,23079.45879285714,23081.567635714287,23086.839742857144,23069.969,21.088428571428135,23079.542,23073.305,completed,time,False,False,0.14787730576689934,0.09787730576689933,15.0
2026-05-30 06:00:00+00:00,2026-05-30 06:01:00+00:00,2026-05-30 06:15:00+00:00,2026-05-30 06:30:01+00:00,2026-05-30 06:04:17+00:00,2026-05-30 06:04:18+00:00,2026-05-30 06:19:18+00:00,,,CONTEXT_GEOMETRIC,crash:CONTEXT_GEOMETRIC:2026-05-30T06:00:00+00:00,-1,23061.81745,23063.99955,23069.4548,23051.998,21.821000000000172,23061.874,23095.224,completed,time,False,False,-0.7641721277667908,-0.8141721277667908,15.0
2026-05-30 06:30:00+00:00,2026-05-30 06:31:00+00:00,2026-05-30 06:45:00+00:00,2026-05-30 07:00:01+00:00,2026-05-30 06:35:25+00:00,2026-05-30 06:35:26+00:00,2026-05-30 06:50:26+00:00,,,CONTEXT_GEOMETRIC,crash:CONTEXT_GEOMETRIC:2026-05-30T06:30:00+00:00,-1,23116.375092857146,23118.365335714287,23123.340942857143,23107.419,19.90242857142844,23116.478,23059.983,completed,time,False,False,1.419299152292956,1.3692991522929558,15.0
2026-05-30 08:30:00+00:00,2026-05-30 08:31:00+00:00,2026-05-30 08:45:00+00:00,2026-05-30 09:00:01+00:00,2026-05-30 08:32:38+00:00,2026-05-30 08:32:39+00:00,2026-05-30 08:47:39+00:00,,,CONTEXT_GEOMETRIC,crash:CONTEXT_GEOMETRIC:2026-05-30T08:30:00+00:00,-1,23073.742721428574,23075.195992857145,23078.829171428573,23067.203,14.532714285714453,23073.765,23040.165,completed,time,False,False,1.1560125431292312,1.1060125431292311,15.0
2026-05-30 16:00:00+00:00,2026-05-30 16:01:00+00:00,2026-05-30 16:15:00+00:00,2026-05-30 16:30:01+00:00,2026-05-30 16:03:27+00:00,2026-05-30 16:03:28+00:00,2026-05-30 16:18:28+00:00,,,CONTEXT_GEOMETRIC,crash:CONTEXT_GEOMETRIC:2026-05-30T16:00:00+00:00,-1,23012.44385,23014.33715,23019.0704,23003.924,18.93299999999986,23012.471,23042.498,completed,time,False,False,-0.7929805102202093,-0.8429805102202094,15.0
2026-05-30 19:00:00+00:00,2026-05-30 19:01:00+00:00,2026-05-30 19:15:00+00:00,2026-05-30 19:30:01+00:00,2026-05-30 19:03:41+00:00,2026-05-30 19:03:42+00:00,2026-05-30 19:18:42+00:00,,,CONTEXT_GEOMETRIC,crash:CONTEXT_GEOMETRIC:2026-05-30T19:00:00+00:00,-1,22970.897282142858,22972.961789285713,22978.123057142857,22961.607,20.64507142857162,22970.939,22926.702,completed,time,False,False,1.0713695070770215,1.0213695070770215,15.0
2026-05-30 20:00:00+00:00,2026-05-30 20:01:00+00:00,2026-05-30 20:15:00+00:00,2026-05-30 20:30:01+00:00,2026-05-30 20:04:00+00:00,2026-05-30 20:04:01+00:00,2026-05-30 20:19:01+00:00,,,CONTEXT_GEOMETRIC,crash:CONTEXT_GEOMETRIC:2026-05-30T20:00:00+00:00,-1,22941.52112857143,22943.64515714286,22948.95522857143,22931.963,21.240285714286074,22941.579,22869.585,completed,time,False,False,1.694751214000378,1.644751214000378,15.0
2026-05-30 21:30:00+00:00,2026-05-30 21:31:00+00:00,2026-05-30 21:45:00+00:00,2026-05-30 22:00:01+00:00,2026-05-30 21:34:07+00:00,2026-05-30 21:34:08+00:00,2026-05-30 21:49:08+00:00,,,CONTEXT_GEOMETRIC,crash:CONTEXT_GEOMETRIC:2026-05-30T21:30:00+00:00,-1,22837.45586785714,22839.562060714285,22844.827542857143,22827.978,21.061928571428975,22837.501,22872.755,completed,time,False,False,-0.8369129132795496,-0.8869129132795497,15.0
2026-05-30 22:00:00+00:00,2026-05-30 22:01:00+00:00,2026-05-30 22:15:00+00:00,2026-05-30 22:30:01+00:00,2026-05-30 22:04:14+00:00,2026-05-30 22:04:15+00:00,2026-05-30 22:19:15+00:00,,,CONTEXT_GEOMETRIC,crash:CONTEXT_GEOMETRIC:2026-05-30T22:00:00+00:00,-1,22808.637275,22810.732225,22815.9696,22799.21,20.949500000000107,22808.7,22843.367,completed,time,False,False,-0.8273944485547976,-0.8773944485547976,15.0
2026-05-31 01:00:00+00:00,2026-05-31 01:01:00+00:00,2026-05-31 01:15:00+00:00,2026-05-31 01:30:01+00:00,2026-05-31 01:04:19+00:00,2026-05-31 01:04:20+00:00,2026-05-31 01:19:20+00:00,,,CONTEXT_GEOMETRIC,crash:CONTEXT_GEOMETRIC:2026-05-31T01:00:00+00:00,-1,22771.82696785714,22773.924960714285,22779.16994285714,22762.386,20.979928571428122,22771.891,22803.394,completed,time,False,False,-0.7507890194369755,-0.8007890194369756,15.0
2026-05-31 01:30:00+00:00,2026-05-31 01:31:00+00:00,2026-05-31 01:45:00+00:00,2026-05-31 02:00:01+00:00,2026-05-31 01:33:34+00:00,2026-05-31 01:33:35+00:00,2026-05-31 01:48:35+00:00,,,CONTEXT_GEOMETRIC,crash:CONTEXT_GEOMETRIC:2026-05-31T01:30:00+00:00,-1,22812.58874642857,22814.378467857143,22818.85277142857,22804.535,17.897214285714135,22812.643,22803.507,completed,time,False,False,0.2552352520942635,0.20523525209426352,15.0
2026-06-01 16:00:00+00:00,2026-06-01 16:01:00+00:00,2026-06-01 16:15:00+00:00,2026-06-01 16:30:01+00:00,2026-06-01 16:03:31+00:00,2026-06-01 16:03:32+00:00,2026-06-01 16:18:32+00:00,,,CONTEXT_GEOMETRIC,crash:CONTEXT_GEOMETRIC:2026-06-01T16:00:00+00:00,-1,23396.541889285716,23398.41875357143,23403.110914285717,23388.096,18.76864285714276,23396.624,23430.433,completed,time,False,False,-0.9006778022614048,-0.9506778022614049,15.0
2026-06-01 18:30:00+00:00,2026-06-01 18:31:00+00:00,2026-06-01 18:45:00+00:00,2026-06-01 19:00:01+00:00,2026-06-01 18:34:36+00:00,2026-06-01 18:34:37+00:00,2026-06-01 18:49:37+00:00,,,CONTEXT_GEOMETRIC,crash:CONTEXT_GEOMETRIC:2026-06-01T18:30:00+00:00,-1,23388.070746428573,23390.534467857142,23396.69377142857,23376.984,24.637214285713917,23388.168,23416.07,completed,time,False,False,-0.566257200924242,-0.6162572009242421,15.0
2026-06-01 19:30:00+00:00,2026-06-01 19:31:00+00:00,2026-06-01 19:45:00+00:00,2026-06-01 20:00:01+00:00,2026-06-01 19:33:56+00:00,2026-06-01 19:33:57+00:00,2026-06-01 19:48:57+00:00,,,CONTEXT_GEOMETRIC,crash:CONTEXT_GEOMETRIC:2026-06-01T19:30:00+00:00,-1,23422.583382142857,23424.465689285717,23429.17145714286,23414.113,18.823071428570724,23422.644,23376.338,completed,time,False,False,1.2300330521435154,1.1800330521435154,15.0
2026-06-01 20:00:00+00:00,2026-06-01 20:01:00+00:00,2026-06-01 20:15:00+00:00,2026-06-01 20:30:01+00:00,2026-06-01 20:03:49+00:00,2026-06-01 20:03:50+00:00,2026-06-01 20:18:50+00:00,,,CONTEXT_GEOMETRIC,crash:CONTEXT_GEOMETRIC:2026-06-01T20:00:00+00:00,-1,23349.560460714285,23351.73989642857,23357.188485714287,23339.753,21.794357142856825,23349.667,23358.834,completed,time,False,False,-0.21030673077233109,-0.2603067307723311,15.0
2026-06-02 07:00:00+00:00,2026-06-02 07:01:00+00:00,2026-06-02 07:15:00+00:00,2026-06-02 07:30:01+00:00,2026-06-02 07:04:54+00:00,2026-06-02 07:04:55+00:00,2026-06-02 07:19:55+00:00,,,CONTEXT_GEOMETRIC,crash:CONTEXT_GEOMETRIC:2026-06-02T07:00:00+00:00,-1,23617.58465,23620.15835,23626.5926,23606.003,25.73699999999917,23617.764,23652.953,completed,time,False,False,-0.6836266853169223,-0.7336266853169223,15.0
2026-06-02 13:30:00+00:00,2026-06-02 13:31:00+00:00,2026-06-02 13:45:00+00:00,2026-06-02 14:00:01+00:00,2026-06-02 13:34:02+00:00,2026-06-02 13:34:03+00:00,2026-06-02 13:49:03+00:00,,,CONTEXT_GEOMETRIC,crash:CONTEXT_GEOMETRIC:2026-06-02T13:30:00+00:00,-1,23526.912257142856,23528.956314285715,23534.066457142857,23517.714,20.440571428571275,23527.024,23562.271,completed,time,False,False,-0.8621823544211707,-0.9121823544211708,15.0
2026-06-03 05:30:00+00:00,2026-06-03 05:31:00+00:00,2026-06-03 05:45:00+00:00,2026-06-03 06:00:01+00:00,2026-06-03 05:34:34+00:00,2026-06-03 05:34:35+00:00,2026-06-03 05:49:35+00:00,,,CONTEXT_GEOMETRIC,crash:CONTEXT_GEOMETRIC:2026-06-03T05:30:00+00:00,-1,23572.453028571428,23574.439257142858,23579.40482857143,23563.515,19.86228571428598,23572.546,23453.03,completed,time,False,False,3.0086164734312915,2.9586164734312916,15.0
2026-06-03 06:00:00+00:00,2026-06-03 06:01:00+00:00,2026-06-03 06:15:00+00:00,2026-06-03 06:30:01+00:00,2026-06-03 06:06:11+00:00,2026-06-03 06:06:12+00:00,2026-06-03 06:21:12+00:00,,,CONTEXT_GEOMETRIC,crash:CONTEXT_GEOMETRIC:2026-06-03T06:00:00+00:00,-1,23366.89710357143,23370.08268214286,23378.046628571432,23352.562,31.855785714286476,23366.989,23346.555,completed,time,False,False,0.32072666772800706,0.2707266677280071,15.0
2026-06-03 12:00:00+00:00,2026-06-03 12:01:00+00:00,2026-06-03 12:15:00+00:00,2026-06-03 12:30:01+00:00,2026-06-03 12:03:42+00:00,2026-06-03 12:03:43+00:00,2026-06-03 12:18:43+00:00,,,CONTEXT_GEOMETRIC,crash:CONTEXT_GEOMETRIC:2026-06-03T12:00:00+00:00,-1,23170.585667857144,23172.212260714285,23176.278742857143,23163.266,16.26592857142844,23170.61,23199.146,completed,time,False,False,-0.8771709489160165,-0.9271709489160166,15.0
2026-06-03 23:00:00+00:00,2026-06-03 23:01:00+00:00,2026-06-03 23:15:00+00:00,2026-06-03 23:30:01+00:00,2026-06-03 23:03:57+00:00,2026-06-03 23:03:58+00:00,2026-06-03 23:18:58+00:00,,,CONTEXT_GEOMETRIC,crash:CONTEXT_GEOMETRIC:2026-06-03T23:00:00+00:00,-1,23152.078164285715,23154.16597857143,23159.385514285714,23142.683,20.87814285714298,23152.125,23163.047,completed,time,False,False,-0.2615654101691796,-0.3115654101691796,15.0
2026-06-04 03:00:00+00:00,2026-06-04 03:01:00+00:00,2026-06-04 03:15:00+00:00,2026-06-04 03:30:01+00:00,2026-06-04 03:04:27+00:00,2026-06-04 03:04:28+00:00,2026-06-04 03:19:28+00:00,,,CONTEXT_GEOMETRIC,crash:CONTEXT_GEOMETRIC:2026-06-04T03:00:00+00:00,-1,23224.438410714287,23226.54694642857,23231.818285714286,23214.95,21.085357142857383,23224.492,23211.962,completed,time,False,False,0.2971256288215954,0.2471256288215954,15.0
2026-06-04 08:30:00+00:00,2026-06-04 08:31:00+00:00,2026-06-04 08:45:00+00:00,2026-06-04 09:00:01+00:00,2026-06-04 08:33:34+00:00,2026-06-04 08:33:35+00:00,2026-06-04 08:48:35+00:00,,,CONTEXT_GEOMETRIC,crash:CONTEXT_GEOMETRIC:2026-06-04T08:30:00+00:00,-1,23018.380571428574,23020.225142857144,23024.836571428572,23010.08,18.4457142857144,23018.434,23029.478,completed,time,False,False,-0.2993649318462898,-0.3493649318462898,15.0
2026-06-04 10:30:00+00:00,2026-06-04 10:31:00+00:00,2026-06-04 10:45:00+00:00,2026-06-04 11:00:01+00:00,2026-06-04 10:33:07+00:00,2026-06-04 10:33:08+00:00,2026-06-04 10:47:02+00:00,2026-06-04 10:47:01+00:00,,CONTEXT_GEOMETRIC,crash:CONTEXT_GEOMETRIC:2026-06-04T10:30:00+00:00,-1,22992.44495,22994.110050000003,22998.272800000002,22984.952,16.65100000000036,22992.554,23025.957,completed,sl,False,False,-1.0030328508797581,-1.0530328508797582,13.9
2026-06-05 20:00:00+00:00,2026-06-05 20:01:00+00:00,2026-06-05 20:15:00+00:00,2026-06-05 20:30:01+00:00,2026-06-05 20:03:54+00:00,2026-06-05 20:03:55+00:00,2026-06-05 20:18:55+00:00,,,CONTEXT_GEOMETRIC,crash:CONTEXT_GEOMETRIC:2026-06-05T20:00:00+00:00,-1,23379.122675000002,23381.136825,23386.1722,23370.059,20.141500000000242,23379.232,23373.323,completed,time,False,False,0.1466871881438716,0.0966871881438716,15.0
2026-06-05 20:30:00+00:00,2026-06-05 20:31:00+00:00,2026-06-05 20:45:00+00:00,2026-06-05 21:00:01+00:00,2026-06-05 20:32:48+00:00,2026-06-05 20:32:49+00:00,2026-06-05 20:47:49+00:00,,,CONTEXT_GEOMETRIC,crash:CONTEXT_GEOMETRIC:2026-06-05T20:30:00+00:00,-1,23379.854225,23381.520275,23385.6854,23372.357,16.660499999999956,23379.977,23371.043,completed,time,False,False,0.26811920410544376,0.21811920410544378,15.0
2026-06-05 22:00:00+00:00,2026-06-05 22:01:00+00:00,2026-06-05 22:15:00+00:00,2026-06-05 22:30:01+00:00,2026-06-05 22:04:46+00:00,2026-06-05 22:04:47+00:00,2026-06-05 22:19:47+00:00,,,CONTEXT_GEOMETRIC,crash:CONTEXT_GEOMETRIC:2026-06-05T22:00:00+00:00,-1,23261.43727857143,23264.006007142856,23270.427828571428,23249.878,25.687285714285412,23261.503,23269.783,completed,time,False,False,-0.16116922768905276,-0.21116922768905277,15.0
2026-06-06 00:30:00+00:00,2026-06-06 00:31:00+00:00,2026-06-06 00:45:00+00:00,2026-06-06 01:00:01+00:00,2026-06-06 00:33:54+00:00,2026-06-06 00:33:55+00:00,2026-06-06 00:48:55+00:00,,,CONTEXT_GEOMETRIC,crash:CONTEXT_GEOMETRIC:2026-06-06T00:30:00+00:00,-1,23258.493242857145,23260.522185714286,23265.594542857143,23249.363,20.289428571428548,23258.577,23267.111,completed,time,False,False,-0.2103065635869405,-0.2603065635869405,15.0
2026-06-06 02:00:00+00:00,2026-06-06 02:01:00+00:00,2026-06-06 02:15:00+00:00,2026-06-06 02:30:01+00:00,2026-06-06 02:04:14+00:00,2026-06-06 02:04:15+00:00,2026-06-06 02:19:15+00:00,,,CONTEXT_GEOMETRIC,crash:CONTEXT_GEOMETRIC:2026-06-06T02:00:00+00:00,-1,23162.144375,23164.459124999998,23170.246,23151.728,23.147500000000168,23162.179,23138.425,completed,time,False,False,0.5131007668214849,0.4631007668214849,15.0
2026-06-06 02:30:00+00:00,2026-06-06 02:31:00+00:00,2026-06-06 02:45:00+00:00,2026-06-06 03:00:01+00:00,2026-06-06 02:38:40+00:00,2026-06-06 02:38:41+00:00,2026-06-06 02:53:41+00:00,,,CONTEXT_GEOMETRIC,crash:CONTEXT_GEOMETRIC:2026-06-06T02:30:00+00:00,-1,23038.454471428573,23041.31724285714,23048.47417142857,23025.572,28.62771428571406,23038.504,23074.427,completed,time,False,False,-0.6274164895156393,-0.6774164895156394,15.0
2026-06-06 03:00:00+00:00,2026-06-06 03:01:00+00:00,2026-06-06 03:15:00+00:00,2026-06-06 03:30:01+00:00,2026-06-06 03:05:46+00:00,2026-06-06 03:05:47+00:00,2026-06-06 03:20:47+00:00,,,CONTEXT_GEOMETRIC,crash:CONTEXT_GEOMETRIC:2026-06-06T03:00:00+00:00,-1,23075.97417142857,23078.81954285714,23085.93297142857,23063.17,28.45371428571421,23076.049,23060.306,completed,time,False,False,0.276642266136458,0.226642266136458,15.0
2026-06-06 03:30:00+00:00,2026-06-06 03:31:00+00:00,2026-06-06 03:45:00+00:00,2026-06-06 04:00:01+00:00,2026-06-06 03:39:08+00:00,2026-06-06 03:39:09+00:00,2026-06-06 03:54:09+00:00,,,CONTEXT_GEOMETRIC,crash:CONTEXT_GEOMETRIC:2026-06-06T03:30:00+00:00,-1,23051.468875,23053.844624999998,23059.784,23040.778,23.75749999999997,23051.523,23049.13,completed,time,False,False,0.05036304324950084,0.00036304324950083705,15.0
2026-06-06 04:00:00+00:00,2026-06-06 04:01:00+00:00,2026-06-06 04:15:00+00:00,2026-06-06 04:30:01+00:00,2026-06-06 04:03:48+00:00,2026-06-06 04:03:49+00:00,2026-06-06 04:18:49+00:00,,,CONTEXT_GEOMETRIC,crash:CONTEXT_GEOMETRIC:2026-06-06T04:00:00+00:00,-1,23026.347114285712,23028.28202857143,23033.119314285716,23017.64,19.349142857143306,23026.392,23055.458,completed,time,False,False,-0.7510927025190763,-0.8010927025190764,15.0
2026-06-06 07:30:00+00:00,2026-06-06 07:31:00+00:00,2026-06-06 07:45:00+00:00,2026-06-06 08:00:01+00:00,2026-06-06 07:33:51+00:00,2026-06-06 07:33:52+00:00,2026-06-06 07:48:52+00:00,,,CONTEXT_GEOMETRIC,crash:CONTEXT_GEOMETRIC:2026-06-06T07:30:00+00:00,-1,23039.067196428572,23041.133017857144,23046.29757142857,23029.771,20.658214285714298,23039.12,23068.358,completed,time,False,False,-0.7076603910585836,-0.7576603910585836,15.0
2026-06-06 14:30:00+00:00,2026-06-06 14:31:00+00:00,2026-06-06 14:45:00+00:00,2026-06-06 15:00:01+00:00,2026-06-06 14:43:38+00:00,2026-06-06 14:43:39+00:00,2026-06-06 14:55:49+00:00,2026-06-06 14:55:48+00:00,,CONTEXT_GEOMETRIC,crash:CONTEXT_GEOMETRIC:2026-06-06T14:30:00+00:00,-1,23138.606535714287,23140.01532142857,23143.537285714287,23132.267,14.087857142857631,23138.656,23166.899,completed,sl,False,False,-1.002388074836529,-1.052388074836529,12.166666666666666
2026-06-07 14:30:00+00:00,2026-06-07 14:31:00+00:00,2026-06-07 14:45:00+00:00,2026-06-07 15:00:01+00:00,2026-06-07 14:33:13+00:00,2026-06-07 14:33:14+00:00,2026-06-07 14:47:58+00:00,2026-06-07 14:47:57+00:00,,CONTEXT_GEOMETRIC,crash:CONTEXT_GEOMETRIC:2026-06-07T14:30:00+00:00,-1,23454.070142857145,23455.855285714286,23460.318142857144,23446.037,17.851428571428706,23454.157,23489.965,completed,sl,False,False,-1.00294494238158,-1.05294494238158,14.733333333333333
2026-06-07 21:00:00+00:00,2026-06-07 21:01:00+00:00,2026-06-07 21:15:00+00:00,2026-06-07 21:30:01+00:00,2026-06-07 21:04:01+00:00,2026-06-07 21:04:02+00:00,2026-06-07 21:19:02+00:00,,,CONTEXT_GEOMETRIC,crash:CONTEXT_GEOMETRIC:2026-06-07T21:00:00+00:00,-1,23296.53005714286,23298.714514285715,23304.17565714286,23286.7,21.844571428571985,23296.586,23331.918,completed,time,False,False,-0.808713508423174,-0.8587135084231741,15.0
2026-06-07 23:30:00+00:00,2026-06-07 23:31:00+00:00,2026-06-07 23:45:00+00:00,2026-06-08 00:00:01+00:00,2026-06-07 23:35:13+00:00,2026-06-07 23:35:14+00:00,2026-06-07 23:50:14+00:00,,,CONTEXT_GEOMETRIC,crash:CONTEXT_GEOMETRIC:2026-06-07T23:30:00+00:00,-1,23075.24847142857,23077.977242857145,23084.799171428574,23062.969,27.287714285714433,23075.304,23019.013,completed,time,False,False,1.0314348686483854,0.9814348686483854,15.0
2026-06-08 02:00:00+00:00,2026-06-08 02:01:00+00:00,2026-06-08 02:15:00+00:00,2026-06-08 02:30:01+00:00,2026-06-08 02:03:44+00:00,2026-06-08 02:03:45+00:00,2026-06-08 02:18:45+00:00,,,CONTEXT_GEOMETRIC,crash:CONTEXT_GEOMETRIC:2026-06-08T02:00:00+00:00,-1,23100.74754285714,23102.683885714287,23107.524742857146,23092.034,19.363428571428813,23100.774,23117.599,completed,time,False,False,-0.4344530189457968,-0.4844530189457968,15.0
2026-06-08 14:00:00+00:00,2026-06-08 14:01:00+00:00,2026-06-08 14:15:00+00:00,2026-06-08 14:30:01+00:00,2026-06-08 14:03:04+00:00,2026-06-08 14:03:05+00:00,2026-06-08 14:16:24+00:00,2026-06-08 14:16:23+00:00,,CONTEXT_GEOMETRIC,crash:CONTEXT_GEOMETRIC:2026-06-08T14:00:00+00:00,-1,23083.939310714286,23085.51004642857,23089.436885714287,23076.871,15.70735714285677,23083.997,23115.511,completed,sl,False,False,-1.0031604843953914,-1.0531604843953914,13.316666666666666
2026-06-10 04:00:00+00:00,2026-06-10 04:01:00+00:00,2026-06-10 04:15:00+00:00,2026-06-10 04:30:01+00:00,2026-06-10 04:03:57+00:00,2026-06-10 04:03:58+00:00,2026-06-10 04:18:58+00:00,,,CONTEXT_GEOMETRIC,crash:CONTEXT_GEOMETRIC:2026-06-10T04:00:00+00:00,-1,23523.574839285713,23525.56080357143,23530.525714285715,23514.638,19.85964285714285,23523.635,23544.956,completed,time,False,False,-0.5367921304871669,-0.5867921304871669,15.0
2026-06-10 07:00:00+00:00,2026-06-10 07:01:00+00:00,2026-06-10 07:15:00+00:00,2026-06-10 07:30:01+00:00,2026-06-10 07:04:25+00:00,2026-06-10 07:04:26+00:00,2026-06-10 07:19:26+00:00,,,CONTEXT_GEOMETRIC,crash:CONTEXT_GEOMETRIC:2026-06-10T07:00:00+00:00,-1,23412.86107857143,23415.362207142858,23421.61502857143,23401.606,25.011285714285414,23412.895,23337.254,completed,time,False,False,1.5121373779836638,1.4621373779836637,15.0
2026-06-10 11:00:00+00:00,2026-06-10 11:01:00+00:00,2026-06-10 11:15:00+00:00,2026-06-10 11:30:01+00:00,2026-06-10 11:03:48+00:00,2026-06-10 11:03:49+00:00,2026-06-10 11:18:49+00:00,,,CONTEXT_GEOMETRIC,crash:CONTEXT_GEOMETRIC:2026-06-10T11:00:00+00:00,-1,23264.283607142857,23266.33996428571,23271.480857142855,23255.03,20.563571428571127,23264.296,23287.785,completed,time,False,False,-0.5711313348848942,-0.6211313348848942,15.0
2026-06-10 23:00:00+00:00,2026-06-10 23:01:00+00:00,2026-06-10 23:15:00+00:00,2026-06-10 23:30:01+00:00,2026-06-10 23:04:13+00:00,2026-06-10 23:04:14+00:00,2026-06-10 23:19:14+00:00,,,CONTEXT_GEOMETRIC,crash:CONTEXT_GEOMETRIC:2026-06-10T23:00:00+00:00,-1,23408.108689285713,23410.431953571428,23416.240114285712,23397.654,23.23264285714244,23408.154,23441.733,completed,time,False,False,-0.7226685359577657,-0.7726685359577657,15.0
2026-06-12 19:00:00+00:00,2026-06-12 19:01:00+00:00,2026-06-12 19:15:00+00:00,2026-06-12 19:30:01+00:00,2026-06-12 19:03:12+00:00,2026-06-12 19:03:13+00:00,2026-06-12 19:18:13+00:00,,,CONTEXT_GEOMETRIC,crash:CONTEXT_GEOMETRIC:2026-06-12T19:00:00+00:00,-1,24008.521064285716,24010.23107857143,24014.506114285716,24000.826,17.100142857142732,24008.588,24005.199,completed,time,False,False,0.09909273940900525,0.04909273940900524,15.0
2026-06-12 20:00:00+00:00,2026-06-12 20:01:00+00:00,2026-06-12 20:15:00+00:00,2026-06-12 20:30:01+00:00,2026-06-12 20:04:08+00:00,2026-06-12 20:04:09+00:00,2026-06-12 20:19:09+00:00,,,CONTEXT_GEOMETRIC,crash:CONTEXT_GEOMETRIC:2026-06-12T20:00:00+00:00,-1,23955.68439642857,23957.86181785714,23963.30537142857,23945.886,21.774214285714283,23955.765,23990.782,completed,time,False,False,-0.8040933082709194,-0.8540933082709194,15.0
2026-06-12 20:30:00+00:00,2026-06-12 20:31:00+00:00,2026-06-12 20:45:00+00:00,2026-06-12 21:00:01+00:00,2026-06-12 20:34:12+00:00,2026-06-12 20:34:13+00:00,2026-06-12 20:49:13+00:00,,,CONTEXT_GEOMETRIC,crash:CONTEXT_GEOMETRIC:2026-06-12T20:30:00+00:00,-1,23973.890985714286,23976.09987142857,23981.622085714283,23963.951,22.088857142857055,23973.917,23953.311,completed,time,False,False,0.46643427196646964,0.41643427196646965,15.0
2026-06-12 22:30:00+00:00,2026-06-12 22:31:00+00:00,2026-06-12 22:45:00+00:00,2026-06-12 23:00:01+00:00,2026-06-12 22:34:02+00:00,2026-06-12 22:34:03+00:00,2026-06-12 22:49:03+00:00,,,CONTEXT_GEOMETRIC,crash:CONTEXT_GEOMETRIC:2026-06-12T22:30:00+00:00,-1,23950.776510714284,23952.89484642857,23958.190685714286,23941.244,21.1833571428576,23950.82,23935.111,completed,time,False,False,0.370786365306963,0.32078636530696303,15.0
2026-06-13 12:00:00+00:00,2026-06-13 12:01:00+00:00,2026-06-13 12:15:00+00:00,2026-06-13 12:30:01+00:00,2026-06-13 12:04:29+00:00,2026-06-13 12:04:30+00:00,2026-06-13 12:19:30+00:00,,,CONTEXT_GEOMETRIC,crash:CONTEXT_GEOMETRIC:2026-06-13T12:00:00+00:00,-1,24093.94133214286,24096.352739285714,24102.381257142857,24083.09,24.11407142857206,24094.073,24129.351,completed,time,False,False,-0.7314816186162274,-0.7814816186162274,15.0
2026-06-13 17:00:00+00:00,2026-06-13 17:01:00+00:00,2026-06-13 17:15:00+00:00,2026-06-13 17:30:01+00:00,2026-06-13 17:11:55+00:00,2026-06-13 17:11:56+00:00,2026-06-13 17:26:56+00:00,,,CONTEXT_GEOMETRIC,crash:CONTEXT_GEOMETRIC:2026-06-13T17:00:00+00:00,-1,23843.13295357143,23846.517832142858,23854.98002857143,23827.901,33.84878571428531,23843.185,23878.231,completed,time,False,False,-0.5176847449686781,-0.5676847449686782,15.0
2026-06-14 13:30:00+00:00,2026-06-14 13:31:00+00:00,2026-06-14 13:45:00+00:00,2026-06-14 14:00:01+00:00,2026-06-14 13:38:55+00:00,2026-06-14 13:38:56+00:00,2026-06-14 13:53:56+00:00,,,CONTEXT_GEOMETRIC,crash:CONTEXT_GEOMETRIC:2026-06-14T13:30:00+00:00,-1,23926.726157142857,23928.650414285712,23933.461057142857,23918.067,19.242571428570955,23926.764,23925.945,completed,time,False,False,0.021280939583351935,-0.028719060416648068,15.0
2026-06-14 23:00:00+00:00,2026-06-14 23:01:00+00:00,2026-06-14 23:15:00+00:00,2026-06-14 23:30:01+00:00,2026-06-14 23:03:55+00:00,2026-06-14 23:03:56+00:00,2026-06-14 23:18:56+00:00,,,CONTEXT_GEOMETRIC,crash:CONTEXT_GEOMETRIC:2026-06-14T23:00:00+00:00,-1,23863.839889285715,23866.00075357143,23871.402914285714,23854.116,21.60864285714238,23863.956,23829.531,completed,time,False,False,0.7965562721265638,0.7465562721265637,15.0
2026-06-14 23:30:00+00:00,2026-06-14 23:31:00+00:00,2026-06-14 23:45:00+00:00,2026-06-15 00:00:01+00:00,2026-06-14 23:35:00+00:00,2026-06-14 23:35:01+00:00,2026-06-14 23:50:01+00:00,,,CONTEXT_GEOMETRIC,crash:CONTEXT_GEOMETRIC:2026-06-14T23:30:00+00:00,-1,23813.69015,23816.26085,23822.687599999997,23802.122,25.706999999999034,23813.776,23830.141,completed,time,False,False,-0.31829851791338115,-0.36829851791338114,15.0
2026-06-15 01:00:00+00:00,2026-06-15 01:01:00+00:00,2026-06-15 01:15:00+00:00,2026-06-15 01:30:01+00:00,2026-06-15 01:04:40+00:00,2026-06-15 01:04:41+00:00,2026-06-15 01:19:41+00:00,,,CONTEXT_GEOMETRIC,crash:CONTEXT_GEOMETRIC:2026-06-15T01:00:00+00:00,-1,23731.075314285714,23733.425828571428,23739.302114285714,23720.498,23.505142857142346,23731.14,23710.476,completed,time,False,False,0.43956337822728103,0.38956337822728104,15.0
2026-06-15 05:00:00+00:00,2026-06-15 05:01:00+00:00,2026-06-15 05:15:00+00:00,2026-06-15 05:30:01+00:00,2026-06-15 05:03:45+00:00,2026-06-15 05:03:46+00:00,2026-06-15 05:18:46+00:00,,,CONTEXT_GEOMETRIC,crash:CONTEXT_GEOMETRIC:2026-06-15T05:00:00+00:00,-1,23656.306982142858,23658.298089285716,23663.27585714286,23647.347,19.911071428572022,23656.342,23645.94,completed,time,False,False,0.2612114580904768,0.2112114580904768,15.0
2026-06-15 08:00:00+00:00,2026-06-15 08:01:00+00:00,2026-06-15 08:15:00+00:00,2026-06-15 08:30:01+00:00,2026-06-15 08:04:18+00:00,2026-06-15 08:04:19+00:00,2026-06-15 08:19:19+00:00,,,CONTEXT_GEOMETRIC,crash:CONTEXT_GEOMETRIC:2026-06-15T08:00:00+00:00,-1,23395.03069642857,23397.39151785714,23403.29357142857,23384.407,23.608214285713725,23395.201,23355.695,completed,time,False,False,0.8367003010453841,0.786700301045384,15.0
2026-06-15 09:00:00+00:00,2026-06-15 09:01:00+00:00,2026-06-15 09:15:00+00:00,2026-06-15 09:30:01+00:00,2026-06-15 09:04:42+00:00,2026-06-15 09:04:43+00:00,2026-06-15 09:19:43+00:00,,,CONTEXT_GEOMETRIC,crash:CONTEXT_GEOMETRIC:2026-06-15T09:00:00+00:00,-1,23339.725589285714,23342.103053571427,23348.046714285712,23329.027,23.77464285714346,23339.824,23376.158,completed,time,False,False,-0.7641334555122836,-0.8141334555122837,15.0
2026-06-15 13:00:00+00:00,2026-06-15 13:01:00+00:00,2026-06-15 13:15:00+00:00,2026-06-15 13:30:01+00:00,2026-06-15 13:11:32+00:00,2026-06-15 13:11:33+00:00,2026-06-15 13:26:33+00:00,,,CONTEXT_GEOMETRIC,crash:CONTEXT_GEOMETRIC:2026-06-15T13:00:00+00:00,-1,23167.672839285715,23170.182803571428,23176.457714285712,23156.378,25.09964285714315,23167.769,23166.076,completed,time,False,False,0.03372557947607386,-0.016274420523926143,15.0
2026-06-15 13:30:00+00:00,2026-06-15 13:31:00+00:00,2026-06-15 13:45:00+00:00,2026-06-15 14:00:01+00:00,2026-06-15 13:33:31+00:00,2026-06-15 13:33:32+00:00,2026-06-15 13:48:32+00:00,,,CONTEXT_GEOMETRIC,crash:CONTEXT_GEOMETRIC:2026-06-15T13:30:00+00:00,-1,23182.50374642857,23184.405467857145,23189.159771428574,23173.946,19.017214285714676,23182.639,23150.714,completed,time,False,False,0.8393710961121327,0.7893710961121326,15.0
2026-06-15 15:00:00+00:00,2026-06-15 15:01:00+00:00,2026-06-15 15:15:00+00:00,2026-06-15 15:30:01+00:00,2026-06-15 15:12:31+00:00,2026-06-15 15:12:32+00:00,2026-06-15 15:27:32+00:00,,,CONTEXT_GEOMETRIC,crash:CONTEXT_GEOMETRIC:2026-06-15T15:00:00+00:00,-1,23128.918907142855,23130.936664285713,23135.981057142857,23119.839,20.177571428571486,23128.949,23117.657,completed,time,False,False,0.2798156368811507,0.2298156368811507,15.0
2026-06-15 15:30:00+00:00,2026-06-15 15:31:00+00:00,2026-06-15 15:45:00+00:00,2026-06-15 16:00:01+00:00,2026-06-15 15:34:15+00:00,2026-06-15 15:34:16+00:00,2026-06-15 15:49:16+00:00,,,CONTEXT_GEOMETRIC,crash:CONTEXT_GEOMETRIC:2026-06-15T15:30:00+00:00,-1,23132.887635714287,23134.906221428573,23139.95268571429,23123.804,20.18585714285759,23132.929,23168.026,completed,time,False,False,-0.8693462891274852,-0.9193462891274853,15.0
2026-06-15 19:30:00+00:00,2026-06-15 19:31:00+00:00,2026-06-15 19:45:00+00:00,2026-06-15 20:00:01+00:00,2026-06-15 19:33:56+00:00,2026-06-15 19:33:57+00:00,2026-06-15 19:48:57+00:00,,,CONTEXT_GEOMETRIC,crash:CONTEXT_GEOMETRIC:2026-06-15T19:30:00+00:00,-1,22938.26747142857,22940.360242857143,22945.592171428572,22928.85,20.92771428571411,22938.327,22838.292,completed,time,False,False,2.3900125602413915,2.3400125602413917,15.0
2026-06-15 22:30:00+00:00,2026-06-15 22:31:00+00:00,2026-06-15 22:45:00+00:00,2026-06-15 23:00:01+00:00,2026-06-15 22:34:50+00:00,2026-06-15 22:34:51+00:00,2026-06-15 22:49:51+00:00,,,CONTEXT_GEOMETRIC,crash:CONTEXT_GEOMETRIC:2026-06-15T22:30:00+00:00,-1,22676.59990714286,22679.053664285715,22685.18805714286,22665.558,24.537571428571805,22676.648,22652.516,completed,time,False,False,0.49173570559435786,0.4417357055943579,15.0
2026-06-16 02:00:00+00:00,2026-06-16 02:01:00+00:00,2026-06-16 02:15:00+00:00,2026-06-16 02:30:01+00:00,2026-06-16 02:13:59+00:00,2026-06-16 02:14:00+00:00,2026-06-16 02:29:00+00:00,,,CONTEXT_GEOMETRIC,crash:CONTEXT_GEOMETRIC:2026-06-16T02:00:00+00:00,-1,22761.654625,22763.801874999997,22769.17,22751.992,21.472500000000373,22761.673,22737.201,completed,time,False,False,0.5698451507741881,0.519845150774188,15.0
2026-06-16 02:30:00+00:00,2026-06-16 02:31:00+00:00,2026-06-16 02:45:00+00:00,2026-06-16 03:00:01+00:00,2026-06-16 02:39:58+00:00,2026-06-16 02:39:59+00:00,2026-06-16 02:54:59+00:00,,,CONTEXT_GEOMETRIC,crash:CONTEXT_GEOMETRIC:2026-06-16T02:30:00+00:00,-1,22749.834292857144,22752.102135714285,22757.77174285714,22739.629,22.678428571429063,22749.863,22781.136,completed,time,False,False,-0.6894878077971425,-0.7394878077971425,15.0
2026-06-16 04:00:00+00:00,2026-06-16 04:01:00+00:00,2026-06-16 04:15:00+00:00,2026-06-16 04:30:01+00:00,2026-06-16 04:10:58+00:00,2026-06-16 04:10:59+00:00,2026-06-16 04:25:59+00:00,,,CONTEXT_GEOMETRIC,crash:CONTEXT_GEOMETRIC:2026-06-16T04:00:00+00:00,-1,22762.366453571427,22764.190332142858,22768.75002857143,22754.159,18.23878571428551,22762.43,22677.487,completed,time,False,False,2.3286363832178747,2.278636383217875,15.0
2026-06-16 20:00:00+00:00,2026-06-16 20:01:00+00:00,2026-06-16 20:15:00+00:00,2026-06-16 20:30:01+00:00,2026-06-16 20:04:22+00:00,2026-06-16 20:04:23+00:00,2026-06-16 20:19:23+00:00,,,CONTEXT_GEOMETRIC,crash:CONTEXT_GEOMETRIC:2026-06-16T20:00:00+00:00,-1,22881.47445357143,22883.598332142858,22888.90802857143,22871.917,21.23878571428577,22881.559,22917.584,completed,time,False,False,-0.8480946247262726,-0.8980946247262727,15.0
2026-06-16 21:30:00+00:00,2026-06-16 21:31:00+00:00,2026-06-16 21:45:00+00:00,2026-06-16 22:00:01+00:00,2026-06-16 21:35:14+00:00,2026-06-16 21:35:15+00:00,2026-06-16 21:50:15+00:00,,,CONTEXT_GEOMETRIC,crash:CONTEXT_GEOMETRIC:2026-06-16T21:30:00+00:00,-1,22833.737807142857,22835.827764285714,22841.052657142856,22824.333,20.899571428571758,22833.78,22867.359,completed,time,False,False,-0.803341832026655,-0.853341832026655,15.0
2026-06-17 08:00:00+00:00,2026-06-17 08:01:00+00:00,2026-06-17 08:15:00+00:00,2026-06-17 08:30:01+00:00,2026-06-17 08:04:40+00:00,2026-06-17 08:04:41+00:00,2026-06-17 08:19:41+00:00,,,CONTEXT_GEOMETRIC,crash:CONTEXT_GEOMETRIC:2026-06-17T08:00:00+00:00,-1,22891.702571428574,22894.167142857143,22900.32857142857,22880.612,24.645714285714607,22891.771,22927.086,completed,time,False,False,-0.7164531648504162,-0.7664531648504163,15.0
2026-06-17 08:30:00+00:00,2026-06-17 08:31:00+00:00,2026-06-17 08:45:00+00:00,2026-06-17 09:00:01+00:00,2026-06-17 08:33:08+00:00,2026-06-17 08:33:09+00:00,2026-06-17 08:48:09+00:00,,,CONTEXT_GEOMETRIC,crash:CONTEXT_GEOMETRIC:2026-06-17T08:30:00+00:00,-1,22939.629464285717,22941.38267857143,22945.765714285717,22931.74,17.53214285714265,22939.742,22928.508,completed,time,False,False,0.32038297005491184,0.27038297005491185,15.0
2026-06-17 22:30:00+00:00,2026-06-17 22:31:00+00:00,2026-06-17 22:45:00+00:00,2026-06-17 23:00:01+00:00,2026-06-17 22:38:39+00:00,2026-06-17 22:38:40+00:00,2026-06-17 22:53:40+00:00,,,CONTEXT_GEOMETRIC,crash:CONTEXT_GEOMETRIC:2026-06-17T22:30:00+00:00,-1,22732.963464285716,22735.98267857143,22743.530714285713,22719.377,30.192142857142763,22732.978,22766.508,completed,time,False,False,-0.5552769168894889,-0.6052769168894889,15.0
2026-06-17 23:00:00+00:00,2026-06-17 23:01:00+00:00,2026-06-17 23:15:00+00:00,2026-06-17 23:30:01+00:00,2026-06-17 23:04:36+00:00,2026-06-17 23:04:37+00:00,2026-06-17 23:19:37+00:00,,,CONTEXT_GEOMETRIC,crash:CONTEXT_GEOMETRIC:2026-06-17T23:00:00+00:00,-1,22752.35102857143,22754.71325714286,22760.61882857143,22741.721,23.622285714285162,22752.421,22750.833,completed,time,False,False,0.033612327342214456,-0.016387672657785547,15.0
2026-06-18 01:00:00+00:00,2026-06-18 01:01:00+00:00,2026-06-18 01:15:00+00:00,2026-06-18 01:30:01+00:00,2026-06-18 01:04:30+00:00,2026-06-18 01:04:31+00:00,2026-06-18 01:19:31+00:00,,,CONTEXT_GEOMETRIC,crash:CONTEXT_GEOMETRIC:2026-06-18T01:00:00+00:00,-1,22754.134925,22756.403575,22762.0752,22743.926,22.686500000000315,22754.198,22790.211,completed,time,False,False,-0.7937099155885331,-0.8437099155885331,15.0
2026-06-18 17:00:00+00:00,2026-06-18 17:01:00+00:00,2026-06-18 17:15:00+00:00,2026-06-18 17:30:01+00:00,2026-06-18 17:04:39+00:00,2026-06-18 17:04:40+00:00,2026-06-18 17:19:40+00:00,,,CONTEXT_GEOMETRIC,crash:CONTEXT_GEOMETRIC:2026-06-18T17:00:00+00:00,-1,22839.95887857143,22842.19840714286,22847.79722857143,22829.881,22.39528571428647,22840.063,22873.911,completed,time,False,False,-0.7556947571874324,-0.8056947571874324,15.0
2026-06-18 17:30:00+00:00,2026-06-18 17:31:00+00:00,2026-06-18 17:45:00+00:00,2026-06-18 18:00:01+00:00,2026-06-18 17:33:31+00:00,2026-06-18 17:33:32+00:00,2026-06-18 17:48:32+00:00,,,CONTEXT_GEOMETRIC,crash:CONTEXT_GEOMETRIC:2026-06-18T17:30:00+00:00,-1,22855.960682142857,22857.686389285715,22862.000657142857,22848.195,17.25707142857157,22855.996,22889.009,completed,time,False,False,-0.9565064424935168,-1.0065064424935168,15.0
2026-06-19 00:00:00+00:00,2026-06-19 00:01:00+00:00,2026-06-19 00:15:00+00:00,2026-06-19 00:30:01+00:00,2026-06-19 00:04:16+00:00,2026-06-19 00:04:17+00:00,2026-06-19 00:19:17+00:00,,,CONTEXT_GEOMETRIC,crash:CONTEXT_GEOMETRIC:2026-06-19T00:00:00+00:00,-1,22906.225824999998,22908.380675,22913.7678,22896.529,21.548500000000267,22906.322,22925.428,completed,time,False,False,-0.4433255214980052,-0.4933255214980052,15.0
2026-06-19 00:30:00+00:00,2026-06-19 00:31:00+00:00,2026-06-19 00:45:00+00:00,2026-06-19 01:00:01+00:00,2026-06-19 00:34:15+00:00,2026-06-19 00:34:16+00:00,2026-06-19 00:49:16+00:00,,,CONTEXT_GEOMETRIC,crash:CONTEXT_GEOMETRIC:2026-06-19T00:30:00+00:00,-1,22930.77265,22932.99635,22938.5556,22920.766,22.23699999999995,22930.854,22927.822,completed,time,False,False,0.06817466384852386,0.018174663848523856,15.0
2026-06-19 22:00:00+00:00,2026-06-19 22:01:00+00:00,2026-06-19 22:15:00+00:00,2026-06-19 22:30:01+00:00,2026-06-19 22:04:48+00:00,2026-06-19 22:04:49+00:00,2026-06-19 22:19:49+00:00,,,CONTEXT_GEOMETRIC,crash:CONTEXT_GEOMETRIC:2026-06-19T22:00:00+00:00,-1,23194.786746428574,23197.298467857145,23203.577771428572,23183.484,25.117214285714518,23194.983,23230.943,completed,time,False,False,-0.7158437156076555,-0.7658437156076555,15.0
2026-06-20 08:00:00+00:00,2026-06-20 08:01:00+00:00,2026-06-20 08:15:00+00:00,2026-06-20 08:30:01+00:00,2026-06-20 08:07:20+00:00,2026-06-20 08:07:21+00:00,2026-06-20 08:22:21+00:00,,,CONTEXT_GEOMETRIC,crash:CONTEXT_GEOMETRIC:2026-06-20T08:00:00+00:00,-1,23214.569382142858,23216.625689285713,23221.766457142854,23205.316,20.563071428571284,23214.629,23190.404,completed,time,False,False,0.5890413813945821,0.539041381394582,15.0
2026-06-20 12:30:00+00:00,2026-06-20 12:31:00+00:00,2026-06-20 12:45:00+00:00,2026-06-20 13:00:01+00:00,2026-06-20 12:36:48+00:00,2026-06-20 12:36:49+00:00,2026-06-20 12:51:49+00:00,,,CONTEXT_GEOMETRIC,crash:CONTEXT_GEOMETRIC:2026-06-20T12:30:00+00:00,-1,22940.28688214286,22943.718189285715,22952.296457142857,22924.846,34.31307142857155,22940.389,22967.77,completed,time,False,False,-0.39898789091205955,-0.44898789091205954,15.0
2026-06-20 13:00:00+00:00,2026-06-20 13:01:00+00:00,2026-06-20 13:15:00+00:00,2026-06-20 13:30:01+00:00,2026-06-20 13:05:36+00:00,2026-06-20 13:05:37+00:00,2026-06-20 13:20:37+00:00,,,CONTEXT_GEOMETRIC,crash:CONTEXT_GEOMETRIC:2026-06-20T13:00:00+00:00,-1,22953.181610714284,22955.973746428568,22962.954085714282,22940.617,27.921357142856714,22953.203,22952.55,completed,time,False,False,0.011693557670944502,-0.0383064423290555,15.0
2026-06-20 20:00:00+00:00,2026-06-20 20:01:00+00:00,2026-06-20 20:15:00+00:00,2026-06-20 20:30:01+00:00,2026-06-20 20:05:41+00:00,2026-06-20 20:05:42+00:00,2026-06-20 20:20:42+00:00,,,CONTEXT_GEOMETRIC,crash:CONTEXT_GEOMETRIC:2026-06-20T20:00:00+00:00,-1,22928.859271428573,22931.640442857144,22938.59337142857,22916.344,27.811714285715166,22928.881,22878.155,completed,time,False,False,0.9119538529499529,0.8619538529499529,15.0
2026-06-20 21:30:00+00:00,2026-06-20 21:31:00+00:00,2026-06-20 21:45:00+00:00,2026-06-20 22:00:01+00:00,2026-06-20 21:33:34+00:00,2026-06-20 21:33:35+00:00,2026-06-20 21:48:35+00:00,,,CONTEXT_GEOMETRIC,crash:CONTEXT_GEOMETRIC:2026-06-20T21:30:00+00:00,-1,22832.925510714285,22834.683846428572,22839.079685714285,22825.013,17.583357142856716,22832.958,22826.412,completed,time,False,False,0.18614192804068097,0.13614192804068098,15.0
2026-06-20 22:00:00+00:00,2026-06-20 22:01:00+00:00,2026-06-20 22:15:00+00:00,2026-06-20 22:30:01+00:00,2026-06-20 22:03:33+00:00,2026-06-20 22:03:34+00:00,2026-06-20 22:18:34+00:00,,,CONTEXT_GEOMETRIC,crash:CONTEXT_GEOMETRIC:2026-06-20T22:00:00+00:00,-1,22794.539399999998,22796.3426,22800.8506,22786.425,18.031999999999762,22794.6,22693.872,completed,time,False,False,2.7930346051464197,2.74303460514642,15.0
2026-06-20 23:00:00+00:00,2026-06-20 23:01:00+00:00,2026-06-20 23:15:00+00:00,2026-06-20 23:30:01+00:00,2026-06-20 23:04:50+00:00,2026-06-20 23:04:51+00:00,2026-06-20 23:19:51+00:00,,,CONTEXT_GEOMETRIC,crash:CONTEXT_GEOMETRIC:2026-06-20T23:00:00+00:00,-1,22714.6746,22717.3334,22723.9804,22702.71,26.588000000000257,22714.792,22667.242,completed,time,False,False,0.8942003911539501,0.8442003911539501,15.0
2026-06-21 03:00:00+00:00,2026-06-21 03:01:00+00:00,2026-06-21 03:15:00+00:00,2026-06-21 03:30:01+00:00,2026-06-21 03:05:18+00:00,2026-06-21 03:05:19+00:00,2026-06-21 03:20:19+00:00,,,CONTEXT_GEOMETRIC,crash:CONTEXT_GEOMETRIC:2026-06-21T03:00:00+00:00,-1,22669.3474,22671.9886,22678.5916,22657.462,26.411999999999484,22669.415,22700.429,completed,time,False,False,-0.5871194911403873,-0.6371194911403874,15.0
2026-06-21 20:30:00+00:00,2026-06-21 20:31:00+00:00,2026-06-21 20:45:00+00:00,2026-06-21 21:00:01+00:00,2026-06-21 20:33:38+00:00,2026-06-21 20:33:39+00:00,2026-06-21 20:48:39+00:00,,,CONTEXT_GEOMETRIC,crash:CONTEXT_GEOMETRIC:2026-06-21T20:30:00+00:00,-1,22999.946632142855,23001.907439285715,23006.80945714286,22991.123,19.608071428571357,23000.114,22974.496,completed,time,False,False,0.6532513942873968,0.6032513942873967,15.0
2026-06-21 21:00:00+00:00,2026-06-21 21:01:00+00:00,2026-06-21 21:15:00+00:00,2026-06-21 21:30:01+00:00,2026-06-21 21:04:49+00:00,2026-06-21 21:04:50+00:00,2026-06-21 21:19:50+00:00,,,CONTEXT_GEOMETRIC,crash:CONTEXT_GEOMETRIC:2026-06-21T21:00:00+00:00,-1,22913.55674285714,22915.900685714285,22921.76054285714,22903.009,23.439428571428966,22913.576,22929.136,completed,time,False,False,-0.3319193544454456,-0.3819193544454456,15.0
2026-06-22 14:30:00+00:00,2026-06-22 14:31:00+00:00,2026-06-22 14:45:00+00:00,2026-06-22 15:00:01+00:00,2026-06-22 14:34:01+00:00,2026-06-22 14:34:02+00:00,2026-06-22 14:49:02+00:00,,,CONTEXT_GEOMETRIC,crash:CONTEXT_GEOMETRIC:2026-06-22T14:30:00+00:00,-1,23044.232932142855,23046.329139285714,23051.569657142856,23034.8,20.96207142857124,23044.283,22987.76,completed,time,False,False,1.3482207660775445,1.2982207660775444,15.0
2026-06-22 16:30:00+00:00,2026-06-22 16:31:00+00:00,2026-06-22 16:45:00+00:00,2026-06-22 17:00:01+00:00,2026-06-22 16:34:48+00:00,2026-06-22 16:34:49+00:00,2026-06-22 16:49:49+00:00,,,CONTEXT_GEOMETRIC,crash:CONTEXT_GEOMETRIC:2026-06-22T16:30:00+00:00,-1,22944.3087,22946.725300000002,22952.7668,22933.434,24.1660000000003,22944.382,22944.542,completed,time,False,False,-0.003310436149959706,-0.05331043614995971,15.0
2026-06-23 12:00:00+00:00,2026-06-23 12:01:00+00:00,2026-06-23 12:15:00+00:00,2026-06-23 12:30:01+00:00,2026-06-23 12:09:03+00:00,2026-06-23 12:09:04+00:00,2026-06-23 12:24:04+00:00,,,CONTEXT_GEOMETRIC,crash:CONTEXT_GEOMETRIC:2026-06-23T12:00:00+00:00,-1,23309.549207142856,23311.94636428571,23317.939257142854,23298.762,23.971571428571615,23309.583,23319.693,completed,time,False,False,-0.21087478620509867,-0.2608747862050987,15.0
2026-06-25 21:00:00+00:00,2026-06-25 21:01:00+00:00,2026-06-25 21:15:00+00:00,2026-06-25 21:30:01+00:00,2026-06-25 21:03:26+00:00,2026-06-25 21:03:27+00:00,2026-06-25 21:18:27+00:00,,,CONTEXT_GEOMETRIC,crash:CONTEXT_GEOMETRIC:2026-06-25T21:00:00+00:00,-1,23724.771089285714,23726.70955357143,23731.555714285714,23716.048,19.384642857143263,23724.831,23754.864,completed,time,False,False,-0.7746596164121716,-0.8246596164121717,15.0
2026-06-25 21:30:00+00:00,2026-06-25 21:31:00+00:00,2026-06-25 21:45:00+00:00,2026-06-25 22:00:01+00:00,2026-06-25 21:32:50+00:00,2026-06-25 21:32:51+00:00,2026-06-25 21:47:51+00:00,,,CONTEXT_GEOMETRIC,crash:CONTEXT_GEOMETRIC:2026-06-25T21:30:00+00:00,-1,23715.035010714284,23716.61834642857,23720.576685714284,23707.91,15.833357142857235,23715.059,23705.942,completed,time,False,False,0.28790483021836216,0.23790483021836217,15.0
2026-06-25 22:00:00+00:00,2026-06-25 22:01:00+00:00,2026-06-25 22:15:00+00:00,2026-06-25 22:30:01+00:00,2026-06-25 22:03:31+00:00,2026-06-25 22:03:32+00:00,2026-06-25 22:18:32+00:00,,,CONTEXT_GEOMETRIC,crash:CONTEXT_GEOMETRIC:2026-06-25T22:00:00+00:00,-1,23717.74952857143,23719.602757142857,23724.23582857143,23709.41,18.532285714286054,23717.857,23724.441,completed,time,False,False,-0.17763594036658656,-0.22763594036658658,15.0
2026-06-26 00:30:00+00:00,2026-06-26 00:31:00+00:00,2026-06-26 00:45:00+00:00,2026-06-26 01:00:01+00:00,2026-06-26 00:33:43+00:00,2026-06-26 00:33:44+00:00,2026-06-26 00:48:44+00:00,,,CONTEXT_GEOMETRIC,crash:CONTEXT_GEOMETRIC:2026-06-26T00:30:00+00:00,-1,23725.709232142857,23727.612839285714,23732.371857142858,23717.143,19.0360714285715,23725.723,23633.737,completed,time,False,False,2.416097258963258,2.3660972589632583,15.0
2026-06-26 05:00:00+00:00,2026-06-26 05:01:00+00:00,2026-06-26 05:15:00+00:00,2026-06-26 05:30:01+00:00,2026-06-26 05:02:55+00:00,2026-06-26 05:02:56+00:00,2026-06-26 05:17:56+00:00,,,CONTEXT_GEOMETRIC,crash:CONTEXT_GEOMETRIC:2026-06-26T05:00:00+00:00,-1,23651.054025,23652.858475,23657.3696,23642.934,18.04449999999997,23651.124,23657.898,completed,time,False,False,-0.18770262406831062,-0.2377026240683106,15.0
2026-06-26 20:30:00+00:00,2026-06-26 20:31:00+00:00,2026-06-26 20:45:00+00:00,2026-06-26 21:00:01+00:00,2026-06-26 20:35:40+00:00,2026-06-26 20:35:41+00:00,2026-06-26 20:50:41+00:00,,,CONTEXT_GEOMETRIC,crash:CONTEXT_GEOMETRIC:2026-06-26T20:30:00+00:00,-1,23645.178285714286,23648.25057142857,23655.931285714283,23631.353,30.72285714285655,23645.216,23642.148,completed,time,False,False,0.049930252022680935,-6.97479773190679e-05,15.0
2026-06-26 21:30:00+00:00,2026-06-26 21:31:00+00:00,2026-06-26 21:45:00+00:00,2026-06-26 22:00:01+00:00,2026-06-26 21:36:57+00:00,2026-06-26 21:36:58+00:00,2026-06-26 21:51:58+00:00,,,CONTEXT_GEOMETRIC,crash:CONTEXT_GEOMETRIC:2026-06-26T21:30:00+00:00,-1,23661.153778571428,23663.177507142856,23668.23682857143,23652.047,20.237285714285722,23661.221,23695.956,completed,time,False,False,-0.8581931512553862,-0.9081931512553862,15.0
2026-06-27 00:30:00+00:00,2026-06-27 00:31:00+00:00,2026-06-27 00:45:00+00:00,2026-06-27 01:00:01+00:00,2026-06-27 00:34:19+00:00,2026-06-27 00:34:20+00:00,2026-06-27 00:49:20+00:00,,,CONTEXT_GEOMETRIC,crash:CONTEXT_GEOMETRIC:2026-06-27T00:30:00+00:00,-1,23695.922575,23698.332925000002,23704.3588,23685.076,24.103499999999777,23696.012,23705.124,completed,time,False,False,-0.18901819237872247,-0.23901819237872246,15.0
2026-06-27 02:30:00+00:00,2026-06-27 02:31:00+00:00,2026-06-27 02:45:00+00:00,2026-06-27 03:00:01+00:00,2026-06-27 02:33:07+00:00,2026-06-27 02:33:08+00:00,2026-06-27 02:48:08+00:00,,,CONTEXT_GEOMETRIC,crash:CONTEXT_GEOMETRIC:2026-06-27T02:30:00+00:00,-1,23621.38379285714,23623.216635714285,23627.798742857143,23613.136,18.32842857142844,23621.434,23625.288,completed,time,False,False,-0.10513721852857666,-0.15513721852857665,15.0
2026-06-27 03:00:00+00:00,2026-06-27 03:01:00+00:00,2026-06-27 03:15:00+00:00,2026-06-27 03:30:01+00:00,2026-06-27 03:04:16+00:00,2026-06-27 03:04:17+00:00,2026-06-27 03:19:17+00:00,,,CONTEXT_GEOMETRIC,crash:CONTEXT_GEOMETRIC:2026-06-27T03:00:00+00:00,-1,23593.802853571426,23595.895932142856,23601.128628571427,23584.384,20.930785714285907,23593.867,23576.361,completed,time,False,False,0.4181878367817124,0.3681878367817124,15.0
2026-06-27 03:30:00+00:00,2026-06-27 03:31:00+00:00,2026-06-27 03:45:00+00:00,2026-06-27 04:00:01+00:00,2026-06-27 03:38:00+00:00,2026-06-27 03:38:01+00:00,2026-06-27 03:53:01+00:00,,,CONTEXT_GEOMETRIC,crash:CONTEXT_GEOMETRIC:2026-06-27T03:30:00+00:00,-1,23595.334742857143,23597.130685714284,23601.62054285714,23587.253,17.95942857142836,23595.405,23565.539,completed,time,False,False,0.8314852524737886,0.7814852524737885,15.0
2026-06-27 20:00:00+00:00,2026-06-27 20:01:00+00:00,2026-06-27 20:15:00+00:00,2026-06-27 20:30:01+00:00,2026-06-27 20:04:10+00:00,2026-06-27 20:04:11+00:00,2026-06-27 20:19:11+00:00,,,CONTEXT_GEOMETRIC,crash:CONTEXT_GEOMETRIC:2026-06-27T20:00:00+00:00,-1,23831.564689285715,23833.78195357143,23839.325114285715,23821.587,22.17264285714321,23831.598,23856.018,completed,time,False,False,-0.5506786032980959,-0.600678603298096,15.0
2026-06-28 05:00:00+00:00,2026-06-28 05:01:00+00:00,2026-06-28 05:15:00+00:00,2026-06-28 05:30:01+00:00,2026-06-28 05:03:12+00:00,2026-06-28 05:03:13+00:00,2026-06-28 05:17:24+00:00,2026-06-28 05:17:23+00:00,,CONTEXT_GEOMETRIC,crash:CONTEXT_GEOMETRIC:2026-06-28T05:00:00+00:00,-1,23852.999817857144,23854.709110714288,23858.982342857144,23845.308,17.092928571428274,23853.043,23887.261,completed,sl,False,False,-1.0009402384444026,-1.0509402384444027,14.183333333333334
2026-06-28 05:30:00+00:00,2026-06-28 05:31:00+00:00,2026-06-28 05:45:00+00:00,2026-06-28 06:00:01+00:00,2026-06-28 05:33:40+00:00,2026-06-28 05:33:41+00:00,2026-06-28 05:48:41+00:00,,,CONTEXT_GEOMETRIC,crash:CONTEXT_GEOMETRIC:2026-06-28T05:30:00+00:00,-1,23856.292439285717,23858.23720357143,23863.099114285713,23847.541,19.447642857142323,23856.352,23892.223,completed,time,False,False,-0.9222454428925527,-0.9722454428925528,15.0
2026-06-28 07:00:00+00:00,2026-06-28 07:01:00+00:00,2026-06-28 07:15:00+00:00,2026-06-28 07:30:01+00:00,2026-06-28 07:05:44+00:00,2026-06-28 07:05:45+00:00,2026-06-28 07:20:45+00:00,,,CONTEXT_GEOMETRIC,crash:CONTEXT_GEOMETRIC:2026-06-28T07:00:00+00:00,-1,23718.17377857143,23721.209507142856,23728.798828571427,23704.513,30.357285714285744,23718.186,23752.665,completed,time,False,False,-0.5678867393565096,-0.6178867393565096,15.0
2026-06-28 11:30:00+00:00,2026-06-28 11:31:00+00:00,2026-06-28 11:45:00+00:00,2026-06-28 12:00:01+00:00,2026-06-28 11:35:37+00:00,2026-06-28 11:35:38+00:00,2026-06-28 11:50:38+00:00,,,CONTEXT_GEOMETRIC,crash:CONTEXT_GEOMETRIC:2026-06-28T11:30:00+00:00,-1,23380.44719642857,23383.075017857143,23389.644571428573,23368.622,26.278214285714316,23380.491,23414.845,completed,time,False,False,-0.6536593321463875,-0.7036593321463875,15.0
2026-06-29 05:00:00+00:00,2026-06-29 05:01:00+00:00,2026-06-29 05:15:00+00:00,2026-06-29 05:30:01+00:00,2026-06-29 05:03:43+00:00,2026-06-29 05:03:44+00:00,2026-06-29 05:18:44+00:00,,,CONTEXT_GEOMETRIC,crash:CONTEXT_GEOMETRIC:2026-06-29T05:00:00+00:00,-1,23555.239025,23557.125475,23561.8416,23546.75,18.86449999999994,23555.321,23570.205,completed,time,False,False,-0.3944976013146885,-0.44449760131468846,15.0
2026-06-29 13:00:00+00:00,2026-06-29 13:01:00+00:00,2026-06-29 13:15:00+00:00,2026-06-29 13:30:01+00:00,2026-06-29 13:03:40+00:00,2026-06-29 13:03:41+00:00,2026-06-29 13:18:41+00:00,,,CONTEXT_GEOMETRIC,crash:CONTEXT_GEOMETRIC:2026-06-29T13:00:00+00:00,-1,23583.796357142855,23585.612214285713,23590.151857142857,23575.625,18.158571428571513,23583.833,23587.839,completed,time,False,False,-0.11030603414368825,-0.16030603414368827,15.0
2026-06-29 16:30:00+00:00,2026-06-29 16:31:00+00:00,2026-06-29 16:45:00+00:00,2026-06-29 17:00:01+00:00,2026-06-29 16:35:43+00:00,2026-06-29 16:35:44+00:00,2026-06-29 16:50:44+00:00,,,CONTEXT_GEOMETRIC,crash:CONTEXT_GEOMETRIC:2026-06-29T16:30:00+00:00,-1,23491.77741785714,23494.681510714287,23501.941742857143,23478.709,29.040928571429372,23491.865,23510.604,completed,time,False,False,-0.3226308682573134,-0.3726308682573134,15.0
2026-06-29 20:30:00+00:00,2026-06-29 20:31:00+00:00,2026-06-29 20:45:00+00:00,2026-06-29 21:00:01+00:00,2026-06-29 20:34:03+00:00,2026-06-29 20:34:04+00:00,2026-06-29 20:49:04+00:00,,,CONTEXT_GEOMETRIC,crash:CONTEXT_GEOMETRIC:2026-06-29T20:30:00+00:00,-1,23420.40141785714,23422.585510714285,23428.045742857143,23410.573,21.840928571428645,23420.459,23454.764,completed,time,False,False,-0.7853374889215242,-0.8353374889215243,15.0
2026-06-30 20:00:00+00:00,2026-06-30 20:01:00+00:00,2026-06-30 20:15:00+00:00,2026-06-30 20:30:01+00:00,2026-06-30 20:04:36+00:00,2026-06-30 20:04:37+00:00,2026-06-30 20:19:37+00:00,,,CONTEXT_GEOMETRIC,crash:CONTEXT_GEOMETRIC:2026-06-30T20:00:00+00:00,-1,23433.887589285714,23436.293053571426,23442.30671428571,23423.063,24.054642857142817,23433.915,23403.54,completed,time,False,False,0.6313749944323204,0.5813749944323203,15.0
2026-06-30 21:00:00+00:00,2026-06-30 21:01:00+00:00,2026-06-30 21:15:00+00:00,2026-06-30 21:30:01+00:00,2026-06-30 21:05:43+00:00,2026-06-30 21:05:44+00:00,2026-06-30 21:20:44+00:00,,,CONTEXT_GEOMETRIC,crash:CONTEXT_GEOMETRIC:2026-06-30T21:00:00+00:00,-1,23308.108439285716,23310.97320357143,23318.135114285717,23295.217,28.647642857142532,23308.132,23322.217,completed,time,False,False,-0.24583174382333875,-0.29583174382333877,15.0
2026-07-01 12:00:00+00:00,2026-07-01 12:01:00+00:00,2026-07-01 12:15:00+00:00,2026-07-01 12:30:01+00:00,2026-07-01 12:03:31+00:00,2026-07-01 12:03:32+00:00,2026-07-01 12:18:32+00:00,,,CONTEXT_GEOMETRIC,crash:CONTEXT_GEOMETRIC:2026-07-01T12:00:00+00:00,-1,23511.955707142857,23513.805864285714,23518.431257142856,23503.63,18.501571428571488,23512.003,23530.65,completed,time,False,False,-0.503930168093851,-0.5539301680938511,15.0
2026-07-01 12:30:00+00:00,2026-07-01 12:31:00+00:00,2026-07-01 12:45:00+00:00,2026-07-01 13:00:01+00:00,2026-07-01 12:33:19+00:00,2026-07-01 12:33:20+00:00,2026-07-01 12:48:20+00:00,,,CONTEXT_GEOMETRIC,crash:CONTEXT_GEOMETRIC:2026-07-01T12:30:00+00:00,-1,23553.629642857144,23555.363785714286,23559.699142857142,23545.826,17.341428571428487,23553.676,23561.928,completed,time,False,False,-0.23792734162617651,-0.2879273416261765,15.0
2026-07-01 20:00:00+00:00,2026-07-01 20:01:00+00:00,2026-07-01 20:15:00+00:00,2026-07-01 20:30:01+00:00,2026-07-01 20:03:53+00:00,2026-07-01 20:03:54+00:00,2026-07-01 20:18:54+00:00,,,CONTEXT_GEOMETRIC,crash:CONTEXT_GEOMETRIC:2026-07-01T20:00:00+00:00,-1,23611.912525000003,23614.045975,23619.3796,23602.312,21.334500000000585,23611.938,23604.641,completed,time,False,False,0.17101408516718136,0.12101408516718136,15.0
2026-07-01 20:30:00+00:00,2026-07-01 20:31:00+00:00,2026-07-01 20:45:00+00:00,2026-07-01 21:00:01+00:00,2026-07-01 20:35:05+00:00,2026-07-01 20:35:06+00:00,2026-07-01 20:50:06+00:00,,,CONTEXT_GEOMETRIC,crash:CONTEXT_GEOMETRIC:2026-07-01T20:30:00+00:00,-1,23603.395164285714,23605.952978571426,23612.347514285713,23591.885,25.578142857142925,23603.445,23614.519,completed,time,False,False,-0.21647388674483087,-0.26647388674483086,15.0
2026-07-01 21:00:00+00:00,2026-07-01 21:01:00+00:00,2026-07-01 21:15:00+00:00,2026-07-01 21:30:01+00:00,2026-07-01 21:04:11+00:00,2026-07-01 21:04:12+00:00,2026-07-01 21:19:12+00:00,,,CONTEXT_GEOMETRIC,crash:CONTEXT_GEOMETRIC:2026-07-01T21:00:00+00:00,-1,23600.076064285713,23602.18007857143,23607.440114285717,23590.608,21.04014285714272,23600.123,23614.373,completed,time,False,False,-0.33863838512775124,-0.38863838512775123,15.0
2026-07-02 21:00:00+00:00,2026-07-02 21:01:00+00:00,2026-07-02 21:15:00+00:00,2026-07-02 21:30:01+00:00,2026-07-02 21:03:17+00:00,2026-07-02 21:03:18+00:00,2026-07-02 21:18:18+00:00,,,CONTEXT_GEOMETRIC,crash:CONTEXT_GEOMETRIC:2026-07-02T21:00:00+00:00,-1,23682.717582142857,23684.607489285714,23689.332257142858,23674.213,18.899071428571656,23682.755,23622.133,completed,time,False,False,1.6038354114147355,1.5538354114147355,15.0
2026-07-03 13:30:00+00:00,2026-07-03 13:31:00+00:00,2026-07-03 13:45:00+00:00,2026-07-03 14:00:01+00:00,2026-07-03 13:32:30+00:00,2026-07-03 13:32:31+00:00,2026-07-03 13:47:31+00:00,,,CONTEXT_GEOMETRIC,crash:CONTEXT_GEOMETRIC:2026-07-03T13:30:00+00:00,-1,23709.855614285716,23711.22352857143,23714.643314285717,23703.7,13.679142857143233,23709.895,23689.111,completed,time,False,False,0.7596967228522754,0.7096967228522754,15.0
2026-07-03 15:00:00+00:00,2026-07-03 15:01:00+00:00,2026-07-03 15:15:00+00:00,2026-07-03 15:30:01+00:00,2026-07-03 15:05:15+00:00,2026-07-03 15:05:16+00:00,2026-07-03 15:20:16+00:00,,,CONTEXT_GEOMETRIC,crash:CONTEXT_GEOMETRIC:2026-07-03T15:00:00+00:00,-1,23586.111171428573,23588.938542857144,23596.00697142857,23573.388,28.27371428571496,23586.223,23554.826,completed,time,False,False,0.5552330281533597,0.5052330281533597,15.0
2026-07-03 18:30:00+00:00,2026-07-03 18:31:00+00:00,2026-07-03 18:45:00+00:00,2026-07-03 19:00:01+00:00,2026-07-03 18:33:50+00:00,2026-07-03 18:33:51+00:00,2026-07-03 18:48:51+00:00,,,CONTEXT_GEOMETRIC,crash:CONTEXT_GEOMETRIC:2026-07-03T18:30:00+00:00,-1,23637.530607142857,23639.550964285714,23644.601857142858,23628.439,20.203571428571326,23637.57,23673.355,completed,time,False,False,-0.8856107477461561,-0.9356107477461562,15.0
2026-07-04 06:00:00+00:00,2026-07-04 06:01:00+00:00,2026-07-04 06:15:00+00:00,2026-07-04 06:30:01+00:00,2026-07-04 06:04:49+00:00,2026-07-04 06:04:50+00:00,2026-07-04 06:19:50+00:00,,,CONTEXT_GEOMETRIC,crash:CONTEXT_GEOMETRIC:2026-07-04T06:00:00+00:00,-1,23544.890539285712,23547.451103571428,23553.852514285714,23533.368,25.60564285714281,23544.945,23525.755,completed,time,False,False,0.3747220897179223,0.3247220897179223,15.0
2026-07-06 04:00:00+00:00,2026-07-06 04:01:00+00:00,2026-07-06 04:15:00+00:00,2026-07-06 04:30:01+00:00,2026-07-06 04:03:47+00:00,2026-07-06 04:03:48+00:00,2026-07-06 04:18:48+00:00,,,CONTEXT_GEOMETRIC,crash:CONTEXT_GEOMETRIC:2026-07-06T04:00:00+00:00,-1,24127.331989285714,24129.50465357143,24134.936314285715,24117.555,21.726642857143037,24127.395,24019.566,completed,time,False,False,2.4814924401574254,2.4314924401574256,15.0
2026-07-06 04:30:00+00:00,2026-07-06 04:31:00+00:00,2026-07-06 04:45:00+00:00,2026-07-06 05:00:01+00:00,2026-07-06 04:39:37+00:00,2026-07-06 04:39:38+00:00,2026-07-06 04:54:38+00:00,,,CONTEXT_GEOMETRIC,crash:CONTEXT_GEOMETRIC:2026-07-06T04:30:00+00:00,-1,24026.308075,24028.939425,24035.5178,24014.467,26.313499999999685,24026.435,24062.684,completed,time,False,False,-0.6887909248104629,-0.7387909248104629,15.0
2026-07-06 05:00:00+00:00,2026-07-06 05:01:00+00:00,2026-07-06 05:15:00+00:00,2026-07-06 05:30:01+00:00,2026-07-06 05:04:09+00:00,2026-07-06 05:04:10+00:00,2026-07-06 05:19:10+00:00,,,CONTEXT_GEOMETRIC,crash:CONTEXT_GEOMETRIC:2026-07-06T05:00:00+00:00,-1,24063.172864285712,24065.331278571426,24070.727314285712,24053.46,21.58414285714233,24063.245,24099.211,completed,time,False,False,-0.8331579400221346,-0.8831579400221347,15.0
2026-07-06 05:30:00+00:00,2026-07-06 05:31:00+00:00,2026-07-06 05:45:00+00:00,2026-07-06 06:00:01+00:00,2026-07-06 05:32:43+00:00,2026-07-06 05:32:44+00:00,2026-07-06 05:47:44+00:00,,,CONTEXT_GEOMETRIC,crash:CONTEXT_GEOMETRIC:2026-07-06T05:30:00+00:00,-1,24089.937346428575,24091.425867857146,24095.147171428576,24083.239,14.885214285714287,24090.075,24117.765,completed,time,False,False,-0.930117614315216,-0.980117614315216,15.0
2026-07-06 07:30:00+00:00,2026-07-06 07:31:00+00:00,2026-07-06 07:45:00+00:00,2026-07-06 08:00:01+00:00,2026-07-06 07:38:56+00:00,2026-07-06 07:38:57+00:00,2026-07-06 07:53:57+00:00,,,CONTEXT_GEOMETRIC,crash:CONTEXT_GEOMETRIC:2026-07-06T07:30:00+00:00,-1,24021.380885714287,24023.23197142857,24027.859685714284,24013.051,18.510857142857276,24021.446,23978.98,completed,time,False,False,1.147056553682782,1.0970565536827819,15.0
2026-07-06 08:00:00+00:00,2026-07-06 08:01:00+00:00,2026-07-06 08:15:00+00:00,2026-07-06 08:30:01+00:00,2026-07-06 08:03:24+00:00,2026-07-06 08:03:25+00:00,2026-07-06 08:18:25+00:00,,,CONTEXT_GEOMETRIC,crash:CONTEXT_GEOMETRIC:2026-07-06T08:00:00+00:00,-1,23968.403707142857,23970.233864285714,23974.809257142857,23960.168,18.301571428571282,23968.454,23932.042,completed,time,False,False,0.9947779659826396,0.9447779659826395,15.0
2026-07-06 08:30:00+00:00,2026-07-06 08:31:00+00:00,2026-07-06 08:45:00+00:00,2026-07-06 09:00:01+00:00,2026-07-06 08:34:04+00:00,2026-07-06 08:34:05+00:00,2026-07-06 08:49:05+00:00,,,CONTEXT_GEOMETRIC,crash:CONTEXT_GEOMETRIC:2026-07-06T08:30:00+00:00,-1,23909.506028571428,23911.776257142858,23917.45182857143,23899.29,22.70228571428561,23909.569,23943.173,completed,time,False,False,-0.7401016889425753,-0.7901016889425754,15.0
2026-07-07 00:30:00+00:00,2026-07-07 00:31:00+00:00,2026-07-07 00:45:00+00:00,2026-07-07 01:00:01+00:00,2026-07-07 00:35:14+00:00,2026-07-07 00:35:15+00:00,2026-07-07 00:50:15+00:00,,,CONTEXT_GEOMETRIC,crash:CONTEXT_GEOMETRIC:2026-07-07T00:30:00+00:00,-1,24071.04729642857,24073.84891785714,24080.85297142857,24058.44,28.016214285714472,24071.102,23962.775,completed,time,False,False,1.9332911808722435,1.8832911808722435,15.0
2026-07-07 01:30:00+00:00,2026-07-07 01:31:00+00:00,2026-07-07 01:45:00+00:00,2026-07-07 02:00:01+00:00,2026-07-07 01:34:14+00:00,2026-07-07 01:34:15+00:00,2026-07-07 01:49:15+00:00,,,CONTEXT_GEOMETRIC,crash:CONTEXT_GEOMETRIC:2026-07-07T01:30:00+00:00,-1,23974.679178571427,23977.018107142856,23982.86542857143,23964.154,23.389285714286547,23974.735,23955.951,completed,time,False,False,0.4015513818903432,0.3515513818903432,15.0
2026-07-07 05:00:00+00:00,2026-07-07 05:01:00+00:00,2026-07-07 05:15:00+00:00,2026-07-07 05:30:01+00:00,2026-07-07 05:03:42+00:00,2026-07-07 05:03:43+00:00,2026-07-07 05:18:43+00:00,,,CONTEXT_GEOMETRIC,crash:CONTEXT_GEOMETRIC:2026-07-07T05:00:00+00:00,-1,23788.853742857144,23790.787685714287,23795.622542857145,23780.151,19.33942857142834,23788.931,23824.328,completed,time,False,False,-0.9151511346176903,-0.9651511346176903,15.0
2026-07-07 12:00:00+00:00,2026-07-07 12:01:00+00:00,2026-07-07 12:15:00+00:00,2026-07-07 12:30:01+00:00,2026-07-07 12:05:52+00:00,2026-07-07 12:05:53+00:00,2026-07-07 12:20:53+00:00,,,CONTEXT_GEOMETRIC,crash:CONTEXT_GEOMETRIC:2026-07-07T12:00:00+00:00,-1,23796.513032142855,23799.55703928571,23807.167057142855,23782.815,30.440071428571173,23796.551,23777.236,completed,time,False,False,0.3172627246509933,0.2672627246509933,15.0
2026-07-07 12:30:00+00:00,2026-07-07 12:31:00+00:00,2026-07-07 12:45:00+00:00,2026-07-07 13:00:01+00:00,2026-07-07 12:34:13+00:00,2026-07-07 12:34:14+00:00,2026-07-07 12:49:14+00:00,,,CONTEXT_GEOMETRIC,crash:CONTEXT_GEOMETRIC:2026-07-07T12:30:00+00:00,-1,23777.949092857143,23780.181335714286,23785.76194285714,23767.904,22.322428571428514,23777.994,23809.172,completed,time,False,False,-0.6983559136550674,-0.7483559136550675,15.0
2026-07-07 22:00:00+00:00,2026-07-07 22:01:00+00:00,2026-07-07 22:15:00+00:00,2026-07-07 22:30:01+00:00,2026-07-07 22:04:13+00:00,2026-07-07 22:04:14+00:00,2026-07-07 22:19:14+00:00,,,CONTEXT_GEOMETRIC,crash:CONTEXT_GEOMETRIC:2026-07-07T22:00:00+00:00,-1,23657.356385714284,23659.67047142857,23665.455685714285,23646.943,23.140857142856994,23657.478,23691.097,completed,time,False,False,-0.7263991949922167,-0.7763991949922168,15.0
2026-07-07 22:30:00+00:00,2026-07-07 22:31:00+00:00,2026-07-07 22:45:00+00:00,2026-07-07 23:00:01+00:00,2026-07-07 22:33:51+00:00,2026-07-07 22:33:52+00:00,2026-07-07 22:48:52+00:00,,,CONTEXT_GEOMETRIC,crash:CONTEXT_GEOMETRIC:2026-07-07T22:30:00+00:00,-1,23707.442664285714,23709.355478571426,23714.13751428571,23698.835,19.128142857142716,23707.454,23658.748,completed,time,False,False,1.2731502572873783,1.2231502572873783,15.0
2026-07-08 00:00:00+00:00,2026-07-08 00:01:00+00:00,2026-07-08 00:15:00+00:00,2026-07-08 00:30:01+00:00,2026-07-08 00:04:22+00:00,2026-07-08 00:04:23+00:00,2026-07-08 00:19:23+00:00,,,CONTEXT_GEOMETRIC,crash:CONTEXT_GEOMETRIC:2026-07-08T00:00:00+00:00,-1,23623.726007142857,23625.967564285715,23631.571457142858,23613.639,22.41557142857138,23623.836,23660.632,completed,time,False,False,-0.8207687258220218,-0.8707687258220218,15.0
2026-07-08 04:30:00+00:00,2026-07-08 04:31:00+00:00,2026-07-08 04:45:00+00:00,2026-07-08 05:00:01+00:00,2026-07-08 04:34:24+00:00,2026-07-08 04:34:25+00:00,2026-07-08 04:49:25+00:00,,,CONTEXT_GEOMETRIC,crash:CONTEXT_GEOMETRIC:2026-07-08T04:30:00+00:00,-1,23620.06842857143,23622.133857142857,23627.29742857143,23610.774,20.654285714285702,23620.129,23626.226,completed,time,False,False,-0.1475964863742757,-0.19759648637427568,15.0
2026-07-08 05:30:00+00:00,2026-07-08 05:31:00+00:00,2026-07-08 05:45:00+00:00,2026-07-08 06:00:01+00:00,2026-07-08 05:33:49+00:00,2026-07-08 05:33:50+00:00,2026-07-08 05:48:50+00:00,,,CONTEXT_GEOMETRIC,crash:CONTEXT_GEOMETRIC:2026-07-08T05:30:00+00:00,-1,23607.71932142857,23609.72139285714,23614.726571428568,23598.71,20.02071428571383,23607.75,23529.951,completed,time,False,False,1.9429626458311244,1.8929626458311244,15.0
2026-07-08 13:00:00+00:00,2026-07-08 13:01:00+00:00,2026-07-08 13:15:00+00:00,2026-07-08 13:30:01+00:00,2026-07-08 13:03:49+00:00,2026-07-08 13:03:50+00:00,2026-07-08 13:18:50+00:00,,,CONTEXT_GEOMETRIC,crash:CONTEXT_GEOMETRIC:2026-07-08T13:00:00+00:00,-1,23467.08839642857,23469.05981785714,23473.98837142857,23458.217,19.71421428571427,23467.196,23501.672,completed,time,False,False,-0.8743944724437097,-0.9243944724437098,15.0
2026-07-08 13:30:00+00:00,2026-07-08 13:31:00+00:00,2026-07-08 13:45:00+00:00,2026-07-08 14:00:01+00:00,2026-07-08 13:35:15+00:00,2026-07-08 13:35:16+00:00,2026-07-08 13:50:16+00:00,,,CONTEXT_GEOMETRIC,crash:CONTEXT_GEOMETRIC:2026-07-08T13:30:00+00:00,-1,23475.068196428572,23477.038017857143,23481.962571428572,23466.204,19.69821428571387,23475.091,23509.934,completed,time,False,False,-0.8844202701478032,-0.9344202701478033,15.0
2026-07-08 22:00:00+00:00,2026-07-08 22:01:00+00:00,2026-07-08 22:15:00+00:00,2026-07-08 22:30:01+00:00,2026-07-08 22:04:11+00:00,2026-07-08 22:04:12+00:00,2026-07-08 22:19:12+00:00,,,CONTEXT_GEOMETRIC,crash:CONTEXT_GEOMETRIC:2026-07-08T22:00:00+00:00,-1,23342.70240357143,23344.833382142857,23350.16082857143,23333.113,21.30978571428594,23342.771,23377.96,completed,time,False,False,-0.8256535394536608,-0.8756535394536609,15.0
2026-07-09 00:00:00+00:00,2026-07-09 00:01:00+00:00,2026-07-09 00:15:00+00:00,2026-07-09 00:30:01+00:00,2026-07-09 00:04:08+00:00,2026-07-09 00:04:09+00:00,2026-07-09 00:19:09+00:00,,,CONTEXT_GEOMETRIC,crash:CONTEXT_GEOMETRIC:2026-07-09T00:00:00+00:00,-1,23316.02122142857,23318.18149285714,23323.58217142857,23306.3,21.602714285714164,23316.09,23269.848,completed,time,False,False,1.0702821735363626,1.0202821735363625,15.0
2026-07-09 01:00:00+00:00,2026-07-09 01:01:00+00:00,2026-07-09 01:15:00+00:00,2026-07-09 01:30:01+00:00,2026-07-09 01:07:57+00:00,2026-07-09 01:07:58+00:00,2026-07-09 01:22:58+00:00,,,CONTEXT_GEOMETRIC,crash:CONTEXT_GEOMETRIC:2026-07-09T01:00:00+00:00,-1,23237.634282142855,23240.062789285712,23246.134057142855,23226.706,24.285071428571296,23237.682,23228.446,completed,time,False,False,0.1901579747699376,0.14015797476993758,15.0
2026-07-09 01:30:00+00:00,2026-07-09 01:31:00+00:00,2026-07-09 01:45:00+00:00,2026-07-09 02:00:01+00:00,2026-07-09 01:34:11+00:00,2026-07-09 01:34:12+00:00,2026-07-09 01:49:12+00:00,,,CONTEXT_GEOMETRIC,crash:CONTEXT_GEOMETRIC:2026-07-09T01:30:00+00:00,-1,23213.276960714287,23215.469396428573,23220.950485714286,23203.411,21.924357142857065,23213.327,23214.278,completed,time,False,False,-0.021688207179819827,-0.07168820717981983,15.0
2026-07-09 04:00:00+00:00,2026-07-09 04:01:00+00:00,2026-07-09 04:15:00+00:00,2026-07-09 04:30:01+00:00,2026-07-09 04:03:31+00:00,2026-07-09 04:03:32+00:00,2026-07-09 04:18:32+00:00,,,CONTEXT_GEOMETRIC,crash:CONTEXT_GEOMETRIC:2026-07-09T04:00:00+00:00,-1,23132.477664285714,23134.40847857143,23139.235514285716,23123.789,19.308142857142748,23132.517,23093.245,completed,time,False,False,1.0169802525951577,0.9669802525951576,15.0
2026-07-09 04:30:00+00:00,2026-07-09 04:31:00+00:00,2026-07-09 04:45:00+00:00,2026-07-09 05:00:01+00:00,2026-07-09 04:34:17+00:00,2026-07-09 04:34:18+00:00,2026-07-09 04:49:18+00:00,,,CONTEXT_GEOMETRIC,crash:CONTEXT_GEOMETRIC:2026-07-09T04:30:00+00:00,-1,23113.308853571427,23115.409932142855,23120.662628571426,23103.854,21.01078571428557,23113.432,23113.373,completed,time,False,False,0.0014040407818016747,-0.04859595921819833,15.0
2026-07-09 07:00:00+00:00,2026-07-09 07:01:00+00:00,2026-07-09 07:15:00+00:00,2026-07-09 07:30:01+00:00,2026-07-09 07:04:12+00:00,2026-07-09 07:04:13+00:00,2026-07-09 07:19:13+00:00,,,CONTEXT_GEOMETRIC,crash:CONTEXT_GEOMETRIC:2026-07-09T07:00:00+00:00,-1,23088.106925,23090.281575,23095.7182,23078.321,21.746500000000065,23088.159,23122.359,completed,time,False,False,-0.7863334329662388,-0.8363334329662389,15.0
2026-07-09 07:30:00+00:00,2026-07-09 07:31:00+00:00,2026-07-09 07:45:00+00:00,2026-07-09 08:00:01+00:00,2026-07-09 07:33:48+00:00,2026-07-09 07:33:49+00:00,2026-07-09 07:48:49+00:00,,,CONTEXT_GEOMETRIC,crash:CONTEXT_GEOMETRIC:2026-07-09T07:30:00+00:00,-1,23117.704096428573,23119.558117857145,23124.193171428575,23109.361,18.540214285714164,23117.763,23152.395,completed,time,False,False,-0.9339697876816478,-0.9839697876816479,15.0
2026-07-09 15:30:00+00:00,2026-07-09 15:31:00+00:00,2026-07-09 15:45:00+00:00,2026-07-09 16:00:01+00:00,2026-07-09 15:34:23+00:00,2026-07-09 15:34:24+00:00,2026-07-09 15:49:24+00:00,,,CONTEXT_GEOMETRIC,crash:CONTEXT_GEOMETRIC:2026-07-09T15:30:00+00:00,-1,23177.527203571426,23179.720582142858,23185.20402857143,23167.657,21.933785714285737,23177.542,23211.529,completed,time,False,False,-0.7747636555476425,-0.8247636555476425,15.0
2026-07-09 21:30:00+00:00,2026-07-09 21:31:00+00:00,2026-07-09 21:45:00+00:00,2026-07-09 22:00:01+00:00,2026-07-09 21:42:50+00:00,2026-07-09 21:42:51+00:00,2026-07-09 21:57:51+00:00,,,CONTEXT_GEOMETRIC,crash:CONTEXT_GEOMETRIC:2026-07-09T21:30:00+00:00,-1,22926.852085714283,22928.75677142857,22933.51848571428,22918.281,19.046857142856815,22926.894,22961.722,completed,time,False,False,-0.9142715708628854,-0.9642715708628854,15.0
2026-07-09 22:30:00+00:00,2026-07-09 22:31:00+00:00,2026-07-09 22:45:00+00:00,2026-07-09 23:00:01+00:00,2026-07-09 22:34:39+00:00,2026-07-09 22:34:40+00:00,2026-07-09 22:49:40+00:00,,,CONTEXT_GEOMETRIC,crash:CONTEXT_GEOMETRIC:2026-07-09T22:30:00+00:00,-1,22833.198064285712,22835.58807857143,22841.563114285716,22822.443,23.90014285714304,22833.229,22850.148,completed,time,False,False,-0.3539518592238268,-0.4039518592238268,15.0
2026-07-11 14:00:00+00:00,2026-07-11 14:01:00+00:00,2026-07-11 14:15:00+00:00,2026-07-11 14:30:01+00:00,2026-07-11 14:03:52+00:00,2026-07-11 14:03:53+00:00,2026-07-11 14:18:53+00:00,,,CONTEXT_GEOMETRIC,crash:CONTEXT_GEOMETRIC:2026-07-11T14:00:00+00:00,-1,22944.632742857142,22946.444685714287,22950.974542857144,22936.479,18.119428571429257,22944.638,22966.128,completed,time,False,False,-0.5930098710145602,-0.6430098710145602,15.0
2026-07-12 00:30:00+00:00,2026-07-12 00:31:00+00:00,2026-07-12 00:45:00+00:00,2026-07-12 01:00:01+00:00,2026-07-12 00:34:04+00:00,2026-07-12 00:34:05+00:00,2026-07-12 00:49:05+00:00,,,CONTEXT_GEOMETRIC,crash:CONTEXT_GEOMETRIC:2026-07-12T00:30:00+00:00,-1,22973.2782,22975.453800000003,22980.8928,22963.488,21.756000000000444,22973.313,23008.188,completed,time,False,False,-0.8015030336458744,-0.8515030336458744,15.0
2026-07-13 00:00:00+00:00,2026-07-13 00:01:00+00:00,2026-07-13 00:15:00+00:00,2026-07-13 00:30:01+00:00,2026-07-13 00:14:54+00:00,2026-07-13 00:14:55+00:00,2026-07-13 00:29:55+00:00,,,CONTEXT_GEOMETRIC,crash:CONTEXT_GEOMETRIC:2026-07-13T00:00:00+00:00,-1,23540.688792857145,23542.745635714287,23547.887742857143,23531.433,20.56842857142822,23540.699,23557.51,completed,time,False,False,-0.4086602907367989,-0.45866029073679887,15.0
2026-07-14 02:00:00+00:00,2026-07-14 02:01:00+00:00,2026-07-14 02:15:00+00:00,2026-07-14 02:30:01+00:00,2026-07-14 02:04:13+00:00,2026-07-14 02:04:14+00:00,2026-07-14 02:19:14+00:00,,,CONTEXT_GEOMETRIC,crash:CONTEXT_GEOMETRIC:2026-07-14T02:00:00+00:00,-1,23527.15053214286,23529.417539285714,23535.085057142856,23516.949,22.670071428571514,23527.206,23545.851,completed,time,False,False,-0.41122499456490014,-0.4612249945649001,15.0
2026-07-14 02:30:00+00:00,2026-07-14 02:31:00+00:00,2026-07-14 02:45:00+00:00,2026-07-14 03:00:01+00:00,2026-07-14 02:37:46+00:00,2026-07-14 02:37:47+00:00,2026-07-14 02:52:47+00:00,,,CONTEXT_GEOMETRIC,crash:CONTEXT_GEOMETRIC:2026-07-14T02:30:00+00:00,-1,23557.051949999997,23558.73505,23562.9428,23549.478,16.83099999999987,23557.124,23518.913,completed,time,False,False,1.1351375438179436,1.0851375438179436,15.0
2026-07-14 21:30:00+00:00,2026-07-14 21:31:00+00:00,2026-07-14 21:45:00+00:00,2026-07-14 22:00:01+00:00,2026-07-14 21:35:22+00:00,2026-07-14 21:35:23+00:00,2026-07-14 21:50:23+00:00,,,CONTEXT_GEOMETRIC,crash:CONTEXT_GEOMETRIC:2026-07-14T21:30:00+00:00,-1,23574.669189285712,23577.275453571427,23583.791114285712,23562.941,26.062642857143146,23574.744,23582.977,completed,time,False,False,-0.1579463764501478,-0.2079463764501478,15.0
2026-07-14 22:00:00+00:00,2026-07-14 22:01:00+00:00,2026-07-14 22:15:00+00:00,2026-07-14 22:30:01+00:00,2026-07-14 22:04:30+00:00,2026-07-14 22:04:31+00:00,2026-07-14 22:19:31+00:00,,,CONTEXT_GEOMETRIC,crash:CONTEXT_GEOMETRIC:2026-07-14T22:00:00+00:00,-1,23592.59529642857,23595.01891785714,23601.07797142857,23581.689,24.236214285714855,23592.64,23620.847,completed,time,False,False,-0.5819184396431858,-0.6319184396431858,15.0
2026-07-15 05:00:00+00:00,2026-07-15 05:01:00+00:00,2026-07-15 05:15:00+00:00,2026-07-15 05:30:01+00:00,2026-07-15 05:04:45+00:00,2026-07-15 05:04:46+00:00,2026-07-15 05:19:46+00:00,,,CONTEXT_GEOMETRIC,crash:CONTEXT_GEOMETRIC:2026-07-15T05:00:00+00:00,-1,23546.16597857143,23548.193307142858,23553.26162857143,23537.043,20.27328571428552,23546.311,23581.135,completed,time,False,False,-0.8588642337205912,-0.9088642337205912,15.0
2026-07-15 12:00:00+00:00,2026-07-15 12:01:00+00:00,2026-07-15 12:15:00+00:00,2026-07-15 12:30:01+00:00,2026-07-15 12:03:54+00:00,2026-07-15 12:03:55+00:00,2026-07-15 12:18:55+00:00,,,CONTEXT_GEOMETRIC,crash:CONTEXT_GEOMETRIC:2026-07-15T12:00:00+00:00,-1,23496.391196428573,23498.581017857145,23504.055571428573,23486.537,21.898214285713816,23496.426,23471.668,completed,time,False,False,0.5652972355866905,0.5152972355866905,15.0
2026-07-15 12:30:00+00:00,2026-07-15 12:31:00+00:00,2026-07-15 12:45:00+00:00,2026-07-15 13:00:01+00:00,2026-07-15 12:34:21+00:00,2026-07-15 12:34:22+00:00,2026-07-15 12:49:22+00:00,,,CONTEXT_GEOMETRIC,crash:CONTEXT_GEOMETRIC:2026-07-15T12:30:00+00:00,-1,23435.479485714284,23437.84537142857,23443.760085714286,23424.833,23.658857142857023,23435.546,23470.51,completed,time,False,False,-0.7389198850324881,-0.7889198850324881,15.0
2026-07-15 16:00:00+00:00,2026-07-15 16:01:00+00:00,2026-07-15 16:15:00+00:00,2026-07-15 16:30:01+00:00,2026-07-15 16:04:49+00:00,2026-07-15 16:04:50+00:00,2026-07-15 16:19:50+00:00,,,CONTEXT_GEOMETRIC,crash:CONTEXT_GEOMETRIC:2026-07-15T16:00:00+00:00,-1,23353.892939285714,23356.418703571428,23362.733114285715,23342.527,25.257642857142855,23353.925,23365.845,completed,time,False,False,-0.23596817936300257,-0.28596817936300256,15.0
2026-07-15 18:30:00+00:00,2026-07-15 18:31:00+00:00,2026-07-15 18:45:00+00:00,2026-07-15 19:00:01+00:00,2026-07-15 18:33:40+00:00,2026-07-15 18:33:41+00:00,2026-07-15 18:48:41+00:00,,,CONTEXT_GEOMETRIC,crash:CONTEXT_GEOMETRIC:2026-07-15T18:30:00+00:00,-1,23390.832064285714,23392.89607857143,23398.056114285715,23381.544,20.640142857142564,23390.842,23400.764,completed,time,False,False,-0.24035686353220012,-0.29035686353220014,15.0
2026-07-18 00:00:00+00:00,2026-07-18 00:01:00+00:00,2026-07-18 00:15:00+00:00,2026-07-18 00:30:01+00:00,2026-07-18 00:06:04+00:00,2026-07-18 00:06:05+00:00,2026-07-18 00:21:05+00:00,,,CONTEXT_GEOMETRIC,crash:CONTEXT_GEOMETRIC:2026-07-18T00:00:00+00:00,-1,23872.81650714286,23874.941064285715,23880.25245714286,23863.256,21.245571428571566,23872.91,23870.6,completed,time,False,False,0.054364270873288094,0.004364270873288091,15.0
2026-07-18 01:00:00+00:00,2026-07-18 01:01:00+00:00,2026-07-18 01:15:00+00:00,2026-07-18 01:30:01+00:00,2026-07-18 01:08:33+00:00,2026-07-18 01:08:34+00:00,2026-07-18 01:23:34+00:00,,,CONTEXT_GEOMETRIC,crash:CONTEXT_GEOMETRIC:2026-07-18T01:00:00+00:00,-1,23835.23274642857,23837.538467857143,23843.30277142857,23824.857,23.05721428571373,23835.294,23848.578,completed,time,False,False,-0.28806602210030263,-0.3380660221003026,15.0
2026-07-18 04:30:00+00:00,2026-07-18 04:31:00+00:00,2026-07-18 04:45:00+00:00,2026-07-18 05:00:01+00:00,2026-07-18 04:33:15+00:00,2026-07-18 04:33:16+00:00,2026-07-18 04:48:16+00:00,,,CONTEXT_GEOMETRIC,crash:CONTEXT_GEOMETRIC:2026-07-18T04:30:00+00:00,-1,23692.04655357143,23693.93623214286,23698.66042857143,23683.543,18.896785714285734,23692.154,23727.617,completed,time,False,False,-0.9383341838181017,-0.9883341838181018,15.0
2026-07-18 12:00:00+00:00,2026-07-18 12:01:00+00:00,2026-07-18 12:15:00+00:00,2026-07-18 12:30:01+00:00,2026-07-18 12:03:44+00:00,2026-07-18 12:03:45+00:00,2026-07-18 12:18:45+00:00,,,CONTEXT_GEOMETRIC,crash:CONTEXT_GEOMETRIC:2026-07-18T12:00:00+00:00,-1,23650.340867857143,23652.263060714286,23657.06854285714,23641.691,19.22192857142831,23650.359,23664.83,completed,time,False,False,-0.37641904521253977,-0.42641904521253976,15.0
2026-07-18 14:00:00+00:00,2026-07-18 14:01:00+00:00,2026-07-18 14:15:00+00:00,2026-07-18 14:30:01+00:00,2026-07-18 14:04:42+00:00,2026-07-18 14:04:43+00:00,2026-07-18 14:19:43+00:00,,,CONTEXT_GEOMETRIC,crash:CONTEXT_GEOMETRIC:2026-07-18T14:00:00+00:00,-1,23654.865692857144,23657.348735714284,23663.55634285714,23643.692,24.830428571428588,23654.904,23637.877,completed,time,False,False,0.3428656084412199,0.2928656084412199,15.0
2026-07-18 16:30:00+00:00,2026-07-18 16:31:00+00:00,2026-07-18 16:45:00+00:00,2026-07-18 17:00:01+00:00,2026-07-18 16:33:51+00:00,2026-07-18 16:33:52+00:00,2026-07-18 16:48:52+00:00,,,CONTEXT_GEOMETRIC,crash:CONTEXT_GEOMETRIC:2026-07-18T16:30:00+00:00,-1,23603.72942857143,23605.746857142858,23610.79042857143,23594.651,20.17428571428614,23603.768,23587.895,completed,time,False,False,0.3933968276447911,0.3433968276447911,15.0
2026-07-18 18:00:00+00:00,2026-07-18 18:01:00+00:00,2026-07-18 18:15:00+00:00,2026-07-18 18:30:01+00:00,2026-07-18 18:03:29+00:00,2026-07-18 18:03:30+00:00,2026-07-18 18:18:30+00:00,,,CONTEXT_GEOMETRIC,crash:CONTEXT_GEOMETRIC:2026-07-18T18:00:00+00:00,-1,23561.929589285715,23563.835053571427,23568.598714285712,23553.355,19.054642857142817,23561.994,23597.103,completed,time,False,False,-0.9212715311229103,-0.9712715311229103,15.0
2026-07-19 02:00:00+00:00,2026-07-19 02:01:00+00:00,2026-07-19 02:15:00+00:00,2026-07-19 02:30:01+00:00,2026-07-19 02:03:29+00:00,2026-07-19 02:03:30+00:00,2026-07-19 02:18:30+00:00,,,CONTEXT_GEOMETRIC,crash:CONTEXT_GEOMETRIC:2026-07-19T02:00:00+00:00,-1,23606.442567857146,23608.289360714287,23612.906342857143,23598.132,18.467928571429052,23606.495,23641.645,completed,time,False,False,-0.951649771225034,-1.001649771225034,15.0
2026-07-19 03:00:00+00:00,2026-07-19 03:01:00+00:00,2026-07-19 03:15:00+00:00,2026-07-19 03:30:01+00:00,2026-07-19 03:07:11+00:00,2026-07-19 03:07:12+00:00,2026-07-19 03:22:12+00:00,,,CONTEXT_GEOMETRIC,crash:CONTEXT_GEOMETRIC:2026-07-19T03:00:00+00:00,-1,23540.00020357143,23542.41958214286,23548.46802857143,23529.113,24.193785714285696,23540.102,23563.558,completed,time,False,False,-0.484752578141417,-0.534752578141417,15.0
2026-07-19 08:30:00+00:00,2026-07-19 08:31:00+00:00,2026-07-19 08:45:00+00:00,2026-07-19 09:00:01+00:00,2026-07-19 08:33:42+00:00,2026-07-19 08:33:43+00:00,2026-07-19 08:48:43+00:00,,,CONTEXT_GEOMETRIC,crash:CONTEXT_GEOMETRIC:2026-07-19T08:30:00+00:00,-1,23473.661092857143,23475.751335714285,23480.97694285714,23464.255,20.902428571428704,23473.697,23483.401,completed,time,False,False,-0.23212613708595162,-0.28212613708595163,15.0
2026-07-19 09:30:00+00:00,2026-07-19 09:31:00+00:00,2026-07-19 09:45:00+00:00,2026-07-19 10:00:01+00:00,2026-07-19 09:33:40+00:00,2026-07-19 09:33:41+00:00,2026-07-19 09:48:41+00:00,,,CONTEXT_GEOMETRIC,crash:CONTEXT_GEOMETRIC:2026-07-19T09:30:00+00:00,-1,23548.315989285715,23550.018653571427,23554.275314285715,23540.654,17.026642857143088,23548.459,23522.644,completed,time,False,False,0.7580766278059528,0.7080766278059527,15.0
2026-07-19 16:30:00+00:00,2026-07-19 16:31:00+00:00,2026-07-19 16:45:00+00:00,2026-07-19 17:00:01+00:00,2026-07-19 16:34:17+00:00,2026-07-19 16:34:18+00:00,2026-07-19 16:49:18+00:00,,,CONTEXT_GEOMETRIC,crash:CONTEXT_GEOMETRIC:2026-07-19T16:30:00+00:00,-1,23429.775389285714,23432.10925357143,23437.943914285715,23419.273,23.338642857142986,23429.849,23395.752,completed,time,False,False,0.7304837776709511,0.680483777670951,15.0
2026-07-20 04:00:00+00:00,2026-07-20 04:01:00+00:00,2026-07-20 04:15:00+00:00,2026-07-20 04:30:01+00:00,2026-07-20 04:05:03+00:00,2026-07-20 04:05:04+00:00,2026-07-20 04:20:04+00:00,,,CONTEXT_GEOMETRIC,crash:CONTEXT_GEOMETRIC:2026-07-20T04:00:00+00:00,-1,23601.159889285715,23603.29675357143,23608.638914285715,23591.544,21.368642857142863,23601.247,23617.089,completed,time,False,False,-0.37068334441990713,-0.4206833444199071,15.0
2026-07-20 14:30:00+00:00,2026-07-20 14:31:00+00:00,2026-07-20 14:45:00+00:00,2026-07-20 15:00:01+00:00,2026-07-20 14:37:26+00:00,2026-07-20 14:37:27+00:00,2026-07-20 14:52:27+00:00,,,CONTEXT_GEOMETRIC,crash:CONTEXT_GEOMETRIC:2026-07-20T14:30:00+00:00,-1,23299.221075,23300.928425000002,23305.1968,23291.538,17.073499999999903,23299.244,23332.394,completed,time,False,False,-0.970802705947862,-1.020802705947862,15.0
2026-07-20 16:00:00+00:00,2026-07-20 16:01:00+00:00,2026-07-20 16:15:00+00:00,2026-07-20 16:30:01+00:00,2026-07-20 16:10:47+00:00,2026-07-20 16:10:48+00:00,2026-07-20 16:25:48+00:00,,,CONTEXT_GEOMETRIC,crash:CONTEXT_GEOMETRIC:2026-07-20T16:00:00+00:00,-1,23235.97854642857,23238.282667857144,23244.04297142857,23225.61,23.041214285713846,23236.018,23256.304,completed,time,False,False,-0.4402111743862802,-0.4902111743862802,15.0
2026-07-21 05:00:00+00:00,2026-07-21 05:01:00+00:00,2026-07-21 05:15:00+00:00,2026-07-21 05:30:01+00:00,2026-07-21 05:03:57+00:00,2026-07-21 05:03:58+00:00,2026-07-21 05:18:58+00:00,,,CONTEXT_GEOMETRIC,crash:CONTEXT_GEOMETRIC:2026-07-21T05:00:00+00:00,-1,23467.019985714287,23469.034871428572,23474.072085714288,23457.953,20.148857142856546,23467.09,23457.212,completed,time,False,False,0.24512556543443204,0.19512556543443205,15.0
2026-07-22 05:00:00+00:00,2026-07-22 05:01:00+00:00,2026-07-22 05:15:00+00:00,2026-07-22 05:30:01+00:00,2026-07-22 05:04:55+00:00,2026-07-22 05:04:56+00:00,2026-07-22 05:19:56+00:00,,,CONTEXT_GEOMETRIC,crash:CONTEXT_GEOMETRIC:2026-07-22T05:00:00+00:00,-1,23619.322882142857,23621.846189285716,23628.15445714286,23607.968,25.233071428571357,23619.439,23642.237,completed,time,False,False,-0.45174841407115374,-0.5017484140711538,15.0
2026-07-22 05:30:00+00:00,2026-07-22 05:31:00+00:00,2026-07-22 05:45:00+00:00,2026-07-22 06:00:01+00:00,2026-07-22 05:37:45+00:00,2026-07-22 05:37:46+00:00,2026-07-22 05:52:46+00:00,,,CONTEXT_GEOMETRIC,crash:CONTEXT_GEOMETRIC:2026-07-22T05:30:00+00:00,-1,23586.146410714286,23588.570946428572,23594.632285714288,23575.236,24.245357142856978,23586.25,23592.74,completed,time,False,False,-0.13384005774304805,-0.18384005774304807,15.0
2026-07-22 07:00:00+00:00,2026-07-22 07:01:00+00:00,2026-07-22 07:15:00+00:00,2026-07-22 07:30:01+00:00,2026-07-22 07:04:23+00:00,2026-07-22 07:04:24+00:00,2026-07-22 07:19:24+00:00,,,CONTEXT_GEOMETRIC,crash:CONTEXT_GEOMETRIC:2026-07-22T07:00:00+00:00,-1,23547.575210714283,23549.78014642857,23555.292485714283,23537.653,22.049357142857325,23547.629,23560.326,completed,time,False,False,-0.2879222264335536,-0.3379222264335536,15.0
2026-07-23 12:30:00+00:00,2026-07-23 12:31:00+00:00,2026-07-23 12:45:00+00:00,2026-07-23 13:00:01+00:00,2026-07-23 12:36:21+00:00,2026-07-23 12:36:22+00:00,2026-07-23 12:51:22+00:00,,,CONTEXT_GEOMETRIC,crash:CONTEXT_GEOMETRIC:2026-07-23T12:30:00+00:00,-1,24256.446925,24259.757575,24268.0342,24241.549,33.10650000000013,24256.585,24254.433,completed,time,False,False,0.03250117046498748,-0.01749882953501252,15.0
2026-07-23 18:30:00+00:00,2026-07-23 18:31:00+00:00,2026-07-23 18:45:00+00:00,2026-07-23 19:00:01+00:00,2026-07-23 18:34:59+00:00,2026-07-23 18:35:00+00:00,2026-07-23 18:50:00+00:00,,,CONTEXT_GEOMETRIC,crash:CONTEXT_GEOMETRIC:2026-07-23T18:30:00+00:00,-1,24252.79807142857,24255.36164285714,24261.77057142857,24241.262,25.63571428571413,24252.903,24278.368,completed,time,False,False,-0.49667038172193395,-0.5466703817219339,15.0
2026-07-23 22:00:00+00:00,2026-07-23 22:01:00+00:00,2026-07-23 22:15:00+00:00,2026-07-23 22:30:01+00:00,2026-07-23 22:13:02+00:00,2026-07-23 22:13:03+00:00,2026-07-23 22:28:03+00:00,,,CONTEXT_GEOMETRIC,crash:CONTEXT_GEOMETRIC:2026-07-23T22:00:00+00:00,-1,24230.70301071429,24232.996346428572,24238.729685714286,24220.383,22.93335714285734,24230.738,24223.015,completed,time,False,False,0.16837918565287607,0.11837918565287607,15.0
2026-07-23 23:00:00+00:00,2026-07-23 23:01:00+00:00,2026-07-23 23:15:00+00:00,2026-07-23 23:30:01+00:00,2026-07-23 23:05:20+00:00,2026-07-23 23:05:21+00:00,2026-07-23 23:20:21+00:00,,,CONTEXT_GEOMETRIC,crash:CONTEXT_GEOMETRIC:2026-07-23T23:00:00+00:00,-1,24099.650189285716,24102.47245357143,24109.528114285717,24086.95,28.222642857143,24099.749,24117.158,completed,time,False,False,-0.3084225685050173,-0.3584225685050173,15.0
2026-07-24 15:00:00+00:00,2026-07-24 15:01:00+00:00,2026-07-24 15:15:00+00:00,2026-07-24 15:30:01+00:00,2026-07-24 15:04:23+00:00,2026-07-24 15:04:24+00:00,2026-07-24 15:19:24+00:00,,,CONTEXT_GEOMETRIC,crash:CONTEXT_GEOMETRIC:2026-07-24T15:00:00+00:00,-1,24281.440539285715,24283.76510357143,24289.576514285716,24270.98,23.24564285714327,24281.596,24259.288,completed,time,False,False,0.47983185789042965,0.42983185789042966,15.0
2026-07-25 11:00:00+00:00,2026-07-25 11:01:00+00:00,2026-07-25 11:15:00+00:00,2026-07-25 11:30:01+00:00,2026-07-25 11:04:02+00:00,2026-07-25 11:04:03+00:00,2026-07-25 11:19:03+00:00,,,CONTEXT_GEOMETRIC,crash:CONTEXT_GEOMETRIC:2026-07-25T11:00:00+00:00,-1,24019.480239285716,24021.60940357143,24026.932314285717,24009.899,21.291642857142506,24019.539,24030.451,completed,time,False,False,-0.25625077579064587,-0.30625077579064586,15.0
2026-07-25 14:00:00+00:00,2026-07-25 14:01:00+00:00,2026-07-25 14:15:00+00:00,2026-07-25 14:30:01+00:00,2026-07-25 14:04:54+00:00,2026-07-25 14:04:55+00:00,2026-07-25 14:19:55+00:00,,,CONTEXT_GEOMETRIC,crash:CONTEXT_GEOMETRIC:2026-07-25T14:00:00+00:00,-1,23929.188439285714,23931.619203571427,23937.69611428571,23918.25,24.307642857142387,23929.266,23965.647,completed,time,False,False,-0.7483448768318415,-0.7983448768318415,15.0
2026-07-25 14:30:00+00:00,2026-07-25 14:31:00+00:00,2026-07-25 14:45:00+00:00,2026-07-25 15:00:01+00:00,2026-07-25 14:33:34+00:00,2026-07-25 14:33:35+00:00,2026-07-25 14:48:35+00:00,,,CONTEXT_GEOMETRIC,crash:CONTEXT_GEOMETRIC:2026-07-25T14:30:00+00:00,-1,23973.3679,23975.2661,23980.0116,23964.826,18.98199999999971,23973.45,23967.168,completed,time,False,False,0.16547255294487775,0.11547255294487775,15.0
2026-07-25 16:00:00+00:00,2026-07-25 16:01:00+00:00,2026-07-25 16:15:00+00:00,2026-07-25 16:30:01+00:00,2026-07-25 16:04:12+00:00,2026-07-25 16:04:13+00:00,2026-07-25 16:19:13+00:00,,,CONTEXT_GEOMETRIC,crash:CONTEXT_GEOMETRIC:2026-07-25T16:00:00+00:00,-1,23899.089185714285,23901.351671428572,23907.007885714287,23888.908,22.624857142856854,23899.177,23889.558,completed,time,False,False,0.21257592786692356,0.16257592786692354,15.0
2026-07-25 16:30:00+00:00,2026-07-25 16:31:00+00:00,2026-07-25 16:45:00+00:00,2026-07-25 17:00:01+00:00,2026-07-25 16:34:09+00:00,2026-07-25 16:34:10+00:00,2026-07-25 16:49:10+00:00,,,CONTEXT_GEOMETRIC,crash:CONTEXT_GEOMETRIC:2026-07-25T16:30:00+00:00,-1,23868.838464285713,23871.133678571427,23876.871714285713,23858.51,22.95214285714324,23868.939,23902.64,completed,time,False,False,-0.7341580306849737,-0.7841580306849737,15.0
2026-07-26 18:00:00+00:00,2026-07-26 18:01:00+00:00,2026-07-26 18:15:00+00:00,2026-07-26 18:30:01+00:00,2026-07-26 18:11:30+00:00,2026-07-26 18:11:31+00:00,2026-07-26 18:26:31+00:00,,,CONTEXT_GEOMETRIC,crash:CONTEXT_GEOMETRIC:2026-07-26T18:00:00+00:00,-1,24195.958025,24197.898474999998,24202.7496,24187.226,19.404499999999775,24196.022,24169.228,completed,time,False,False,0.6904068643871782,0.6404068643871782,15.0
2026-07-26 18:30:00+00:00,2026-07-26 18:31:00+00:00,2026-07-26 18:45:00+00:00,2026-07-26 19:00:01+00:00,2026-07-26 18:33:38+00:00,2026-07-26 18:33:39+00:00,2026-07-26 18:48:39+00:00,,,CONTEXT_GEOMETRIC,crash:CONTEXT_GEOMETRIC:2026-07-26T18:30:00+00:00,-1,24156.731314285717,24158.76982857143,24163.866114285713,24147.558,20.385142857142846,24156.797,24164.449,completed,time,False,False,-0.18768570948033955,-0.23768570948033957,15.0
2026-07-26 19:00:00+00:00,2026-07-26 19:01:00+00:00,2026-07-26 19:15:00+00:00,2026-07-26 19:30:01+00:00,2026-07-26 19:04:16+00:00,2026-07-26 19:04:17+00:00,2026-07-26 19:19:17+00:00,,,CONTEXT_GEOMETRIC,crash:CONTEXT_GEOMETRIC:2026-07-26T19:00:00+00:00,-1,24166.636282142856,24168.952789285715,24174.74405714286,24156.212,23.165071428571796,24166.668,24202.886,completed,time,False,False,-0.7817372830399703,-0.8317372830399703,15.0
2026-07-27 03:30:00+00:00,2026-07-27 03:31:00+00:00,2026-07-27 03:45:00+00:00,2026-07-27 04:00:01+00:00,2026-07-27 03:33:27+00:00,2026-07-27 03:33:28+00:00,2026-07-27 03:48:28+00:00,,,CONTEXT_GEOMETRIC,crash:CONTEXT_GEOMETRIC:2026-07-27T03:30:00+00:00,-1,24254.580364285714,24256.35977857143,24260.808314285714,24246.573,17.794142857142756,24254.624,24257.759,completed,time,False,False,-0.08809078428691994,-0.13809078428691995,15.0
2026-07-28 00:00:00+00:00,2026-07-28 00:01:00+00:00,2026-07-28 00:15:00+00:00,2026-07-28 00:30:01+00:00,2026-07-28 00:08:09+00:00,2026-07-28 00:08:10+00:00,2026-07-28 00:23:10+00:00,,,CONTEXT_GEOMETRIC,crash:CONTEXT_GEOMETRIC:2026-07-28T00:00:00+00:00,-1,24453.601525000002,24456.004975,24462.0136,24442.786,24.034500000000012,24453.616,24464.168,completed,time,False,False,-0.2195177765295653,-0.2695177765295653,15.0
2026-07-28 04:30:00+00:00,2026-07-28 04:31:00+00:00,2026-07-28 04:45:00+00:00,2026-07-28 05:00:01+00:00,2026-07-28 04:34:49+00:00,2026-07-28 04:34:50+00:00,2026-07-28 04:49:50+00:00,,,CONTEXT_GEOMETRIC,crash:CONTEXT_GEOMETRIC:2026-07-28T04:30:00+00:00,-1,24275.196775,24277.776725,24284.226599999998,24263.587,25.79950000000021,24275.269,24286.19,completed,time,False,False,-0.21165138859277055,-0.26165138859277054,15.0
2026-07-28 06:30:00+00:00,2026-07-28 06:31:00+00:00,2026-07-28 06:45:00+00:00,2026-07-28 07:00:01+00:00,2026-07-28 06:33:39+00:00,2026-07-28 06:33:40+00:00,2026-07-28 06:48:40+00:00,,,CONTEXT_GEOMETRIC,crash:CONTEXT_GEOMETRIC:2026-07-28T06:30:00+00:00,-1,24328.004775,24329.900725000003,24334.640600000002,24319.473,18.959500000000066,24328.043,24365.031,completed,time,False,False,-0.9754476647590239,-1.0254476647590238,15.0
2026-07-29 10:00:00+00:00,2026-07-29 10:01:00+00:00,2026-07-29 10:15:00+00:00,2026-07-29 10:30:01+00:00,2026-07-29 10:03:22+00:00,2026-07-29 10:03:23+00:00,2026-07-29 10:18:23+00:00,,,CONTEXT_GEOMETRIC,crash:CONTEXT_GEOMETRIC:2026-07-29T10:00:00+00:00,-1,24746.790171428573,24748.757542857144,24753.675971428573,24737.937,19.673714285714855,24746.878,24784.495,completed,time,False,False,-0.956021813006408,-1.006021813006408,15.0
2026-07-29 11:00:00+00:00,2026-07-29 11:01:00+00:00,2026-07-29 11:15:00+00:00,2026-07-29 11:30:01+00:00,2026-07-29 11:04:10+00:00,2026-07-29 11:04:11+00:00,2026-07-29 11:19:11+00:00,,,CONTEXT_GEOMETRIC,crash:CONTEXT_GEOMETRIC:2026-07-29T11:00:00+00:00,-1,24704.95271785714,24707.348210714285,24713.336942857142,24694.173,23.954928571428745,24704.979,24685.122,completed,time,False,False,0.4144658570112288,0.3644658570112288,15.0
2026-07-29 11:30:00+00:00,2026-07-29 11:31:00+00:00,2026-07-29 11:45:00+00:00,2026-07-29 12:00:01+00:00,2026-07-29 11:34:39+00:00,2026-07-29 11:34:40+00:00,2026-07-29 11:49:40+00:00,,,CONTEXT_GEOMETRIC,crash:CONTEXT_GEOMETRIC:2026-07-29T11:30:00+00:00,-1,24645.43242857143,24648.103857142858,24654.78242857143,24633.411,26.714285714285715,24645.545,24624.344,completed,time,False,False,0.3968101604277568,0.3468101604277568,15.0
2026-07-29 12:00:00+00:00,2026-07-29 12:01:00+00:00,2026-07-29 12:15:00+00:00,2026-07-29 12:30:01+00:00,2026-07-29 12:04:45+00:00,2026-07-29 12:04:46+00:00,2026-07-29 12:19:46+00:00,,,CONTEXT_GEOMETRIC,crash:CONTEXT_GEOMETRIC:2026-07-29T12:00:00+00:00,-1,24606.219589285716,24608.80705357143,24615.275714285715,24594.576,25.874642857142785,24606.263,24643.118,completed,time,False,False,-0.7121837430468265,-0.7621837430468266,15.0
2026-07-29 15:30:00+00:00,2026-07-29 15:31:00+00:00,2026-07-29 15:45:00+00:00,2026-07-29 16:00:01+00:00,2026-07-29 15:33:47+00:00,2026-07-29 15:33:48+00:00,2026-07-29 15:48:48+00:00,,,CONTEXT_GEOMETRIC,crash:CONTEXT_GEOMETRIC:2026-07-29T15:30:00+00:00,-1,24755.257407142857,24757.512164285716,24763.14905714286,24745.111,22.547571428571505,24755.313,24739.083,completed,time,False,False,0.35990572313773594,0.30990572313773596,15.0
2026-07-31 15:00:00+00:00,2026-07-31 15:01:00+00:00,2026-07-31 15:15:00+00:00,2026-07-31 15:30:01+00:00,2026-07-31 15:03:31+00:00,2026-07-31 15:03:32+00:00,2026-07-31 15:18:32+00:00,,,CONTEXT_GEOMETRIC,crash:CONTEXT_GEOMETRIC:2026-07-31T15:00:00+00:00,-1,24877.414739285712,24879.352903571427,24884.198314285713,24868.693,19.38164285714291,24877.464,24913.537,completed,time,False,False,-0.9305970671806589,-0.980597067180659,15.0
2026-07-31 18:00:00+00:00,2026-07-31 18:01:00+00:00,2026-07-31 18:15:00+00:00,2026-07-31 18:30:01+00:00,2026-07-31 18:05:16+00:00,2026-07-31 18:05:17+00:00,2026-07-31 18:20:17+00:00,,,CONTEXT_GEOMETRIC,crash:CONTEXT_GEOMETRIC:2026-07-31T18:00:00+00:00,-1,24808.583260714287,24811.39109642857,24818.410685714287,24795.948,28.078357142857254,24808.649,24812.449,completed,time,False,False,-0.06766777665562139,-0.11766777665562139,15.0
2026-07-31 23:00:00+00:00,2026-07-31 23:01:00+00:00,2026-07-31 23:15:00+00:00,2026-07-31 23:30:01+00:00,2026-07-31 23:06:28+00:00,2026-07-31 23:06:29+00:00,2026-07-31 23:21:29+00:00,,,CONTEXT_GEOMETRIC,crash:CONTEXT_GEOMETRIC:2026-07-31T23:00:00+00:00,-1,24848.629696428572,24850.768517857145,24856.115571428574,24839.005,21.38821428571438,24848.773,24847.931,completed,time,False,False,0.01968373770602583,-0.03031626229397417,15.0
2026-08-01 02:30:00+00:00,2026-08-01 02:31:00+00:00,2026-08-01 02:45:00+00:00,2026-08-01 03:00:01+00:00,2026-08-01 02:33:42+00:00,2026-08-01 02:33:43+00:00,2026-08-01 02:48:43+00:00,,,CONTEXT_GEOMETRIC,crash:CONTEXT_GEOMETRIC:2026-08-01T02:30:00+00:00,-1,24903.918675,24906.070825,24911.4512,24894.234,21.5214999999997,24903.955,24917.411,completed,time,False,False,-0.3126176149431615,-0.36261761494316147,15.0
2026-08-01 23:00:00+00:00,2026-08-01 23:01:00+00:00,2026-08-01 23:15:00+00:00,2026-08-01 23:30:01+00:00,2026-08-01 23:03:36+00:00,2026-08-01 23:03:37+00:00,2026-08-01 23:18:37+00:00,,,CONTEXT_GEOMETRIC,crash:CONTEXT_GEOMETRIC:2026-08-01T23:00:00+00:00,-1,24799.958135714285,24802.02172142857,24807.180685714284,24790.672,20.635857142857276,24800.006,24837.188,completed,time,False,False,-0.9009075741946326,-0.9509075741946327,15.0
2026-08-02 07:30:00+00:00,2026-08-02 07:31:00+00:00,2026-08-02 07:45:00+00:00,2026-08-02 08:00:01+00:00,2026-08-02 07:39:29+00:00,2026-08-02 07:39:30+00:00,2026-08-02 07:54:30+00:00,,,CONTEXT_GEOMETRIC,crash:CONTEXT_GEOMETRIC:2026-08-02T07:30:00+00:00,-1,24616.47475,24618.88225,24624.900999999998,24605.641,24.07500000000021,24616.547,24654.356,completed,time,False,False,-0.7852336448598293,-0.8352336448598293,15.0
2026-08-02 18:00:00+00:00,2026-08-02 18:01:00+00:00,2026-08-02 18:15:00+00:00,2026-08-02 18:30:01+00:00,2026-08-02 18:03:38+00:00,2026-08-02 18:03:39+00:00,2026-08-02 18:18:39+00:00,,,CONTEXT_GEOMETRIC,crash:CONTEXT_GEOMETRIC:2026-08-02T18:00:00+00:00,-1,24829.87577857143,24832.02950714286,24837.41382857143,24820.184,21.537285714286554,24829.927,24798.318,completed,time,False,False,0.7338204177472756,0.6838204177472755,15.0
2026-08-02 18:30:00+00:00,2026-08-02 18:31:00+00:00,2026-08-02 18:45:00+00:00,2026-08-02 19:00:01+00:00,2026-08-02 18:33:58+00:00,2026-08-02 18:33:59+00:00,2026-08-02 18:48:59+00:00,,,CONTEXT_GEOMETRIC,crash:CONTEXT_GEOMETRIC:2026-08-02T18:30:00+00:00,-1,24817.825367857145,24820.186560714286,24826.089542857142,24807.2,23.611928571429807,24817.945,24789.919,completed,time,False,False,0.5934712176350811,0.5434712176350811,15.0
2026-08-03 04:00:00+00:00,2026-08-03 04:01:00+00:00,2026-08-03 04:15:00+00:00,2026-08-03 04:30:01+00:00,2026-08-03 04:04:08+00:00,2026-08-03 04:04:09+00:00,2026-08-03 04:19:09+00:00,,,CONTEXT_GEOMETRIC,crash:CONTEXT_GEOMETRIC:2026-08-03T04:00:00+00:00,-1,24847.333175,24849.620325,24855.3382,24837.041,22.871499999999806,24847.465,24875.376,completed,time,False,False,-0.6101698620554029,-0.660169862055403,15.0
2026-08-03 06:30:00+00:00,2026-08-03 06:31:00+00:00,2026-08-03 06:45:00+00:00,2026-08-03 07:00:01+00:00,2026-08-03 06:35:21+00:00,2026-08-03 06:35:22+00:00,2026-08-03 06:50:22+00:00,,,CONTEXT_GEOMETRIC,crash:CONTEXT_GEOMETRIC:2026-08-03T06:30:00+00:00,-1,24758.169096428574,24761.019117857144,24768.144171428572,24745.344,28.50021428571433,24758.223,24794.354,completed,time,False,False,-0.6338724270243149,-0.6838724270243149,15.0
2026-08-03 20:30:00+00:00,2026-08-03 20:31:00+00:00,2026-08-03 20:45:00+00:00,2026-08-03 21:00:01+00:00,2026-08-03 20:34:20+00:00,2026-08-03 20:34:21+00:00,2026-08-03 20:49:21+00:00,,,CONTEXT_GEOMETRIC,crash:CONTEXT_GEOMETRIC:2026-08-03T20:30:00+00:00,-1,25111.816235714286,25114.13362142857,25119.927085714284,25101.388,23.173857142857482,25111.922,25069.683,completed,time,False,False,0.9113502283977017,0.8613502283977017,15.0
2026-08-03 21:00:00+00:00,2026-08-03 21:01:00+00:00,2026-08-03 21:15:00+00:00,2026-08-03 21:30:01+00:00,2026-08-03 21:04:41+00:00,2026-08-03 21:04:42+00:00,2026-08-03 21:19:42+00:00,,,CONTEXT_GEOMETRIC,crash:CONTEXT_GEOMETRIC:2026-08-03T21:00:00+00:00,-1,25011.278757142856,25013.975814285714,25020.718457142855,24999.142,26.97057142857193,25011.415,25048.374,completed,time,False,False,-0.68517272794683,-0.7351727279468301,15.0
2026-08-03 21:30:00+00:00,2026-08-03 21:31:00+00:00,2026-08-03 21:45:00+00:00,2026-08-03 22:00:01+00:00,2026-08-03 21:34:04+00:00,2026-08-03 21:34:05+00:00,2026-08-03 21:49:05+00:00,,,CONTEXT_GEOMETRIC,crash:CONTEXT_GEOMETRIC:2026-08-03T21:30:00+00:00,-1,25036.43535,25038.84165,25044.857399999997,25025.607,24.06300000000036,25036.454,25018.973,completed,time,False,False,0.36323401072184486,0.31323401072184487,15.0
2026-08-04 03:00:00+00:00,2026-08-04 03:01:00+00:00,2026-08-04 03:15:00+00:00,2026-08-04 03:30:01+00:00,2026-08-04 03:04:29+00:00,2026-08-04 03:04:30+00:00,2026-08-04 03:19:30+00:00,,,CONTEXT_GEOMETRIC,crash:CONTEXT_GEOMETRIC:2026-08-04T03:00:00+00:00,-1,24970.213357142857,24972.669214285714,24978.808857142856,24959.162,24.558571428571668,24970.288,24990.772,completed,time,False,False,-0.4170438019894167,-0.4670438019894167,15.0
2026-08-04 16:00:00+00:00,2026-08-04 16:01:00+00:00,2026-08-04 16:15:00+00:00,2026-08-04 16:30:01+00:00,2026-08-04 16:02:59+00:00,2026-08-04 16:03:00+00:00,2026-08-04 16:18:00+00:00,,,CONTEXT_GEOMETRIC,crash:CONTEXT_GEOMETRIC:2026-08-04T16:00:00+00:00,-1,25066.211353571427,25067.917432142858,25072.18262857143,25058.534,17.060785714285625,25066.248,25017.749,completed,time,False,False,1.421358922508176,1.371358922508176,15.0
2026-08-04 16:30:00+00:00,2026-08-04 16:31:00+00:00,2026-08-04 16:45:00+00:00,2026-08-04 17:00:01+00:00,2026-08-04 16:34:32+00:00,2026-08-04 16:34:33+00:00,2026-08-04 16:49:33+00:00,,,CONTEXT_GEOMETRIC,crash:CONTEXT_GEOMETRIC:2026-08-04T16:30:00+00:00,-1,24987.763285714285,24990.301571428572,24996.647285714287,24976.341,25.382857142857443,24987.875,24974.052,completed,time,False,False,0.2722900720396249,0.22229007203962492,15.0
2026-08-06 01:00:00+00:00,2026-08-06 01:01:00+00:00,2026-08-06 01:15:00+00:00,2026-08-06 01:30:01+00:00,2026-08-06 01:04:31+00:00,2026-08-06 01:04:32+00:00,2026-08-06 01:19:32+00:00,,,CONTEXT_GEOMETRIC,crash:CONTEXT_GEOMETRIC:2026-08-06T01:00:00+00:00,-1,24847.04,24849.556,24855.846,24835.718,25.160000000000114,24847.062,24832.237,completed,time,False,False,0.2946144674085982,0.2446144674085982,15.0
2026-08-06 10:00:00+00:00,2026-08-06 10:01:00+00:00,2026-08-06 10:15:00+00:00,2026-08-06 10:30:01+00:00,2026-08-06 10:03:49+00:00,2026-08-06 10:03:50+00:00,2026-08-06 10:18:50+00:00,,,CONTEXT_GEOMETRIC,crash:CONTEXT_GEOMETRIC:2026-08-06T10:00:00+00:00,-1,24809.303564285714,24811.43857857143,24816.776114285716,24799.696,21.350142857142732,24809.376,24828.788,completed,time,False,False,-0.45461054124764183,-0.5046105412476418,15.0
2026-08-06 20:30:00+00:00,2026-08-06 20:31:00+00:00,2026-08-06 20:45:00+00:00,2026-08-06 21:00:01+00:00,2026-08-06 20:33:59+00:00,2026-08-06 20:34:00+00:00,2026-08-06 20:49:00+00:00,,,CONTEXT_GEOMETRIC,crash:CONTEXT_GEOMETRIC:2026-08-06T20:30:00+00:00,-1,25041.073310714284,25043.19404642857,25048.495885714285,25031.53,21.20735714285703,25041.13,25056.502,completed,time,False,False,-0.36242139688718633,-0.4124213968871863,15.0
2026-08-06 21:30:00+00:00,2026-08-06 21:31:00+00:00,2026-08-06 21:45:00+00:00,2026-08-06 22:00:01+00:00,2026-08-06 21:33:10+00:00,2026-08-06 21:33:11+00:00,2026-08-06 21:47:38+00:00,2026-08-06 21:47:37+00:00,,CONTEXT_GEOMETRIC,crash:CONTEXT_GEOMETRIC:2026-08-06T21:30:00+00:00,-1,25097.48514642857,25099.278067857143,25103.760371428572,25089.417,17.929214285713897,25097.547,25133.455,completed,sl,False,False,-1.0013824205507653,-1.0513824205507654,14.45
2026-08-06 23:00:00+00:00,2026-08-06 23:01:00+00:00,2026-08-06 23:15:00+00:00,2026-08-06 23:30:01+00:00,2026-08-06 23:13:58+00:00,2026-08-06 23:13:59+00:00,2026-08-06 23:28:59+00:00,,,CONTEXT_GEOMETRIC,crash:CONTEXT_GEOMETRIC:2026-08-06T23:00:00+00:00,-1,24916.662928571426,24919.855357142857,24927.836428571427,24902.297,31.92428571428614,24916.724,24955.962,completed,time,False,False,-0.6145478140242643,-0.6645478140242643,15.0
2026-08-07 21:30:00+00:00,2026-08-07 21:31:00+00:00,2026-08-07 21:45:00+00:00,2026-08-07 22:00:01+00:00,2026-08-07 21:35:51+00:00,2026-08-07 21:35:52+00:00,2026-08-07 21:50:52+00:00,,,CONTEXT_GEOMETRIC,crash:CONTEXT_GEOMETRIC:2026-08-07T21:30:00+00:00,-1,25401.64166785714,25403.520260714286,25408.21674285714,25393.188,18.785928571428617,25401.667,25254.225,completed,time,False,False,3.924267023570137,3.874267023570137,15.0
2026-08-07 22:30:00+00:00,2026-08-07 22:31:00+00:00,2026-08-07 22:45:00+00:00,2026-08-07 23:00:01+00:00,2026-08-07 22:35:05+00:00,2026-08-07 22:35:06+00:00,2026-08-07 22:50:06+00:00,,,CONTEXT_GEOMETRIC,crash:CONTEXT_GEOMETRIC:2026-08-07T22:30:00+00:00,-1,25261.243257142858,25264.061314285715,25271.106457142858,25248.562,28.180571428571316,25261.308,25267.812,completed,time,False,False,-0.11539865358100283,-0.16539865358100284,15.0
2026-08-08 02:00:00+00:00,2026-08-08 02:01:00+00:00,2026-08-08 02:15:00+00:00,2026-08-08 02:30:01+00:00,2026-08-08 02:03:18+00:00,2026-08-08 02:03:19+00:00,2026-08-08 02:18:12+00:00,2026-08-08 02:18:11+00:00,,CONTEXT_GEOMETRIC,crash:CONTEXT_GEOMETRIC:2026-08-08T02:00:00+00:00,-1,25226.795260714287,25228.76509642857,25233.689685714286,25217.931,19.698357142857276,25226.808,25266.277,completed,sl,False,False,-1.0018348158112511,-1.0518348158112512,14.883333333333333
2026-08-08 02:30:00+00:00,2026-08-08 02:31:00+00:00,2026-08-08 02:45:00+00:00,2026-08-08 03:00:01+00:00,2026-08-08 02:34:16+00:00,2026-08-08 02:34:17+00:00,2026-08-08 02:49:17+00:00,,,CONTEXT_GEOMETRIC,crash:CONTEXT_GEOMETRIC:2026-08-08T02:30:00+00:00,-1,25172.66017142857,25175.13354285714,25181.31697142857,25161.53,24.733714285714086,25172.762,25123.875,completed,time,False,False,0.9882664494963336,0.9382664494963335,15.0
2026-08-08 03:30:00+00:00,2026-08-08 03:31:00+00:00,2026-08-08 03:45:00+00:00,2026-08-08 04:00:01+00:00,2026-08-08 03:35:24+00:00,2026-08-08 03:35:25+00:00,2026-08-08 03:50:25+00:00,,,CONTEXT_GEOMETRIC,crash:CONTEXT_GEOMETRIC:2026-08-08T03:30:00+00:00,-1,25120.769949999998,25123.685049999996,25130.972799999996,25107.652,29.15099999999984,25120.91,25142.832,completed,time,False,False,-0.3760076841274533,-0.42600768412745327,15.0
2026-08-09 04:30:00+00:00,2026-08-09 04:31:00+00:00,2026-08-09 04:45:00+00:00,2026-08-09 05:00:01+00:00,2026-08-09 04:33:56+00:00,2026-08-09 04:33:57+00:00,2026-08-09 04:48:57+00:00,,,CONTEXT_GEOMETRIC,crash:CONTEXT_GEOMETRIC:2026-08-09T04:30:00+00:00,-1,24917.571071428574,24919.692642857142,24924.99657142857,24908.024,21.215714285714057,24917.614,24955.22,completed,time,False,False,-0.8862770183826045,-0.9362770183826046,15.0
2026-08-09 18:00:00+00:00,2026-08-09 18:01:00+00:00,2026-08-09 18:15:00+00:00,2026-08-09 18:30:01+00:00,2026-08-09 18:05:18+00:00,2026-08-09 18:05:19+00:00,2026-08-09 18:20:19+00:00,,,CONTEXT_GEOMETRIC,crash:CONTEXT_GEOMETRIC:2026-08-09T18:00:00+00:00,-1,24928.087825,24931.162675,24938.8498,24914.251,30.748499999999954,24928.185,24965.516,completed,time,False,False,-0.6070377416784293,-0.6570377416784293,15.0
2026-08-10 15:00:00+00:00,2026-08-10 15:01:00+00:00,2026-08-10 15:15:00+00:00,2026-08-10 15:30:01+00:00,2026-08-10 15:04:51+00:00,2026-08-10 15:04:52+00:00,2026-08-10 15:19:52+00:00,,,CONTEXT_GEOMETRIC,crash:CONTEXT_GEOMETRIC:2026-08-10T15:00:00+00:00,-1,25145.09300357143,25147.73878214286,25154.353228571432,25133.187,26.45778571428595,25145.168,25150.958,completed,time,False,False,-0.10941958753696666,-0.15941958753696667,15.0
2026-08-10 15:30:00+00:00,2026-08-10 15:31:00+00:00,2026-08-10 15:45:00+00:00,2026-08-10 16:00:01+00:00,2026-08-10 15:35:04+00:00,2026-08-10 15:35:05+00:00,2026-08-10 15:50:05+00:00,,,CONTEXT_GEOMETRIC,crash:CONTEXT_GEOMETRIC:2026-08-10T15:30:00+00:00,-1,25163.995364285714,25166.908778571426,25174.192314285712,25150.885,29.13414285714316,25164.015,25201.829,completed,time,False,False,-0.6489636607024947,-0.6989636607024947,15.0
2026-08-10 19:00:00+00:00,2026-08-10 19:01:00+00:00,2026-08-10 19:15:00+00:00,2026-08-10 19:30:01+00:00,2026-08-10 19:03:29+00:00,2026-08-10 19:03:30+00:00,2026-08-10 19:18:30+00:00,,,CONTEXT_GEOMETRIC,crash:CONTEXT_GEOMETRIC:2026-08-10T19:00:00+00:00,-1,25170.957635714287,25173.04022142857,25178.246685714286,25161.586,20.825857142857526,25171.048,25063.261,completed,time,False,False,2.5878166564915452,2.5378166564915454,15.0
2026-08-12 00:00:00+00:00,2026-08-12 00:01:00+00:00,2026-08-12 00:15:00+00:00,2026-08-12 00:30:01+00:00,2026-08-12 00:03:28+00:00,2026-08-12 00:03:29+00:00,2026-08-12 00:18:29+00:00,,,CONTEXT_GEOMETRIC,crash:CONTEXT_GEOMETRIC:2026-08-12T00:00:00+00:00,-1,24999.642653571427,25001.576132142858,25006.409828571428,24990.942,19.334785714285836,24999.691,25037.205,completed,time,False,False,-0.9701167769417014,-1.0201167769417014,15.0
2026-08-12 02:30:00+00:00,2026-08-12 02:31:00+00:00,2026-08-12 02:45:00+00:00,2026-08-12 03:00:01+00:00,2026-08-12 02:33:40+00:00,2026-08-12 02:33:41+00:00,2026-08-12 02:48:41+00:00,,,CONTEXT_GEOMETRIC,crash:CONTEXT_GEOMETRIC:2026-08-12T02:30:00+00:00,-1,24981.825328571427,24983.99295714286,24989.41202857143,24972.071,21.67628571428551,24981.895,24964.583,completed,time,False,False,0.3993304071599416,0.3493304071599416,15.0
2026-08-12 03:30:00+00:00,2026-08-12 03:31:00+00:00,2026-08-12 03:45:00+00:00,2026-08-12 04:00:01+00:00,2026-08-12 03:35:11+00:00,2026-08-12 03:35:12+00:00,2026-08-12 03:50:12+00:00,,,CONTEXT_GEOMETRIC,crash:CONTEXT_GEOMETRIC:2026-08-12T03:30:00+00:00,-1,24932.15357857143,24934.917707142857,24941.828028571428,24919.715,27.641285714285914,24932.311,24906.629,completed,time,False,False,0.464558708763815,0.414558708763815,15.0
2026-08-12 04:30:00+00:00,2026-08-12 04:31:00+00:00,2026-08-12 04:45:00+00:00,2026-08-12 05:00:01+00:00,2026-08-12 04:34:39+00:00,2026-08-12 04:34:40+00:00,2026-08-12 04:49:40+00:00,,,CONTEXT_GEOMETRIC,crash:CONTEXT_GEOMETRIC:2026-08-12T04:30:00+00:00,-1,24868.248564285714,24870.65557857143,24876.673114285717,24857.417,24.070142857142596,24868.292,24811.757,completed,time,False,False,1.1743802339590936,1.1243802339590936,15.0
2026-08-12 05:30:00+00:00,2026-08-12 05:31:00+00:00,2026-08-12 05:45:00+00:00,2026-08-12 06:00:01+00:00,2026-08-12 05:33:18+00:00,2026-08-12 05:33:19+00:00,2026-08-12 05:48:19+00:00,,,CONTEXT_GEOMETRIC,crash:CONTEXT_GEOMETRIC:2026-08-12T05:30:00+00:00,-1,24849.24992857143,24851.18635714286,24856.02742857143,24840.536,19.36428571428561,24849.359,24780.745,completed,time,False,False,1.771663592770241,1.721663592770241,15.0
2026-08-12 06:30:00+00:00,2026-08-12 06:31:00+00:00,2026-08-12 06:45:00+00:00,2026-08-12 07:00:01+00:00,2026-08-12 06:34:55+00:00,2026-08-12 06:34:56+00:00,2026-08-12 06:49:56+00:00,,,CONTEXT_GEOMETRIC,crash:CONTEXT_GEOMETRIC:2026-08-12T06:30:00+00:00,-1,24814.638810714285,24816.934546428573,24822.67388571429,24804.308,22.95735714285703,24814.672,24814.871,completed,time,False,False,-0.0043341225813190104,-0.05433412258131901,15.0
2026-08-12 07:00:00+00:00,2026-08-12 07:01:00+00:00,2026-08-12 07:15:00+00:00,2026-08-12 07:30:01+00:00,2026-08-12 07:05:16+00:00,2026-08-12 07:05:17+00:00,2026-08-12 07:20:17+00:00,,,CONTEXT_GEOMETRIC,crash:CONTEXT_GEOMETRIC:2026-08-12T07:00:00+00:00,-1,24775.082467857144,24777.017460714287,24781.854942857146,24766.375,19.34992857142866,24775.233,24769.664,completed,time,False,False,0.143902339986476,0.093902339986476,15.0
2026-08-12 09:00:00+00:00,2026-08-12 09:01:00+00:00,2026-08-12 09:15:00+00:00,2026-08-12 09:30:01+00:00,2026-08-12 09:04:45+00:00,2026-08-12 09:04:46+00:00,2026-08-12 09:19:46+00:00,,,CONTEXT_GEOMETRIC,crash:CONTEXT_GEOMETRIC:2026-08-12T09:00:00+00:00,-1,24729.738210714284,24732.27714642857,24738.624485714285,24718.313,25.389357142856948,24729.844,24702.586,completed,time,False,False,0.5367997276699541,0.4867997276699541,15.0
2026-08-12 09:30:00+00:00,2026-08-12 09:31:00+00:00,2026-08-12 09:45:00+00:00,2026-08-12 10:00:01+00:00,2026-08-12 09:36:13+00:00,2026-08-12 09:36:14+00:00,2026-08-12 09:51:14+00:00,,,CONTEXT_GEOMETRIC,crash:CONTEXT_GEOMETRIC:2026-08-12T09:30:00+00:00,-1,24684.512782142858,24687.256289285717,24694.11505714286,24672.167,27.435071428571195,24684.634,24669.458,completed,time,False,False,0.27658028956678815,0.22658028956678816,15.0
2026-08-12 10:30:00+00:00,2026-08-12 10:31:00+00:00,2026-08-12 10:45:00+00:00,2026-08-12 11:00:01+00:00,2026-08-12 10:34:37+00:00,2026-08-12 10:34:38+00:00,2026-08-12 10:49:38+00:00,,,CONTEXT_GEOMETRIC,crash:CONTEXT_GEOMETRIC:2026-08-12T10:30:00+00:00,-1,24622.21745714286,24624.709114285713,24630.938257142858,24611.005,24.916571428571064,24622.253,24550.591,completed,time,False,False,1.4380389413815509,1.3880389413815508,15.0
2026-08-12 14:00:00+00:00,2026-08-12 14:01:00+00:00,2026-08-12 14:15:00+00:00,2026-08-12 14:30:01+00:00,2026-08-12 14:04:00+00:00,2026-08-12 14:04:01+00:00,2026-08-12 14:19:01+00:00,,,CONTEXT_GEOMETRIC,crash:CONTEXT_GEOMETRIC:2026-08-12T14:00:00+00:00,-1,24528.495574999997,24530.789924999997,24536.525799999996,24518.171,22.943500000000444,24528.538,24524.844,completed,time,False,False,0.0805021029921205,0.0305021029921205,15.0
2026-08-12 15:00:00+00:00,2026-08-12 15:01:00+00:00,2026-08-12 15:15:00+00:00,2026-08-12 15:30:01+00:00,2026-08-12 15:04:16+00:00,2026-08-12 15:04:17+00:00,2026-08-12 15:19:17+00:00,,,CONTEXT_GEOMETRIC,crash:CONTEXT_GEOMETRIC:2026-08-12T15:00:00+00:00,-1,24481.66453214286,24484.017539285716,24489.90005714286,24471.076,23.530071428571837,24481.726,24485.63,completed,time,False,False,-0.08295767422239449,-0.1329576742223945,15.0
2026-08-12 20:00:00+00:00,2026-08-12 20:01:00+00:00,2026-08-12 20:15:00+00:00,2026-08-12 20:30:01+00:00,2026-08-12 20:03:47+00:00,2026-08-12 20:03:48+00:00,2026-08-12 20:18:48+00:00,,,CONTEXT_GEOMETRIC,crash:CONTEXT_GEOMETRIC:2026-08-12T20:00:00+00:00,-1,24346.7606,24348.8374,24354.0294,24337.415,20.76800000000003,24346.834,24342.067,completed,time,False,False,0.11476791217256882,0.06476791217256882,15.0
2026-08-13 18:30:00+00:00,2026-08-13 18:31:00+00:00,2026-08-13 18:45:00+00:00,2026-08-13 19:00:01+00:00,2026-08-13 18:36:21+00:00,2026-08-13 18:36:22+00:00,2026-08-13 18:51:22+00:00,,,CONTEXT_GEOMETRIC,crash:CONTEXT_GEOMETRIC:2026-08-13T18:30:00+00:00,-1,24804.791360714287,24807.012996428573,24812.567085714287,24794.794,22.216357142857046,24804.909,24759.799,completed,time,False,False,1.015242951621892,0.9652429516218919,15.0
2026-08-13 22:00:00+00:00,2026-08-13 22:01:00+00:00,2026-08-13 22:15:00+00:00,2026-08-13 22:30:01+00:00,2026-08-13 22:03:37+00:00,2026-08-13 22:03:38+00:00,2026-08-13 22:18:38+00:00,,,CONTEXT_GEOMETRIC,crash:CONTEXT_GEOMETRIC:2026-08-13T22:00:00+00:00,-1,24765.360917857142,24767.304010714284,24772.16174285714,24756.617,19.43092857142879,24765.45,24770.387,completed,time,False,False,-0.12703973414985006,-0.17703973414985008,15.0
2026-08-15 10:30:00+00:00,2026-08-15 10:31:00+00:00,2026-08-15 10:45:00+00:00,2026-08-15 11:00:01+00:00,2026-08-15 10:35:37+00:00,2026-08-15 10:35:38+00:00,2026-08-15 10:50:38+00:00,,,CONTEXT_GEOMETRIC,crash:CONTEXT_GEOMETRIC:2026-08-15T10:30:00+00:00,-1,24537.974235714286,24540.77562142857,24547.779085714283,24525.368,28.013857142856846,24538.017,24571.237,completed,time,False,False,-0.5929208503954946,-0.6429208503954946,15.0
2026-08-15 11:00:00+00:00,2026-08-15 11:01:00+00:00,2026-08-15 11:15:00+00:00,2026-08-15 11:30:01+00:00,2026-08-15 11:13:13+00:00,2026-08-15 11:13:14+00:00,2026-08-15 11:28:14+00:00,,,CONTEXT_GEOMETRIC,crash:CONTEXT_GEOMETRIC:2026-08-15T11:00:00+00:00,-1,24590.661414285714,24592.97572857143,24598.761514285714,24580.247,23.143142857142916,24590.757,24620.667,completed,time,False,False,-0.6461957259786868,-0.6961957259786868,15.0
2026-08-15 11:30:00+00:00,2026-08-15 11:31:00+00:00,2026-08-15 11:45:00+00:00,2026-08-15 12:00:01+00:00,2026-08-15 11:33:06+00:00,2026-08-15 11:33:07+00:00,2026-08-15 11:48:07+00:00,,,CONTEXT_GEOMETRIC,crash:CONTEXT_GEOMETRIC:2026-08-15T11:30:00+00:00,-1,24614.967839285717,24616.62580357143,24620.770714285718,24607.507,16.57964285714349,24615.034,24551.244,completed,time,False,False,1.923744695517261,1.873744695517261,15.0
2026-08-15 15:30:00+00:00,2026-08-15 15:31:00+00:00,2026-08-15 15:45:00+00:00,2026-08-15 16:00:01+00:00,2026-08-15 15:34:30+00:00,2026-08-15 15:34:31+00:00,2026-08-15 15:49:31+00:00,,,CONTEXT_GEOMETRIC,crash:CONTEXT_GEOMETRIC:2026-08-15T15:30:00+00:00,-1,24279.10169642857,24281.506517857142,24287.51857142857,24268.28,24.048214285714234,24279.161,24248.07,completed,time,False,False,0.6464305338976845,0.5964305338976844,15.0
2026-08-15 16:00:00+00:00,2026-08-15 16:01:00+00:00,2026-08-15 16:15:00+00:00,2026-08-15 16:30:01+00:00,2026-08-15 16:04:45+00:00,2026-08-15 16:04:46+00:00,2026-08-15 16:19:46+00:00,,,CONTEXT_GEOMETRIC,crash:CONTEXT_GEOMETRIC:2026-08-15T16:00:00+00:00,-1,24198.766660714286,24201.349696428573,24207.807285714287,24187.143,25.8303571428574,24198.813,24206.809,completed,time,False,False,-0.15477912201871885,-0.20477912201871884,15.0
2026-08-15 16:30:00+00:00,2026-08-15 16:31:00+00:00,2026-08-15 16:45:00+00:00,2026-08-15 17:00:01+00:00,2026-08-15 16:34:58+00:00,2026-08-15 16:34:59+00:00,2026-08-15 16:49:59+00:00,,,CONTEXT_GEOMETRIC,crash:CONTEXT_GEOMETRIC:2026-08-15T16:30:00+00:00,-1,24223.237464285714,24225.84067857143,24232.348714285716,24211.523,26.032142857142908,24223.262,24162.155,completed,time,False,False,1.1736836328714473,1.1236836328714472,15.0
2026-08-16 01:00:00+00:00,2026-08-16 01:01:00+00:00,2026-08-16 01:15:00+00:00,2026-08-16 01:30:01+00:00,2026-08-16 01:03:22+00:00,2026-08-16 01:03:23+00:00,2026-08-16 01:18:23+00:00,,,CONTEXT_GEOMETRIC,crash:CONTEXT_GEOMETRIC:2026-08-16T01:00:00+00:00,-1,24343.54107857143,24345.41820714286,24350.11102857143,24335.094,18.77128571428589,24343.558,24348.136,completed,time,False,False,-0.12194156728735989,-0.17194156728735988,15.0
2026-08-16 02:30:00+00:00,2026-08-16 02:31:00+00:00,2026-08-16 02:45:00+00:00,2026-08-16 03:00:01+00:00,2026-08-16 02:33:57+00:00,2026-08-16 02:33:58+00:00,2026-08-16 02:48:58+00:00,,,CONTEXT_GEOMETRIC,crash:CONTEXT_GEOMETRIC:2026-08-16T02:30:00+00:00,-1,24281.2319,24283.4901,24289.135599999998,24271.07,22.581999999999816,24281.376,24319.055,completed,time,False,False,-0.8342706580462402,-0.8842706580462403,15.0
2026-08-17 05:00:00+00:00,2026-08-17 05:01:00+00:00,2026-08-17 05:15:00+00:00,2026-08-17 05:30:01+00:00,2026-08-17 05:05:10+00:00,2026-08-17 05:05:11+00:00,2026-08-17 05:20:11+00:00,,,CONTEXT_GEOMETRIC,crash:CONTEXT_GEOMETRIC:2026-08-17T05:00:00+00:00,-1,24609.909885714285,24612.15097142857,24617.753685714284,24599.825,22.410857142857953,24609.963,24484.014,completed,time,False,False,2.809999617532229,2.759999617532229,15.0
2026-08-17 05:30:00+00:00,2026-08-17 05:31:00+00:00,2026-08-17 05:45:00+00:00,2026-08-17 06:00:01+00:00,2026-08-17 05:36:26+00:00,2026-08-17 05:36:27+00:00,2026-08-17 05:51:27+00:00,,,CONTEXT_GEOMETRIC,crash:CONTEXT_GEOMETRIC:2026-08-17T05:30:00+00:00,-1,24472.12840357143,24475.477382142857,24483.849828571427,24457.058,33.48978571428571,24472.19,24480.151,completed,time,False,False,-0.11885713554457071,-0.1688571355445707,15.0
2026-08-17 10:00:00+00:00,2026-08-17 10:01:00+00:00,2026-08-17 10:15:00+00:00,2026-08-17 10:30:01+00:00,2026-08-17 10:03:34+00:00,2026-08-17 10:03:35+00:00,2026-08-17 10:18:35+00:00,,,CONTEXT_GEOMETRIC,crash:CONTEXT_GEOMETRIC:2026-08-17T10:00:00+00:00,-1,24500.43311428571,24502.396028571427,24507.303314285713,24491.6,19.6291428571437,24500.502,24537.668,completed,time,False,False,-0.9467046083083329,-0.996704608308333,15.0
2026-08-18 12:30:00+00:00,2026-08-18 12:31:00+00:00,2026-08-18 12:45:00+00:00,2026-08-18 13:00:01+00:00,2026-08-18 12:40:46+00:00,2026-08-18 12:40:47+00:00,2026-08-18 12:55:47+00:00,,,CONTEXT_GEOMETRIC,crash:CONTEXT_GEOMETRIC:2026-08-18T12:30:00+00:00,-1,24605.329489285712,24607.261153571428,24612.090314285713,24596.637,19.31664285714266,24605.348,24567.014,completed,time,False,False,0.9922531643698094,0.9422531643698093,15.0
2026-08-18 13:00:00+00:00,2026-08-18 13:01:00+00:00,2026-08-18 13:15:00+00:00,2026-08-18 13:30:01+00:00,2026-08-18 13:03:17+00:00,2026-08-18 13:03:18+00:00,2026-08-18 13:18:18+00:00,,,CONTEXT_GEOMETRIC,crash:CONTEXT_GEOMETRIC:2026-08-18T13:00:00+00:00,-1,24586.197975,24588.029524999998,24592.608399999997,24577.956,18.315499999999833,24586.272,24610.377,completed,time,False,False,-0.6580491933062101,-0.7080491933062102,15.0
2026-08-19 04:30:00+00:00,2026-08-19 04:31:00+00:00,2026-08-19 04:45:00+00:00,2026-08-19 05:00:01+00:00,2026-08-19 04:41:54+00:00,2026-08-19 04:41:55+00:00,2026-08-19 04:56:55+00:00,,,CONTEXT_GEOMETRIC,crash:CONTEXT_GEOMETRIC:2026-08-19T04:30:00+00:00,-1,24687.12815714286,24689.446414285714,24695.242057142856,24676.696,23.182571428571983,24687.166,24697.874,completed,time,False,False,-0.2309493585082058,-0.2809493585082058,15.0
2026-08-19 08:00:00+00:00,2026-08-19 08:01:00+00:00,2026-08-19 08:15:00+00:00,2026-08-19 08:30:01+00:00,2026-08-19 08:05:11+00:00,2026-08-19 08:05:12+00:00,2026-08-19 08:20:12+00:00,,,CONTEXT_GEOMETRIC,crash:CONTEXT_GEOMETRIC:2026-08-19T08:00:00+00:00,-1,24528.330621428573,24531.204092857144,24538.387771428574,24515.4,28.73471428571455,24528.349,24505.011,completed,time,False,False,0.4060941718081083,0.3560941718081083,15.0
2026-08-19 10:30:00+00:00,2026-08-19 10:31:00+00:00,2026-08-19 10:45:00+00:00,2026-08-19 11:00:01+00:00,2026-08-19 10:34:00+00:00,2026-08-19 10:34:01+00:00,2026-08-19 10:49:01+00:00,,,CONTEXT_GEOMETRIC,crash:CONTEXT_GEOMETRIC:2026-08-19T10:30:00+00:00,-1,24462.374689285716,24464.469953571428,24469.708114285713,24452.946,20.952642857143342,24462.474,24407.206,completed,time,False,False,1.3188789685583178,1.2688789685583177,15.0
2026-08-19 12:00:00+00:00,2026-08-19 12:01:00+00:00,2026-08-19 12:15:00+00:00,2026-08-19 12:30:01+00:00,2026-08-19 12:05:39+00:00,2026-08-19 12:05:40+00:00,2026-08-19 12:20:40+00:00,,,CONTEXT_GEOMETRIC,crash:CONTEXT_GEOMETRIC:2026-08-19T12:00:00+00:00,-1,24234.323107142856,24237.268464285713,24244.631857142856,24221.069,29.453571428571326,24234.403,24239.236,completed,time,False,False,-0.08204437977450374,-0.13204437977450373,15.0
2026-08-19 15:30:00+00:00,2026-08-19 15:31:00+00:00,2026-08-19 15:45:00+00:00,2026-08-19 16:00:01+00:00,2026-08-19 15:32:51+00:00,2026-08-19 15:32:52+00:00,2026-08-19 15:47:52+00:00,,,CONTEXT_GEOMETRIC,crash:CONTEXT_GEOMETRIC:2026-08-19T15:30:00+00:00,-1,24313.924160714287,24315.482196428573,24319.377285714287,24306.913,15.580357142857403,24313.962,24336.311,completed,time,False,False,-0.7172171919771289,-0.7672171919771289,15.0
2026-08-21 07:00:00+00:00,2026-08-21 07:01:00+00:00,2026-08-21 07:15:00+00:00,2026-08-21 07:30:01+00:00,2026-08-21 07:03:34+00:00,2026-08-21 07:03:35+00:00,2026-08-21 07:18:35+00:00,,,CONTEXT_GEOMETRIC,crash:CONTEXT_GEOMETRIC:2026-08-21T07:00:00+00:00,-1,24742.257035714287,24744.288821428574,24749.36828571429,24733.114,20.317857142856933,24742.308,24733.157,completed,time,False,False,0.2251959922658192,0.17519599226581922,15.0
2026-08-21 09:00:00+00:00,2026-08-21 09:01:00+00:00,2026-08-21 09:15:00+00:00,2026-08-21 09:30:01+00:00,2026-08-21 09:05:09+00:00,2026-08-21 09:05:10+00:00,2026-08-21 09:20:10+00:00,,,CONTEXT_GEOMETRIC,crash:CONTEXT_GEOMETRIC:2026-08-21T09:00:00+00:00,-1,24537.67845357143,24540.35633214286,24547.05102857143,24525.628,26.778785714286123,24537.748,24574.39,completed,time,False,False,-0.6841609696374659,-0.7341609696374659,15.0
2026-08-22 12:00:00+00:00,2026-08-22 12:01:00+00:00,2026-08-22 12:15:00+00:00,2026-08-22 12:30:01+00:00,2026-08-22 12:10:03+00:00,2026-08-22 12:10:04+00:00,2026-08-22 12:25:04+00:00,,,CONTEXT_GEOMETRIC,crash:CONTEXT_GEOMETRIC:2026-08-22T12:00:00+00:00,-1,24336.83617142857,24339.483542857142,24346.101971428572,24324.923,26.47371428571361,24336.902,24170.401,completed,time,False,False,3.1446475209911875,3.0946475209911877,15.0
2026-08-22 14:00:00+00:00,2026-08-22 14:01:00+00:00,2026-08-22 14:15:00+00:00,2026-08-22 14:30:01+00:00,2026-08-22 14:04:12+00:00,2026-08-22 14:04:13+00:00,2026-08-22 14:19:13+00:00,,,CONTEXT_GEOMETRIC,crash:CONTEXT_GEOMETRIC:2026-08-22T14:00:00+00:00,-1,24120.457514285714,24122.70762857143,24128.332914285715,24110.332,22.50114285714283,24120.494,24111.842,completed,time,False,False,0.19225690123672334,0.14225690123672335,15.0
2026-08-22 18:30:00+00:00,2026-08-22 18:31:00+00:00,2026-08-22 18:45:00+00:00,2026-08-22 19:00:01+00:00,2026-08-22 18:34:02+00:00,2026-08-22 18:34:03+00:00,2026-08-22 18:49:03+00:00,,,CONTEXT_GEOMETRIC,crash:CONTEXT_GEOMETRIC:2026-08-22T18:30:00+00:00,-1,24171.89820357143,24174.033582142856,24179.372028571426,24162.289,21.35378571428503,24171.923,24168.871,completed,time,False,False,0.0714627382899601,0.021462738289960093,15.0
2026-08-24 08:00:00+00:00,2026-08-24 08:01:00+00:00,2026-08-24 08:15:00+00:00,2026-08-24 08:30:01+00:00,2026-08-24 08:04:46+00:00,2026-08-24 08:04:47+00:00,2026-08-24 08:19:47+00:00,,,CONTEXT_GEOMETRIC,crash:CONTEXT_GEOMETRIC:2026-08-24T08:00:00+00:00,-1,24066.697507142857,24069.232064285716,24075.568457142857,24055.292,25.34557142857167,24066.825,24099.087,completed,time,False,False,-0.6364425456123344,-0.6864425456123344,15.0
2026-08-24 08:30:00+00:00,2026-08-24 08:31:00+00:00,2026-08-24 08:45:00+00:00,2026-08-24 09:00:01+00:00,2026-08-24 08:35:40+00:00,2026-08-24 08:35:41+00:00,2026-08-24 08:50:41+00:00,,,CONTEXT_GEOMETRIC,crash:CONTEXT_GEOMETRIC:2026-08-24T08:30:00+00:00,-1,24067.69233214286,24070.277739285713,24076.741257142858,24056.058,25.854071428571324,24067.769,24060.204,completed,time,False,False,0.14630190879024593,0.09630190879024593,15.0
2026-08-24 13:00:00+00:00,2026-08-24 13:01:00+00:00,2026-08-24 13:15:00+00:00,2026-08-24 13:30:01+00:00,2026-08-24 13:03:45+00:00,2026-08-24 13:03:46+00:00,2026-08-24 13:18:46+00:00,,,CONTEXT_GEOMETRIC,crash:CONTEXT_GEOMETRIC:2026-08-24T13:00:00+00:00,-1,23860.096489285716,23862.138153571428,23867.242314285715,23850.909,20.416642857142765,23860.19,23811.248,completed,time,False,False,1.198580989598805,1.148580989598805,15.0
2026-08-24 13:30:00+00:00,2026-08-24 13:31:00+00:00,2026-08-24 13:45:00+00:00,2026-08-24 14:00:01+00:00,2026-08-24 13:33:40+00:00,2026-08-24 13:33:41+00:00,2026-08-24 13:48:41+00:00,,,CONTEXT_GEOMETRIC,crash:CONTEXT_GEOMETRIC:2026-08-24T13:30:00+00:00,-1,23823.136632142858,23825.211439285715,23830.39845714286,23813.8,20.748071428571297,23823.191,23859.562,completed,time,False,False,-0.87649110244333,-0.92649110244333,15.0
2026-08-24 15:00:00+00:00,2026-08-24 15:01:00+00:00,2026-08-24 15:15:00+00:00,2026-08-24 15:30:01+00:00,2026-08-24 15:03:41+00:00,2026-08-24 15:03:42+00:00,2026-08-24 15:18:42+00:00,,,CONTEXT_GEOMETRIC,crash:CONTEXT_GEOMETRIC:2026-08-24T15:00:00+00:00,-1,23854.71795,23856.64905,23861.4768,23846.028,19.311000000000472,23854.748,23872.757,completed,time,False,False,-0.46628864377819357,-0.5162886437781936,15.0
2026-08-24 16:30:00+00:00,2026-08-24 16:31:00+00:00,2026-08-24 16:45:00+00:00,2026-08-24 17:00:01+00:00,2026-08-24 16:34:15+00:00,2026-08-24 16:34:16+00:00,2026-08-24 16:49:16+00:00,,,CONTEXT_GEOMETRIC,crash:CONTEXT_GEOMETRIC:2026-08-24T16:30:00+00:00,-1,23807.06268214286,23809.246389285716,23814.70565714286,23797.236,21.837071428571498,23807.168,23841.806,completed,time,False,False,-0.7931008540522254,-0.8431008540522255,15.0
2026-08-25 06:00:00+00:00,2026-08-25 06:01:00+00:00,2026-08-25 06:15:00+00:00,2026-08-25 06:30:01+00:00,2026-08-25 06:03:55+00:00,2026-08-25 06:03:56+00:00,2026-08-25 06:18:56+00:00,,,CONTEXT_GEOMETRIC,crash:CONTEXT_GEOMETRIC:2026-08-25T06:00:00+00:00,-1,23819.377246428572,23821.519967857144,23826.87677142857,23809.735,21.427214285714008,23819.52,23854.493,completed,time,False,False,-0.816088352262277,-0.8660883522622771,15.0
2026-08-25 21:30:00+00:00,2026-08-25 21:31:00+00:00,2026-08-25 21:45:00+00:00,2026-08-25 22:00:01+00:00,2026-08-25 21:35:08+00:00,2026-08-25 21:35:09+00:00,2026-08-25 21:50:09+00:00,,,CONTEXT_GEOMETRIC,crash:CONTEXT_GEOMETRIC:2026-08-25T21:30:00+00:00,-1,23746.19559285714,23748.978835714282,23755.93694285714,23733.671,27.832428571428732,23746.212,23757.194,completed,time,False,False,-0.1972878502466274,-0.24728785024662742,15.0
2026-08-26 01:30:00+00:00,2026-08-26 01:31:00+00:00,2026-08-26 01:45:00+00:00,2026-08-26 02:00:01+00:00,2026-08-26 01:33:27+00:00,2026-08-26 01:33:28+00:00,2026-08-26 01:48:28+00:00,,,CONTEXT_GEOMETRIC,crash:CONTEXT_GEOMETRIC:2026-08-26T01:30:00+00:00,-1,23836.667032142854,23838.333039285713,23842.498057142857,23829.17,16.66007142857156,23836.73,23798.339,completed,time,False,False,1.152185936434826,1.1021859364348259,15.0
2026-08-26 03:00:00+00:00,2026-08-26 03:01:00+00:00,2026-08-26 03:15:00+00:00,2026-08-26 03:30:01+00:00,2026-08-26 03:04:12+00:00,2026-08-26 03:04:13+00:00,2026-08-26 03:19:13+00:00,,,CONTEXT_GEOMETRIC,crash:CONTEXT_GEOMETRIC:2026-08-26T03:00:00+00:00,-1,23689.89682857143,23692.155457142857,23697.802028571426,23679.733,22.586285714285363,23689.935,23715.346,completed,time,False,False,-0.562531624753337,-0.612531624753337,15.0
2026-08-26 03:30:00+00:00,2026-08-26 03:31:00+00:00,2026-08-26 03:45:00+00:00,2026-08-26 04:00:01+00:00,2026-08-26 03:33:50+00:00,2026-08-26 03:33:51+00:00,2026-08-26 03:48:51+00:00,,,CONTEXT_GEOMETRIC,crash:CONTEXT_GEOMETRIC:2026-08-26T03:30:00+00:00,-1,23698.232335714285,23700.25352142857,23705.306485714285,23689.137,20.21185714285743,23698.321,23665.265,completed,time,False,False,0.8177378200914605,0.7677378200914604,15.0
2026-08-26 05:00:00+00:00,2026-08-26 05:01:00+00:00,2026-08-26 05:15:00+00:00,2026-08-26 05:30:01+00:00,2026-08-26 05:07:00+00:00,2026-08-26 05:07:01+00:00,2026-08-26 05:22:01+00:00,,,CONTEXT_GEOMETRIC,crash:CONTEXT_GEOMETRIC:2026-08-26T05:00:00+00:00,-1,23676.87625,23678.67475,23683.171,23668.783,17.985000000000323,23676.887,23676.161,completed,time,False,False,0.020183486238496955,-0.029816513761503047,15.0
2026-08-26 06:00:00+00:00,2026-08-26 06:01:00+00:00,2026-08-26 06:15:00+00:00,2026-08-26 06:30:01+00:00,2026-08-26 06:03:36+00:00,2026-08-26 06:03:37+00:00,2026-08-26 06:18:37+00:00,,,CONTEXT_GEOMETRIC,crash:CONTEXT_GEOMETRIC:2026-08-26T06:00:00+00:00,-1,23629.44557857143,23631.435707142857,23636.411028571427,23620.49,19.901285714284832,23629.51,23665.013,completed,time,False,False,-0.8919775463179526,-0.9419775463179526,15.0
2026-08-26 14:00:00+00:00,2026-08-26 14:01:00+00:00,2026-08-26 14:15:00+00:00,2026-08-26 14:30:01+00:00,2026-08-26 14:04:10+00:00,2026-08-26 14:04:11+00:00,2026-08-26 14:19:11+00:00,,,CONTEXT_GEOMETRIC,crash:CONTEXT_GEOMETRIC:2026-08-26T14:00:00+00:00,-1,23817.246110714288,23819.44324642857,23824.936085714286,23807.359,21.971357142858064,23817.3,23772.568,completed,time,False,False,1.0179616968845369,0.9679616968845368,15.0
2026-08-26 15:30:00+00:00,2026-08-26 15:31:00+00:00,2026-08-26 15:45:00+00:00,2026-08-26 16:00:01+00:00,2026-08-26 15:35:14+00:00,2026-08-26 15:35:15+00:00,2026-08-26 15:50:15+00:00,,,CONTEXT_GEOMETRIC,crash:CONTEXT_GEOMETRIC:2026-08-26T15:30:00+00:00,-1,23759.45185,23761.52715,23766.7154,23750.113,20.75299999999957,23759.537,23719.976,completed,time,False,False,0.9531393051607558,0.9031393051607558,15.0
2026-08-26 16:30:00+00:00,2026-08-26 16:31:00+00:00,2026-08-26 16:45:00+00:00,2026-08-26 17:00:01+00:00,2026-08-26 16:33:36+00:00,2026-08-26 16:33:37+00:00,2026-08-26 16:48:37+00:00,,,CONTEXT_GEOMETRIC,crash:CONTEXT_GEOMETRIC:2026-08-26T16:30:00+00:00,-1,23729.66797857143,23731.725307142857,23736.86862857143,23720.41,20.57328571428557,23729.801,23622.51,completed,time,False,False,2.6075319589204193,2.5575319589204195,15.0
2026-08-26 17:00:00+00:00,2026-08-26 17:01:00+00:00,2026-08-26 17:15:00+00:00,2026-08-26 17:30:01+00:00,2026-08-26 17:04:28+00:00,2026-08-26 17:04:29+00:00,2026-08-26 17:19:29+00:00,,,CONTEXT_GEOMETRIC,crash:CONTEXT_GEOMETRIC:2026-08-26T17:00:00+00:00,-1,23593.006089285715,23595.63255357143,23602.198714285718,23581.187,26.26464285714272,23593.084,23572.129,completed,time,False,False,0.3989203301559335,0.3489203301559335,15.0
2026-08-26 18:00:00+00:00,2026-08-26 18:01:00+00:00,2026-08-26 18:15:00+00:00,2026-08-26 18:30:01+00:00,2026-08-26 18:04:24+00:00,2026-08-26 18:04:25+00:00,2026-08-26 18:19:25+00:00,,,CONTEXT_GEOMETRIC,crash:CONTEXT_GEOMETRIC:2026-08-26T18:00:00+00:00,-1,23530.76449642857,23533.193717857142,23539.26677142857,23519.833,24.29221428571405,23530.836,23500.753,completed,time,False,False,0.6191901579282989,0.5691901579282989,15.0
2026-08-27 05:00:00+00:00,2026-08-27 05:01:00+00:00,2026-08-27 05:15:00+00:00,2026-08-27 05:30:01+00:00,2026-08-27 05:11:49+00:00,2026-08-27 05:11:50+00:00,2026-08-27 05:26:50+00:00,,,CONTEXT_GEOMETRIC,crash:CONTEXT_GEOMETRIC:2026-08-27T05:00:00+00:00,-1,23174.650928571427,23177.117357142855,23183.283428571427,23163.552,24.66428571428592,23174.702,23171.461,completed,time,False,False,0.06570228786566013,0.015702287865660122,15.0
2026-08-27 06:00:00+00:00,2026-08-27 06:01:00+00:00,2026-08-27 06:15:00+00:00,2026-08-27 06:30:01+00:00,2026-08-27 06:04:09+00:00,2026-08-27 06:04:10+00:00,2026-08-27 06:19:10+00:00,,,CONTEXT_GEOMETRIC,crash:CONTEXT_GEOMETRIC:2026-08-27T06:00:00+00:00,-1,23166.028714285716,23167.87442857143,23172.488714285715,23157.723,18.457142857142962,23166.067,23200.728,completed,time,False,False,-0.9389589783281697,-0.9889589783281697,15.0
2026-08-27 10:30:00+00:00,2026-08-27 10:31:00+00:00,2026-08-27 10:45:00+00:00,2026-08-27 11:00:01+00:00,2026-08-27 10:34:59+00:00,2026-08-27 10:35:00+00:00,2026-08-27 10:50:00+00:00,,,CONTEXT_GEOMETRIC,crash:CONTEXT_GEOMETRIC:2026-08-27T10:30:00+00:00,-1,23094.23602142857,23096.166692857143,23100.993371428573,23085.548,19.306714285714147,23094.262,23089.699,completed,time,False,False,0.11817132455766022,0.06817132455766022,15.0
2026-08-27 11:00:00+00:00,2026-08-27 11:01:00+00:00,2026-08-27 11:15:00+00:00,2026-08-27 11:30:01+00:00,2026-08-27 11:03:41+00:00,2026-08-27 11:03:42+00:00,2026-08-27 11:18:42+00:00,,,CONTEXT_GEOMETRIC,crash:CONTEXT_GEOMETRIC:2026-08-27T11:00:00+00:00,-1,23074.472010714286,23076.413346428573,23081.266685714287,23065.736,19.41335714285742,23074.49,23096.869,completed,time,False,False,-0.5763815046340627,-0.6263815046340627,15.0
2026-08-27 12:00:00+00:00,2026-08-27 12:01:00+00:00,2026-08-27 12:15:00+00:00,2026-08-27 12:30:01+00:00,2026-08-27 12:05:26+00:00,2026-08-27 12:05:27+00:00,2026-08-27 12:20:27+00:00,,,CONTEXT_GEOMETRIC,crash:CONTEXT_GEOMETRIC:2026-08-27T12:00:00+00:00,-1,22945.021121428574,22947.679592857145,22954.325771428572,22933.058,26.584714285714394,22945.113,22962.483,completed,time,False,False,-0.32669149296317535,-0.37669149296317533,15.0
2026-08-27 15:00:00+00:00,2026-08-27 15:01:00+00:00,2026-08-27 15:15:00+00:00,2026-08-27 15:30:01+00:00,2026-08-27 15:03:39+00:00,2026-08-27 15:03:40+00:00,2026-08-27 15:18:40+00:00,,,CONTEXT_GEOMETRIC,crash:CONTEXT_GEOMETRIC:2026-08-27T15:00:00+00:00,-1,22978.57274285714,22980.574685714284,22985.57954285714,22969.564,20.01942857142811,22978.621,22933.118,completed,time,False,False,1.1364709996004296,1.0864709996004296,15.0
2026-08-27 15:30:00+00:00,2026-08-27 15:31:00+00:00,2026-08-27 15:45:00+00:00,2026-08-27 16:00:01+00:00,2026-08-27 15:39:18+00:00,2026-08-27 15:39:19+00:00,2026-08-27 15:54:19+00:00,,,CONTEXT_GEOMETRIC,crash:CONTEXT_GEOMETRIC:2026-08-27T15:30:00+00:00,-1,22934.98390357143,22937.541882142858,22943.93682857143,22923.473,25.57978571428534,22935.004,22949.108,completed,time,False,False,-0.2756864376725957,-0.3256864376725957,15.0
2026-08-27 22:00:00+00:00,2026-08-27 22:01:00+00:00,2026-08-27 22:15:00+00:00,2026-08-27 22:30:01+00:00,2026-08-27 22:03:54+00:00,2026-08-27 22:03:55+00:00,2026-08-27 22:18:55+00:00,,,CONTEXT_GEOMETRIC,crash:CONTEXT_GEOMETRIC:2026-08-27T22:00:00+00:00,-1,22932.85264642857,22934.914567857144,22940.069371428574,22923.574,20.619214285714147,22932.94,22967.61,completed,time,False,False,-0.8407206870152835,-0.8907206870152835,15.0
2026-08-28 08:00:00+00:00,2026-08-28 08:01:00+00:00,2026-08-28 08:15:00+00:00,2026-08-28 08:30:01+00:00,2026-08-28 08:04:02+00:00,2026-08-28 08:04:03+00:00,2026-08-28 08:19:03+00:00,,,CONTEXT_GEOMETRIC,crash:CONTEXT_GEOMETRIC:2026-08-28T08:00:00+00:00,-1,22889.40962142857,22891.38709285714,22896.33077142857,22880.511,19.774714285714385,22889.449,22886.877,completed,time,False,False,0.06503254516951924,0.01503254516951924,15.0
2026-08-28 10:00:00+00:00,2026-08-28 10:01:00+00:00,2026-08-28 10:15:00+00:00,2026-08-28 10:30:01+00:00,2026-08-28 10:06:13+00:00,2026-08-28 10:06:14+00:00,2026-08-28 10:21:14+00:00,,,CONTEXT_GEOMETRIC,crash:CONTEXT_GEOMETRIC:2026-08-28T10:00:00+00:00,-1,22713.279957142855,22716.438614285715,22724.33525714286,22699.066,31.586571428571396,22713.397,22726.491,completed,time,False,False,-0.2072716253742703,-0.2572716253742703,15.0
2026-08-28 20:00:00+00:00,2026-08-28 20:01:00+00:00,2026-08-28 20:15:00+00:00,2026-08-28 20:30:01+00:00,2026-08-28 20:06:30+00:00,2026-08-28 20:06:31+00:00,2026-08-28 20:21:31+00:00,,,CONTEXT_GEOMETRIC,crash:CONTEXT_GEOMETRIC:2026-08-28T20:00:00+00:00,-1,22521.18090357143,22524.33488214286,22532.21982857143,22506.988,31.539785714286023,22521.299,22515.161,completed,time,False,False,0.09730567061555508,0.04730567061555507,15.0
2026-08-29 20:00:00+00:00,2026-08-29 20:01:00+00:00,2026-08-29 20:15:00+00:00,2026-08-29 20:30:01+00:00,2026-08-29 20:05:09+00:00,2026-08-29 20:05:10+00:00,2026-08-29 20:20:10+00:00,,,CONTEXT_GEOMETRIC,crash:CONTEXT_GEOMETRIC:2026-08-29T20:00:00+00:00,-1,22897.686585714288,22899.90227142857,22905.441485714284,22887.716,22.156857142857138,22897.862,22869.868,completed,time,False,False,0.6317231685773412,0.5817231685773412,15.0
2026-08-30 10:00:00+00:00,2026-08-30 10:01:00+00:00,2026-08-30 10:15:00+00:00,2026-08-30 10:30:01+00:00,2026-08-30 10:03:47+00:00,2026-08-30 10:03:48+00:00,2026-08-30 10:18:48+00:00,,,CONTEXT_GEOMETRIC,crash:CONTEXT_GEOMETRIC:2026-08-30T10:00:00+00:00,-1,23083.03869642857,23084.89751785714,23089.54457142857,23074.674,18.588214285714066,23083.098,23063.884,completed,time,False,False,0.5168328626050556,0.4668328626050556,15.0
2026-08-30 10:30:00+00:00,2026-08-30 10:31:00+00:00,2026-08-30 10:45:00+00:00,2026-08-30 11:00:01+00:00,2026-08-30 10:33:39+00:00,2026-08-30 10:33:40+00:00,2026-08-30 10:48:40+00:00,,,CONTEXT_GEOMETRIC,crash:CONTEXT_GEOMETRIC:2026-08-30T10:30:00+00:00,-1,23013.342842857142,23015.314585714288,23020.243942857145,23004.47,19.717428571428172,23013.457,23048.181,completed,time,False,False,-0.8805407833534464,-0.9305407833534465,15.0
2026-08-30 16:00:00+00:00,2026-08-30 16:01:00+00:00,2026-08-30 16:15:00+00:00,2026-08-30 16:30:01+00:00,2026-08-30 16:04:24+00:00,2026-08-30 16:04:25+00:00,2026-08-30 16:19:25+00:00,,,CONTEXT_GEOMETRIC,crash:CONTEXT_GEOMETRIC:2026-08-30T16:00:00+00:00,-1,22825.733214285712,22827.845928571427,22833.127714285714,22816.226,21.127142857143035,22825.812,22859.259,completed,time,False,False,-0.7915646764486218,-0.8415646764486219,15.0
2026-08-30 16:30:00+00:00,2026-08-30 16:31:00+00:00,2026-08-30 16:45:00+00:00,2026-08-30 17:00:01+00:00,2026-08-30 16:33:40+00:00,2026-08-30 16:33:41+00:00,2026-08-30 16:48:41+00:00,,,CONTEXT_GEOMETRIC,crash:CONTEXT_GEOMETRIC:2026-08-30T16:30:00+00:00,-1,22836.11417857143,22837.987107142857,22842.66942857143,22827.686,18.72928571428591,22836.182,22849.538,completed,time,False,False,-0.3565539071736295,-0.4065539071736295,15.0
2026-08-31 14:00:00+00:00,2026-08-31 14:01:00+00:00,2026-08-31 14:15:00+00:00,2026-08-31 14:30:01+00:00,2026-08-31 14:13:12+00:00,2026-08-31 14:13:13+00:00,2026-08-31 14:28:13+00:00,,,CONTEXT_GEOMETRIC,crash:CONTEXT_GEOMETRIC:2026-08-31T14:00:00+00:00,-1,22678.213692857145,22680.648735714287,22686.736342857144,22667.256,24.350428571428502,22678.264,22712.265,completed,time,False,False,-0.6981601966524559,-0.7481601966524559,15.0
2026-09-01 04:00:00+00:00,2026-09-01 04:01:00+00:00,2026-09-01 04:15:00+00:00,2026-09-01 04:30:01+00:00,2026-09-01 04:12:06+00:00,2026-09-01 04:12:07+00:00,2026-09-01 04:27:07+00:00,,,CONTEXT_GEOMETRIC,crash:CONTEXT_GEOMETRIC:2026-09-01T04:00:00+00:00,-1,22796.285328571426,22798.314957142855,22803.389028571426,22787.152,20.29628571428605,22796.353,22783.329,completed,time,False,False,0.3208468826104065,0.2708468826104065,15.0
2026-09-01 13:30:00+00:00,2026-09-01 13:31:00+00:00,2026-09-01 13:45:00+00:00,2026-09-01 14:00:01+00:00,2026-09-01 13:34:15+00:00,2026-09-01 13:34:16+00:00,2026-09-01 13:49:16+00:00,,,CONTEXT_GEOMETRIC,crash:CONTEXT_GEOMETRIC:2026-09-01T13:30:00+00:00,-1,22656.969275000003,22659.024225,22664.1616,22647.722,20.54950000000047,22656.993,22653.276,completed,time,False,False,0.09044015669473296,0.04044015669473296,15.0
2026-09-01 19:30:00+00:00,2026-09-01 19:31:00+00:00,2026-09-01 19:45:00+00:00,2026-09-01 20:00:01+00:00,2026-09-01 19:42:56+00:00,2026-09-01 19:42:57+00:00,2026-09-01 19:57:57+00:00,,,CONTEXT_GEOMETRIC,crash:CONTEXT_GEOMETRIC:2026-09-01T19:30:00+00:00,-1,22697.429917857145,22699.607010714288,22705.049742857143,22687.633,21.770928571428936,22697.452,22704.01,completed,time,False,False,-0.15061369519634665,-0.20061369519634664,15.0
2026-09-01 20:00:00+00:00,2026-09-01 20:01:00+00:00,2026-09-01 20:15:00+00:00,2026-09-01 20:30:01+00:00,2026-09-01 20:03:41+00:00,2026-09-01 20:03:42+00:00,2026-09-01 20:18:42+00:00,,,CONTEXT_GEOMETRIC,crash:CONTEXT_GEOMETRIC:2026-09-01T20:00:00+00:00,-1,22691.33101785714,22693.131910714284,22697.634142857143,22683.227,18.008928571428832,22691.363,22679.913,completed,time,False,False,0.31789786812098736,0.26789786812098737,15.0
2026-09-01 23:00:00+00:00,2026-09-01 23:01:00+00:00,2026-09-01 23:15:00+00:00,2026-09-01 23:30:01+00:00,2026-09-01 23:08:10+00:00,2026-09-01 23:08:11+00:00,2026-09-01 23:23:11+00:00,,,CONTEXT_GEOMETRIC,crash:CONTEXT_GEOMETRIC:2026-09-01T23:00:00+00:00,-1,22612.82627857143,22614.96300714286,22620.30482857143,22603.211,21.367285714285703,22612.898,22647.435,completed,time,False,False,-0.8081747130125557,-0.8581747130125558,15.0
2026-09-02 16:30:00+00:00,2026-09-02 16:31:00+00:00,2026-09-02 16:45:00+00:00,2026-09-02 17:00:01+00:00,2026-09-02 16:39:35+00:00,2026-09-02 16:39:36+00:00,2026-09-02 16:54:36+00:00,,,CONTEXT_GEOMETRIC,crash:CONTEXT_GEOMETRIC:2026-09-02T16:30:00+00:00,-1,22771.425092857142,22774.171335714283,22781.03694285714,22759.067,27.462428571428713,22771.455,22804.915,completed,time,False,False,-0.6091959404276822,-0.6591959404276823,15.0
2026-09-02 17:00:00+00:00,2026-09-02 17:01:00+00:00,2026-09-02 17:15:00+00:00,2026-09-02 17:30:01+00:00,2026-09-02 17:03:47+00:00,2026-09-02 17:03:48+00:00,2026-09-02 17:18:48+00:00,,,CONTEXT_GEOMETRIC,crash:CONTEXT_GEOMETRIC:2026-09-02T17:00:00+00:00,-1,22793.911710714285,22795.85364642857,22800.708485714287,22785.173,19.419357142857343,22793.969,22680.885,completed,time,False,False,2.9116308837647624,2.8616308837647626,15.0
2026-09-02 18:30:00+00:00,2026-09-02 18:31:00+00:00,2026-09-02 18:45:00+00:00,2026-09-02 19:00:01+00:00,2026-09-02 18:35:00+00:00,2026-09-02 18:35:01+00:00,2026-09-02 18:50:01+00:00,,,CONTEXT_GEOMETRIC,crash:CONTEXT_GEOMETRIC:2026-09-02T18:30:00+00:00,-1,22585.26995357143,22587.72483214286,22593.86202857143,22574.223,24.54878571428552,22585.315,22567.111,completed,time,False,False,0.37077190317817976,0.3207719031781798,15.0
2026-09-02 20:00:00+00:00,2026-09-02 20:01:00+00:00,2026-09-02 20:15:00+00:00,2026-09-02 20:30:01+00:00,2026-09-02 20:03:54+00:00,2026-09-02 20:03:55+00:00,2026-09-02 20:18:55+00:00,,,CONTEXT_GEOMETRIC,crash:CONTEXT_GEOMETRIC:2026-09-02T20:00:00+00:00,-1,22565.47590714286,22567.361664285716,22572.07605714286,22556.99,18.857571428570996,22565.555,22509.934,completed,time,False,False,1.4747657250214132,1.4247657250214132,15.0
2026-09-02 20:30:00+00:00,2026-09-02 20:31:00+00:00,2026-09-02 20:45:00+00:00,2026-09-02 21:00:01+00:00,2026-09-02 20:35:06+00:00,2026-09-02 20:35:07+00:00,2026-09-02 20:50:07+00:00,,,CONTEXT_GEOMETRIC,crash:CONTEXT_GEOMETRIC:2026-09-02T20:30:00+00:00,-1,22496.45475,22498.916250000002,22505.070000000003,22485.378,24.614999999999522,22496.534,22530.882,completed,time,False,False,-0.6977046516352314,-0.7477046516352315,15.0
2026-09-02 21:30:00+00:00,2026-09-02 21:31:00+00:00,2026-09-02 21:45:00+00:00,2026-09-02 22:00:01+00:00,2026-09-02 21:34:43+00:00,2026-09-02 21:34:44+00:00,2026-09-02 21:49:44+00:00,,,CONTEXT_GEOMETRIC,crash:CONTEXT_GEOMETRIC:2026-09-02T21:30:00+00:00,-1,22524.27225,22526.22475,22531.106,22515.486,19.524999999999896,22524.363,22520.67,completed,time,False,False,0.0945710627401526,0.0445710627401526,15.0
2026-09-02 23:30:00+00:00,2026-09-02 23:31:00+00:00,2026-09-02 23:45:00+00:00,2026-09-03 00:00:01+00:00,2026-09-02 23:33:11+00:00,2026-09-02 23:33:12+00:00,2026-09-02 23:48:12+00:00,,,CONTEXT_GEOMETRIC,crash:CONTEXT_GEOMETRIC:2026-09-02T23:30:00+00:00,-1,22524.61141785714,22526.205510714284,22530.190742857143,22517.438,15.94092857142901,22524.691,22503.617,completed,time,False,False,0.6610028990962151,0.6110028990962151,15.0
2026-09-03 03:00:00+00:00,2026-09-03 03:01:00+00:00,2026-09-03 03:15:00+00:00,2026-09-03 03:30:01+00:00,2026-09-03 03:04:14+00:00,2026-09-03 03:04:15+00:00,2026-09-03 03:19:15+00:00,,,CONTEXT_GEOMETRIC,crash:CONTEXT_GEOMETRIC:2026-09-03T03:00:00+00:00,-1,22594.196392857146,22596.262035714288,22601.426142857144,22584.901,20.656428571428478,22590.677,22584.043,completed,time,False,False,0.1605795497769203,0.11057954977692029,15.0
2026-09-03 03:30:00+00:00,2026-09-03 03:31:00+00:00,2026-09-03 03:45:00+00:00,2026-09-03 04:00:01+00:00,2026-09-03 03:34:25+00:00,2026-09-03 03:34:26+00:00,2026-09-03 03:49:26+00:00,,,CONTEXT_GEOMETRIC,crash:CONTEXT_GEOMETRIC:2026-09-03T03:30:00+00:00,-1,22591.82470714286,22594.022864285715,22599.518257142856,22581.933,21.98157142857131,22591.911,22567.811,completed,time,False,False,0.5481864678854064,0.4981864678854064,15.0
2026-09-03 15:30:00+00:00,2026-09-03 15:31:00+00:00,2026-09-03 15:45:00+00:00,2026-09-03 16:00:01+00:00,2026-09-03 15:33:23+00:00,2026-09-03 15:33:24+00:00,2026-09-03 15:48:24+00:00,,,CONTEXT_GEOMETRIC,crash:CONTEXT_GEOMETRIC:2026-09-03T15:30:00+00:00,-1,22785.02493214286,22786.747139285715,22791.052657142856,22777.275,17.222071428571976,22785.147,22764.959,completed,time,False,False,0.5861083576308183,0.5361083576308182,15.0
2026-09-03 21:30:00+00:00,2026-09-03 21:31:00+00:00,2026-09-03 21:45:00+00:00,2026-09-03 22:00:01+00:00,2026-09-03 21:33:40+00:00,2026-09-03 21:33:41+00:00,2026-09-03 21:48:41+00:00,,,CONTEXT_GEOMETRIC,crash:CONTEXT_GEOMETRIC:2026-09-03T21:30:00+00:00,-1,22667.56202142857,22669.394692857142,22673.97637142857,22659.315,18.326714285713802,22667.597,22616.75,completed,time,False,False,1.3872372103175707,1.3372372103175707,15.0
2026-09-04 08:30:00+00:00,2026-09-04 08:31:00+00:00,2026-09-04 08:45:00+00:00,2026-09-04 09:00:01+00:00,2026-09-04 08:34:00+00:00,2026-09-04 08:34:01+00:00,2026-09-04 08:49:01+00:00,,,CONTEXT_GEOMETRIC,crash:CONTEXT_GEOMETRIC:2026-09-04T08:30:00+00:00,-1,22763.15915,22765.18585,22770.252600000003,22754.039,20.267000000000085,22763.174,22692.17,completed,time,False,False,1.751714609957086,1.701714609957086,15.0
2026-09-04 13:30:00+00:00,2026-09-04 13:31:00+00:00,2026-09-04 13:45:00+00:00,2026-09-04 14:00:01+00:00,2026-09-04 13:33:30+00:00,2026-09-04 13:33:31+00:00,2026-09-04 13:47:53+00:00,2026-09-04 13:47:52+00:00,,CONTEXT_GEOMETRIC,crash:CONTEXT_GEOMETRIC:2026-09-04T13:30:00+00:00,-1,22650.56965,22652.21135,22656.3156,22643.182,16.41699999999972,22650.638,22683.488,completed,sl,False,False,-1.0004872997503425,-1.0504872997503425,14.366666666666667
2026-09-04 16:00:00+00:00,2026-09-04 16:01:00+00:00,2026-09-04 16:15:00+00:00,2026-09-04 16:30:01+00:00,2026-09-04 16:04:31+00:00,2026-09-04 16:04:32+00:00,2026-09-04 16:19:32+00:00,,,CONTEXT_GEOMETRIC,crash:CONTEXT_GEOMETRIC:2026-09-04T16:00:00+00:00,-1,22650.504853571427,22652.799932142858,22658.53762857143,22640.177,22.950785714285562,22650.581,22556.435,completed,time,False,False,2.051040891846166,2.001040891846166,15.0
2026-09-04 18:30:00+00:00,2026-09-04 18:31:00+00:00,2026-09-04 18:45:00+00:00,2026-09-04 19:00:01+00:00,2026-09-04 18:36:05+00:00,2026-09-04 18:36:06+00:00,2026-09-04 18:51:06+00:00,,,CONTEXT_GEOMETRIC,crash:CONTEXT_GEOMETRIC:2026-09-04T18:30:00+00:00,-1,22354.75776071429,22357.71859642857,22365.120685714286,22341.434,29.60835714285687,22354.786,22341.494,completed,time,False,False,0.2244636528779515,0.17446365287795151,15.0
2026-09-04 20:00:00+00:00,2026-09-04 20:01:00+00:00,2026-09-04 20:15:00+00:00,2026-09-04 20:30:01+00:00,2026-09-04 20:04:37+00:00,2026-09-04 20:04:38+00:00,2026-09-04 20:19:38+00:00,,,CONTEXT_GEOMETRIC,crash:CONTEXT_GEOMETRIC:2026-09-04T20:00:00+00:00,-1,22275.56075357143,22277.848032142858,22283.566228571428,22265.268,22.872785714285005,22275.62,22254.02,completed,time,False,False,0.47217685396555015,0.42217685396555016,15.0
2026-09-04 20:30:00+00:00,2026-09-04 20:31:00+00:00,2026-09-04 20:45:00+00:00,2026-09-04 21:00:01+00:00,2026-09-04 20:38:42+00:00,2026-09-04 20:38:43+00:00,2026-09-04 20:53:43+00:00,,,CONTEXT_GEOMETRIC,crash:CONTEXT_GEOMETRIC:2026-09-04T20:30:00+00:00,-1,22250.697410714285,22253.06994642857,22259.001285714286,22240.021,23.7253571428568,22250.727,22231.657,completed,time,False,False,0.4018906835664069,0.3518906835664069,15.0
2026-09-04 23:00:00+00:00,2026-09-04 23:01:00+00:00,2026-09-04 23:15:00+00:00,2026-09-04 23:30:01+00:00,2026-09-04 23:12:41+00:00,2026-09-04 23:12:42+00:00,2026-09-04 23:27:42+00:00,,,CONTEXT_GEOMETRIC,crash:CONTEXT_GEOMETRIC:2026-09-04T23:00:00+00:00,-1,22249.134299999998,22250.859699999997,22255.173199999997,22241.37,17.254000000000037,22249.205,22250.511,completed,time,False,False,-0.03784629651086281,-0.08784629651086281,15.0
2026-09-04 23:30:00+00:00,2026-09-04 23:31:00+00:00,2026-09-04 23:45:00+00:00,2026-09-05 00:00:01+00:00,2026-09-04 23:33:55+00:00,2026-09-04 23:33:56+00:00,2026-09-04 23:48:56+00:00,,,CONTEXT_GEOMETRIC,crash:CONTEXT_GEOMETRIC:2026-09-04T23:30:00+00:00,-1,22254.68727142857,22256.452442857142,22260.865371428572,22246.744,17.65171428571427,22254.728,22289.031,completed,time,False,False,-0.971661999643901,-1.021661999643901,15.0
2026-09-05 09:30:00+00:00,2026-09-05 09:31:00+00:00,2026-09-05 09:45:00+00:00,2026-09-05 10:00:01+00:00,2026-09-05 09:34:24+00:00,2026-09-05 09:34:25+00:00,2026-09-05 09:49:25+00:00,,,CONTEXT_GEOMETRIC,crash:CONTEXT_GEOMETRIC:2026-09-05T09:30:00+00:00,-1,21885.122828571428,21887.177457142858,21892.31402857143,21875.877,20.54628571428631,21885.133,21916.87,completed,time,False,False,-0.7723293747913249,-0.822329374791325,15.0
2026-09-05 13:30:00+00:00,2026-09-05 13:31:00+00:00,2026-09-05 13:45:00+00:00,2026-09-05 14:00:01+00:00,2026-09-05 13:41:05+00:00,2026-09-05 13:41:06+00:00,2026-09-05 13:56:06+00:00,,,CONTEXT_GEOMETRIC,crash:CONTEXT_GEOMETRIC:2026-09-05T13:30:00+00:00,-1,21819.015821428573,21821.018892857144,21826.026571428574,21810.002,20.030714285714307,21819.067,21852.556,completed,time,False,False,-0.8359412331063351,-0.8859412331063351,15.0
2026-09-05 22:00:00+00:00,2026-09-05 22:01:00+00:00,2026-09-05 22:15:00+00:00,2026-09-05 22:30:01+00:00,2026-09-05 22:03:52+00:00,2026-09-05 22:03:53+00:00,2026-09-05 22:18:53+00:00,,,CONTEXT_GEOMETRIC,crash:CONTEXT_GEOMETRIC:2026-09-05T22:00:00+00:00,-1,21915.890325,21917.750175,21922.3998,21907.521,18.598500000000058,21915.949,21948.718,completed,time,False,False,-0.8809581417856314,-0.9309581417856314,15.0
2026-09-06 03:00:00+00:00,2026-09-06 03:01:00+00:00,2026-09-06 03:15:00+00:00,2026-09-06 03:30:01+00:00,2026-09-06 03:03:09+00:00,2026-09-06 03:03:10+00:00,2026-09-06 03:18:10+00:00,,,CONTEXT_GEOMETRIC,crash:CONTEXT_GEOMETRIC:2026-09-06T03:00:00+00:00,-1,22097.100978571427,22098.624307142854,22102.432628571427,22090.246,15.233285714285428,22097.129,22093.301,completed,time,False,False,0.12564590698943984,0.07564590698943983,15.0
2026-09-06 03:30:00+00:00,2026-09-06 03:31:00+00:00,2026-09-06 03:45:00+00:00,2026-09-06 04:00:01+00:00,2026-09-06 03:35:00+00:00,2026-09-06 03:35:01+00:00,2026-09-06 03:50:01+00:00,,,CONTEXT_GEOMETRIC,crash:CONTEXT_GEOMETRIC:2026-09-06T03:30:00+00:00,-1,21987.09825357143,21989.564532142856,21995.73022857143,21976.0,24.662785714285356,21987.116,22019.061,completed,time,False,False,-0.6476356801311438,-0.6976356801311439,15.0
2026-09-06 20:00:00+00:00,2026-09-06 20:01:00+00:00,2026-09-06 20:15:00+00:00,2026-09-06 20:30:01+00:00,2026-09-06 20:05:19+00:00,2026-09-06 20:05:20+00:00,2026-09-06 20:20:20+00:00,,,CONTEXT_GEOMETRIC,crash:CONTEXT_GEOMETRIC:2026-09-06T20:00:00+00:00,-1,21863.565525,21866.276975,21873.0556,21851.364,27.1145000000002,21863.655,21873.013,completed,time,False,False,-0.17256449501189597,-0.22256449501189596,15.0
2026-09-07 12:30:00+00:00,2026-09-07 12:31:00+00:00,2026-09-07 12:45:00+00:00,2026-09-07 13:00:01+00:00,2026-09-07 12:35:24+00:00,2026-09-07 12:35:25+00:00,2026-09-07 12:50:25+00:00,,,CONTEXT_GEOMETRIC,crash:CONTEXT_GEOMETRIC:2026-09-07T12:30:00+00:00,-1,21856.842617857143,21859.380310714285,21865.72454285714,21845.423,25.376928571428444,21856.962,21855.316,completed,time,False,False,0.032431032687183635,-0.017568967312816368,15.0
2026-09-08 04:30:00+00:00,2026-09-08 04:31:00+00:00,2026-09-08 04:45:00+00:00,2026-09-08 05:00:01+00:00,2026-09-08 04:34:02+00:00,2026-09-08 04:34:03+00:00,2026-09-08 04:49:03+00:00,,,CONTEXT_GEOMETRIC,crash:CONTEXT_GEOMETRIC:2026-09-08T04:30:00+00:00,-1,22265.198575,22267.322925,22272.6338,22255.639,21.243499999999976,22265.23,22279.26,completed,time,False,False,-0.3302186551180091,-0.38021865511800906,15.0
2026-09-08 06:00:00+00:00,2026-09-08 06:01:00+00:00,2026-09-08 06:15:00+00:00,2026-09-08 06:30:01+00:00,2026-09-08 06:03:13+00:00,2026-09-08 06:03:14+00:00,2026-09-08 06:18:14+00:00,,,CONTEXT_GEOMETRIC,crash:CONTEXT_GEOMETRIC:2026-09-08T06:00:00+00:00,-1,22291.033682142857,22292.773389285718,22297.12265714286,22283.205,17.397071428571248,22291.073,22281.696,completed,time,False,False,0.26949938207992125,0.21949938207992126,15.0
2026-09-08 12:00:00+00:00,2026-09-08 12:01:00+00:00,2026-09-08 12:15:00+00:00,2026-09-08 12:30:01+00:00,2026-09-08 12:04:16+00:00,2026-09-08 12:04:17+00:00,2026-09-08 12:19:17+00:00,,,CONTEXT_GEOMETRIC,crash:CONTEXT_GEOMETRIC:2026-09-08T12:00:00+00:00,-1,22137.712678571428,22139.82660714286,22145.111428571432,22128.2,21.139285714285766,22137.745,22171.499,completed,time,False,False,-0.7983713465112523,-0.8483713465112523,15.0
2026-09-08 12:30:00+00:00,2026-09-08 12:31:00+00:00,2026-09-08 12:45:00+00:00,2026-09-08 13:00:01+00:00,2026-09-08 12:36:12+00:00,2026-09-08 12:36:13+00:00,2026-09-08 12:50:59+00:00,2026-09-08 12:50:58+00:00,,CONTEXT_GEOMETRIC,crash:CONTEXT_GEOMETRIC:2026-09-08T12:30:00+00:00,-1,22178.650725000003,22180.297775000003,22184.4154,22171.239,16.470499999999966,22178.715,22211.7,completed,sl,False,False,-1.0013357214413847,-1.0513357214413848,14.766666666666667
2026-09-08 14:00:00+00:00,2026-09-08 14:01:00+00:00,2026-09-08 14:15:00+00:00,2026-09-08 14:30:01+00:00,2026-09-08 14:04:47+00:00,2026-09-08 14:04:48+00:00,2026-09-08 14:19:48+00:00,,,CONTEXT_GEOMETRIC,crash:CONTEXT_GEOMETRIC:2026-09-08T14:00:00+00:00,-1,22116.587875,22119.043625000002,22125.183,22105.537,24.55750000000028,22116.614,22126.171,completed,time,False,False,-0.19458413926492824,-0.24458413926492822,15.0
2026-09-08 20:00:00+00:00,2026-09-08 20:01:00+00:00,2026-09-08 20:15:00+00:00,2026-09-08 20:30:01+00:00,2026-09-08 20:04:04+00:00,2026-09-08 20:04:05+00:00,2026-09-08 20:19:05+00:00,,,CONTEXT_GEOMETRIC,crash:CONTEXT_GEOMETRIC:2026-09-08T20:00:00+00:00,-1,22207.994282142856,22209.976789285716,22214.933057142858,22199.073,19.82507142857165,22208.075,22226.078,completed,time,False,False,-0.45404628338576647,-0.5040462833857665,15.0
2026-09-08 22:30:00+00:00,2026-09-08 22:31:00+00:00,2026-09-08 22:45:00+00:00,2026-09-08 23:00:01+00:00,2026-09-08 22:33:32+00:00,2026-09-08 22:33:33+00:00,2026-09-08 22:48:33+00:00,,,CONTEXT_GEOMETRIC,crash:CONTEXT_GEOMETRIC:2026-09-08T22:30:00+00:00,-1,22272.729914285715,22274.50922857143,22278.957514285717,22264.723,17.79314285714307,22272.808,22248.191,completed,time,False,False,0.6917552508189831,0.6417552508189831,15.0
2026-09-09 04:00:00+00:00,2026-09-09 04:01:00+00:00,2026-09-09 04:15:00+00:00,2026-09-09 04:30:01+00:00,2026-09-09 04:05:20+00:00,2026-09-09 04:05:21+00:00,2026-09-09 04:20:21+00:00,,,CONTEXT_GEOMETRIC,crash:CONTEXT_GEOMETRIC:2026-09-09T04:00:00+00:00,-1,22094.631453571426,22097.325332142856,22104.060028571428,22082.509,26.938785714285455,22094.718,22112.029,completed,time,False,False,-0.32130252980961144,-0.3713025298096114,15.0
2026-09-09 05:30:00+00:00,2026-09-09 05:31:00+00:00,2026-09-09 05:45:00+00:00,2026-09-09 06:00:01+00:00,2026-09-09 05:37:48+00:00,2026-09-09 05:37:49+00:00,2026-09-09 05:52:49+00:00,,,CONTEXT_GEOMETRIC,crash:CONTEXT_GEOMETRIC:2026-09-09T05:30:00+00:00,-1,22115.985878571428,22117.723407142857,22122.067228571428,22108.167,17.375285714284992,22116.067,22103.163,completed,time,False,False,0.37133202331716714,0.32133202331716715,15.0
2026-09-09 21:00:00+00:00,2026-09-09 21:01:00+00:00,2026-09-09 21:15:00+00:00,2026-09-09 21:30:01+00:00,2026-09-09 21:03:06+00:00,2026-09-09 21:03:07+00:00,2026-09-09 21:18:00+00:00,2026-09-09 21:17:59+00:00,,CONTEXT_GEOMETRIC,crash:CONTEXT_GEOMETRIC:2026-09-09T21:00:00+00:00,-1,22208.077885714287,22209.690971428572,22213.723685714285,22200.819,16.130857142857035,22208.168,22240.502,completed,sl,False,False,-1.0022406036345335,-1.0522406036345335,14.883333333333333
2026-09-09 23:30:00+00:00,2026-09-09 23:31:00+00:00,2026-09-09 23:45:00+00:00,2026-09-10 00:00:01+00:00,2026-09-09 23:34:45+00:00,2026-09-09 23:34:46+00:00,2026-09-09 23:49:46+00:00,,,CONTEXT_GEOMETRIC,crash:CONTEXT_GEOMETRIC:2026-09-09T23:30:00+00:00,-1,22169.916435714287,22172.075421428573,22177.472885714287,22160.201,21.589857142857518,22170.045,22180.154,completed,time,False,False,-0.23411456437878045,-0.28411456437878047,15.0
2026-09-10 04:30:00+00:00,2026-09-10 04:31:00+00:00,2026-09-10 04:45:00+00:00,2026-09-10 05:00:01+00:00,2026-09-10 04:34:49+00:00,2026-09-10 04:34:50+00:00,2026-09-10 04:49:50+00:00,,,CONTEXT_GEOMETRIC,crash:CONTEXT_GEOMETRIC:2026-09-10T04:30:00+00:00,-1,22182.14095357143,22184.421832142856,22190.124028571427,22171.877,22.808785714285996,22182.239,22182.319,completed,time,False,False,-0.0017537101930858437,-0.05175371019308585,15.0
2026-09-10 05:00:00+00:00,2026-09-10 05:01:00+00:00,2026-09-10 05:15:00+00:00,2026-09-10 05:30:01+00:00,2026-09-10 05:11:38+00:00,2026-09-10 05:11:39+00:00,2026-09-10 05:26:39+00:00,,,CONTEXT_GEOMETRIC,crash:CONTEXT_GEOMETRIC:2026-09-10T05:00:00+00:00,-1,22152.577328571428,22154.320957142856,22158.680028571427,22144.731,17.436285714285468,22152.661,22185.917,completed,time,False,False,-0.9536434692841359,-1.0036434692841358,15.0
2026-09-10 16:00:00+00:00,2026-09-10 16:01:00+00:00,2026-09-10 16:15:00+00:00,2026-09-10 16:30:01+00:00,2026-09-10 16:11:34+00:00,2026-09-10 16:11:35+00:00,2026-09-10 16:26:35+00:00,,,CONTEXT_GEOMETRIC,crash:CONTEXT_GEOMETRIC:2026-09-10T16:00:00+00:00,-1,22419.28380714286,22421.261764285715,22426.20665714286,22410.383,19.779571428571735,22419.341,22452.708,completed,time,False,False,-0.8434712582245208,-0.8934712582245209,15.0
2026-09-10 18:00:00+00:00,2026-09-10 18:01:00+00:00,2026-09-10 18:15:00+00:00,2026-09-10 18:30:01+00:00,2026-09-10 18:04:52+00:00,2026-09-10 18:04:53+00:00,2026-09-10 18:19:53+00:00,,,CONTEXT_GEOMETRIC,crash:CONTEXT_GEOMETRIC:2026-09-10T18:00:00+00:00,-1,22368.012046428572,22370.335167857145,22376.142971428573,22357.558,23.231214285714096,22368.098,22400.657,completed,time,False,False,-0.7007597536565155,-0.7507597536565156,15.0
2026-09-10 18:30:00+00:00,2026-09-10 18:31:00+00:00,2026-09-10 18:45:00+00:00,2026-09-10 19:00:01+00:00,2026-09-10 18:35:28+00:00,2026-09-10 18:35:29+00:00,2026-09-10 18:50:29+00:00,,,CONTEXT_GEOMETRIC,crash:CONTEXT_GEOMETRIC:2026-09-10T18:30:00+00:00,-1,22409.254010714285,22411.65734642857,22417.665685714284,22398.439,24.033357142856662,22409.383,22442.901,completed,time,False,False,-0.6973224714459513,-0.7473224714459513,15.0
2026-09-11 12:00:00+00:00,2026-09-11 12:01:00+00:00,2026-09-11 12:15:00+00:00,2026-09-11 12:30:01+00:00,2026-09-11 12:05:25+00:00,2026-09-11 12:05:26+00:00,2026-09-11 12:20:26+00:00,,,CONTEXT_GEOMETRIC,crash:CONTEXT_GEOMETRIC:2026-09-11T12:00:00+00:00,-1,22185.839575,22188.337925000003,22194.583800000004,22174.597,24.983500000000536,22185.936,22218.582,completed,time,False,False,-0.6533512117997139,-0.7033512117997139,15.0
2026-09-11 20:30:00+00:00,2026-09-11 20:31:00+00:00,2026-09-11 20:45:00+00:00,2026-09-11 21:00:01+00:00,2026-09-11 20:33:28+00:00,2026-09-11 20:33:29+00:00,2026-09-11 20:48:29+00:00,,,CONTEXT_GEOMETRIC,crash:CONTEXT_GEOMETRIC:2026-09-11T20:30:00+00:00,-1,21807.63385,21809.31915,21813.5324,21800.05,16.853000000000456,21807.638,21728.708,completed,time,False,False,2.3417195751497704,2.2917195751497705,15.0
2026-09-11 21:00:00+00:00,2026-09-11 21:01:00+00:00,2026-09-11 21:15:00+00:00,2026-09-11 21:30:01+00:00,2026-09-11 21:04:54+00:00,2026-09-11 21:04:55+00:00,2026-09-11 21:19:55+00:00,,,CONTEXT_GEOMETRIC,crash:CONTEXT_GEOMETRIC:2026-09-11T21:00:00+00:00,-1,21706.62345,21709.07155,21715.1918,21695.607,24.481000000000027,21706.68,21708.087,completed,time,False,False,-0.02873657121848049,-0.07873657121848049,15.0
2026-09-12 06:00:00+00:00,2026-09-12 06:01:00+00:00,2026-09-12 06:15:00+00:00,2026-09-12 06:30:01+00:00,2026-09-12 06:03:52+00:00,2026-09-12 06:03:53+00:00,2026-09-12 06:18:53+00:00,,,CONTEXT_GEOMETRIC,crash:CONTEXT_GEOMETRIC:2026-09-12T06:00:00+00:00,-1,21722.02544642857,21723.86576785714,21728.46657142857,21713.744,18.403214285714316,21722.101,21755.518,completed,time,False,False,-0.9079120495255432,-0.9579120495255432,15.0
2026-09-12 06:30:00+00:00,2026-09-12 06:31:00+00:00,2026-09-12 06:45:00+00:00,2026-09-12 07:00:01+00:00,2026-09-12 06:33:30+00:00,2026-09-12 06:33:31+00:00,2026-09-12 06:48:31+00:00,,,CONTEXT_GEOMETRIC,crash:CONTEXT_GEOMETRIC:2026-09-12T06:30:00+00:00,-1,21739.36437857143,21741.086907142857,21745.39322857143,21731.613,17.225285714285615,21739.4,21773.235,completed,time,False,False,-0.9821317498361846,-1.0321317498361846,15.0
2026-09-14 00:30:00+00:00,2026-09-14 00:31:00+00:00,2026-09-14 00:45:00+00:00,2026-09-14 01:00:01+00:00,2026-09-14 00:32:38+00:00,2026-09-14 00:32:39+00:00,2026-09-14 00:47:39+00:00,,,CONTEXT_GEOMETRIC,crash:CONTEXT_GEOMETRIC:2026-09-14T00:30:00+00:00,-1,22334.161421428573,22335.471292857143,22338.745971428572,22328.267,13.098714285714127,22334.225,22316.635,completed,time,False,False,0.6714399450327868,0.6214399450327868,15.0
2026-09-14 01:00:00+00:00,2026-09-14 01:01:00+00:00,2026-09-14 01:15:00+00:00,2026-09-14 01:30:01+00:00,2026-09-14 01:04:04+00:00,2026-09-14 01:04:05+00:00,2026-09-14 01:19:05+00:00,,,CONTEXT_GEOMETRIC,crash:CONTEXT_GEOMETRIC:2026-09-14T01:00:00+00:00,-1,22252.626985714287,22254.643871428572,22259.686085714286,22243.551,20.16885714285724,22252.664,22252.825,completed,time,False,False,-0.00399130200733947,-0.053991302007339474,15.0
2026-09-14 15:00:00+00:00,2026-09-14 15:01:00+00:00,2026-09-14 15:15:00+00:00,2026-09-14 15:30:01+00:00,2026-09-14 15:03:52+00:00,2026-09-14 15:03:53+00:00,2026-09-14 15:18:53+00:00,,,CONTEXT_GEOMETRIC,crash:CONTEXT_GEOMETRIC:2026-09-14T15:00:00+00:00,-1,22219.515110714285,22221.46424642857,22226.337085714287,22210.744,19.491357142856682,22219.584,22227.563,completed,time,False,False,-0.20468046276920115,-0.25468046276920114,15.0
2026-09-14 22:30:00+00:00,2026-09-14 22:31:00+00:00,2026-09-14 22:45:00+00:00,2026-09-14 23:00:01+00:00,2026-09-14 22:34:14+00:00,2026-09-14 22:34:15+00:00,2026-09-14 22:49:15+00:00,,,CONTEXT_GEOMETRIC,crash:CONTEXT_GEOMETRIC:2026-09-14T22:30:00+00:00,-1,22073.161975000003,22075.291525,22080.6154,22063.579,21.295499999999915,22073.216,22036.505,completed,time,False,False,0.8619426639430743,0.8119426639430742,15.0
2026-09-15 01:00:00+00:00,2026-09-15 01:01:00+00:00,2026-09-15 01:15:00+00:00,2026-09-15 01:30:01+00:00,2026-09-15 01:03:52+00:00,2026-09-15 01:03:53+00:00,2026-09-15 01:18:53+00:00,,,CONTEXT_GEOMETRIC,crash:CONTEXT_GEOMETRIC:2026-09-15T01:00:00+00:00,-1,22119.068032142855,22120.91403928571,22125.529057142856,22110.761,18.46007142857135,22119.121,22095.918,completed,time,False,False,0.6284645238177556,0.5784645238177556,15.0
2026-09-15 20:00:00+00:00,2026-09-15 20:01:00+00:00,2026-09-15 20:15:00+00:00,2026-09-15 20:30:01+00:00,2026-09-15 20:03:59+00:00,2026-09-15 20:04:00+00:00,2026-09-15 20:19:00+00:00,,,CONTEXT_GEOMETRIC,crash:CONTEXT_GEOMETRIC:2026-09-15T20:00:00+00:00,-1,22226.470560714286,22228.343796428573,22233.026885714287,22218.041,18.732357142857705,22226.573,22242.969,completed,time,False,False,-0.43763846362101116,-0.48763846362101115,15.0
2026-09-15 20:30:00+00:00,2026-09-15 20:31:00+00:00,2026-09-15 20:45:00+00:00,2026-09-15 21:00:01+00:00,2026-09-15 20:34:12+00:00,2026-09-15 20:34:13+00:00,2026-09-15 20:49:13+00:00,,,CONTEXT_GEOMETRIC,crash:CONTEXT_GEOMETRIC:2026-09-15T20:30:00+00:00,-1,22219.156285714285,22221.18457142857,22226.255285714284,22210.029,20.282857142857342,22219.182,22200.391,completed,time,False,False,0.46322369347797665,0.41322369347797666,15.0
2026-09-16 13:00:00+00:00,2026-09-16 13:01:00+00:00,2026-09-16 13:15:00+00:00,2026-09-16 13:30:01+00:00,2026-09-16 13:05:14+00:00,2026-09-16 13:05:15+00:00,2026-09-16 13:20:15+00:00,,,CONTEXT_GEOMETRIC,crash:CONTEXT_GEOMETRIC:2026-09-16T13:00:00+00:00,-1,22409.76405,22411.546950000004,22416.004200000003,22401.741,17.828999999999983,22409.839,22388.169,completed,time,False,False,0.6077177631947466,0.5577177631947465,15.0
2026-09-16 13:30:00+00:00,2026-09-16 13:31:00+00:00,2026-09-16 13:45:00+00:00,2026-09-16 14:00:01+00:00,2026-09-16 13:33:03+00:00,2026-09-16 13:33:04+00:00,2026-09-16 13:48:04+00:00,,,CONTEXT_GEOMETRIC,crash:CONTEXT_GEOMETRIC:2026-09-16T13:30:00+00:00,-1,22377.47755,22379.07545,22383.070200000002,22370.287,15.978999999999619,22377.493,22399.236,completed,time,False,False,-0.6803617247638378,-0.7303617247638379,15.0
2026-09-16 14:00:00+00:00,2026-09-16 14:01:00+00:00,2026-09-16 14:15:00+00:00,2026-09-16 14:30:01+00:00,2026-09-16 14:03:20+00:00,2026-09-16 14:03:21+00:00,2026-09-16 14:18:21+00:00,,,CONTEXT_GEOMETRIC,crash:CONTEXT_GEOMETRIC:2026-09-16T14:00:00+00:00,-1,22404.283075,22405.966425,22410.174799999997,22396.708,16.833499999999862,22404.326,22354.343,completed,time,False,False,1.4846288650607593,1.4346288650607593,15.0
2026-09-16 16:30:00+00:00,2026-09-16 16:31:00+00:00,2026-09-16 16:45:00+00:00,2026-09-16 17:00:01+00:00,2026-09-16 16:35:33+00:00,2026-09-16 16:35:34+00:00,2026-09-16 16:50:34+00:00,,,CONTEXT_GEOMETRIC,crash:CONTEXT_GEOMETRIC:2026-09-16T16:30:00+00:00,-1,22225.398860714286,22228.22549642857,22235.292085714285,22212.679,28.26635714285762,22225.445,22228.71,completed,time,False,False,-0.05775417015178453,-0.10775417015178454,15.0
2026-09-17 00:30:00+00:00,2026-09-17 00:31:00+00:00,2026-09-17 00:45:00+00:00,2026-09-17 01:00:01+00:00,2026-09-17 00:33:59+00:00,2026-09-17 00:34:00+00:00,2026-09-17 00:49:00+00:00,,,CONTEXT_GEOMETRIC,crash:CONTEXT_GEOMETRIC:2026-09-17T00:30:00+00:00,-1,21937.042553571428,21939.016232142858,21943.95042857143,21928.161,19.73678571428588,21937.12,21971.391,completed,time,False,False,-0.868201147241382,-0.918201147241382,15.0
2026-09-17 03:00:00+00:00,2026-09-17 03:01:00+00:00,2026-09-17 03:15:00+00:00,2026-09-17 03:30:01+00:00,2026-09-17 03:04:05+00:00,2026-09-17 03:04:06+00:00,2026-09-17 03:19:06+00:00,,,CONTEXT_GEOMETRIC,crash:CONTEXT_GEOMETRIC:2026-09-17T03:00:00+00:00,-1,21993.336660714285,21995.201696428572,21999.864285714288,21984.944,18.65035714285711,21993.415,21943.629,completed,time,False,False,1.3347197487600813,1.2847197487600812,15.0
2026-09-17 03:30:00+00:00,2026-09-17 03:31:00+00:00,2026-09-17 03:45:00+00:00,2026-09-17 04:00:01+00:00,2026-09-17 03:35:34+00:00,2026-09-17 03:35:35+00:00,2026-09-17 03:50:35+00:00,,,CONTEXT_GEOMETRIC,crash:CONTEXT_GEOMETRIC:2026-09-17T03:30:00+00:00,-1,21896.636489285716,21899.09415357143,21905.238314285714,21885.577,24.57664285714314,21896.788,21929.38,completed,time,False,False,-0.6630685930020701,-0.7130685930020702,15.0
2026-09-17 07:00:00+00:00,2026-09-17 07:01:00+00:00,2026-09-17 07:15:00+00:00,2026-09-17 07:30:01+00:00,2026-09-17 07:03:23+00:00,2026-09-17 07:03:24+00:00,2026-09-17 07:18:24+00:00,,,CONTEXT_GEOMETRIC,crash:CONTEXT_GEOMETRIC:2026-09-17T07:00:00+00:00,-1,21989.011542857144,21990.711885714285,21994.962742857144,21981.36,17.00342857142875,21989.094,21998.416,completed,time,False,False,-0.2741211856432322,-0.32412118564323217,15.0
2026-09-17 15:00:00+00:00,2026-09-17 15:01:00+00:00,2026-09-17 15:15:00+00:00,2026-09-17 15:30:01+00:00,2026-09-17 15:04:01+00:00,2026-09-17 15:04:02+00:00,2026-09-17 15:19:02+00:00,,,CONTEXT_GEOMETRIC,crash:CONTEXT_GEOMETRIC:2026-09-17T15:00:00+00:00,-1,21979.803450000003,21981.62355,21986.1738,21971.613,18.201000000000413,21979.859,21965.407,completed,time,False,False,0.397011153233361,0.347011153233361,15.0
2026-09-18 03:30:00+00:00,2026-09-18 03:31:00+00:00,2026-09-18 03:45:00+00:00,2026-09-18 04:00:01+00:00,2026-09-18 03:33:50+00:00,2026-09-18 03:33:51+00:00,2026-09-18 03:48:51+00:00,,,CONTEXT_GEOMETRIC,crash:CONTEXT_GEOMETRIC:2026-09-18T03:30:00+00:00,-1,22037.207807142855,22039.203764285714,22044.193657142856,22028.226,19.959571428572026,22037.294,22030.648,completed,time,False,False,0.16648654065003932,0.11648654065003931,15.0
2026-09-19 18:30:00+00:00,2026-09-19 18:31:00+00:00,2026-09-19 18:45:00+00:00,2026-09-19 19:00:01+00:00,2026-09-19 18:33:28+00:00,2026-09-19 18:33:29+00:00,2026-09-19 18:48:29+00:00,,,CONTEXT_GEOMETRIC,crash:CONTEXT_GEOMETRIC:2026-09-19T18:30:00+00:00,-1,22377.927932142855,22379.674139285715,22384.039657142857,22370.07,17.462071428570717,22377.963,22384.817,completed,time,False,False,-0.19625392176512144,-0.24625392176512145,15.0
2026-09-19 19:30:00+00:00,2026-09-19 19:31:00+00:00,2026-09-19 19:45:00+00:00,2026-09-19 20:00:01+00:00,2026-09-19 19:33:26+00:00,2026-09-19 19:33:27+00:00,2026-09-19 19:48:27+00:00,,,CONTEXT_GEOMETRIC,crash:CONTEXT_GEOMETRIC:2026-09-19T19:30:00+00:00,-1,22391.392092857142,22393.072335714285,22397.272942857144,22383.831,16.8024285714286,22391.477,22422.92,completed,time,False,False,-0.935668313254014,-0.985668313254014,15.0
2026-09-20 00:30:00+00:00,2026-09-20 00:31:00+00:00,2026-09-20 00:45:00+00:00,2026-09-20 01:00:01+00:00,2026-09-20 00:33:40+00:00,2026-09-20 00:33:41+00:00,2026-09-20 00:48:41+00:00,,,CONTEXT_GEOMETRIC,crash:CONTEXT_GEOMETRIC:2026-09-20T00:30:00+00:00,-1,22330.69209285714,22332.540335714286,22337.160942857143,22322.375,18.48242857142889,22330.722,22291.286,completed,time,False,False,1.066851140465484,1.0168511404654839,15.0
2026-09-20 01:30:00+00:00,2026-09-20 01:31:00+00:00,2026-09-20 01:45:00+00:00,2026-09-20 02:00:01+00:00,2026-09-20 01:39:56+00:00,2026-09-20 01:39:57+00:00,2026-09-20 01:54:57+00:00,,,CONTEXT_GEOMETRIC,crash:CONTEXT_GEOMETRIC:2026-09-20T01:30:00+00:00,-1,22223.71109642857,22226.05311785714,22231.908171428568,22213.172,23.4202142857144,22223.737,22257.169,completed,time,False,False,-0.7137424020153644,-0.7637424020153645,15.0
2026-09-20 02:30:00+00:00,2026-09-20 02:31:00+00:00,2026-09-20 02:45:00+00:00,2026-09-20 03:00:01+00:00,2026-09-20 02:33:38+00:00,2026-09-20 02:33:39+00:00,2026-09-20 02:48:39+00:00,,,CONTEXT_GEOMETRIC,crash:CONTEXT_GEOMETRIC:2026-09-20T02:30:00+00:00,-1,22236.310396428573,22237.973817857142,22242.13237142857,22228.825,16.634214285714343,22236.385,22177.024,completed,time,False,False,1.7843042953635948,1.7343042953635948,15.0
2026-09-20 06:00:00+00:00,2026-09-20 06:01:00+00:00,2026-09-20 06:15:00+00:00,2026-09-20 06:30:01+00:00,2026-09-20 06:05:04+00:00,2026-09-20 06:05:05+00:00,2026-09-20 06:20:05+00:00,,,CONTEXT_GEOMETRIC,crash:CONTEXT_GEOMETRIC:2026-09-20T06:00:00+00:00,-1,22164.895621428568,22167.247092857142,22173.12577142857,22154.314,23.514714285713904,22164.991,22145.958,completed,time,False,False,0.4047040454913451,0.3547040454913451,15.0
2026-09-21 04:00:00+00:00,2026-09-21 04:01:00+00:00,2026-09-21 04:15:00+00:00,2026-09-21 04:30:01+00:00,2026-09-21 04:04:09+00:00,2026-09-21 04:04:10+00:00,2026-09-21 04:19:10+00:00,,,CONTEXT_GEOMETRIC,crash:CONTEXT_GEOMETRIC:2026-09-21T04:00:00+00:00,-1,22391.182875,22393.298625,22398.588,22381.662,21.157499999999864,22391.289,22423.97,completed,time,False,False,-0.7723265981330664,-0.8223265981330664,15.0
2026-09-21 12:00:00+00:00,2026-09-21 12:01:00+00:00,2026-09-21 12:15:00+00:00,2026-09-21 12:30:01+00:00,2026-09-21 12:03:39+00:00,2026-09-21 12:03:40+00:00,2026-09-21 12:18:40+00:00,,,CONTEXT_GEOMETRIC,crash:CONTEXT_GEOMETRIC:2026-09-21T12:00:00+00:00,-1,22223.96752142857,22225.789192857144,22230.343371428575,22215.77,18.21671428571452,22224.056,22208.259,completed,time,False,False,0.4335853258781757,0.38358532587817573,15.0
2026-09-21 15:30:00+00:00,2026-09-21 15:31:00+00:00,2026-09-21 15:45:00+00:00,2026-09-21 16:00:01+00:00,2026-09-21 15:34:09+00:00,2026-09-21 15:34:10+00:00,2026-09-21 15:49:10+00:00,,,CONTEXT_GEOMETRIC,crash:CONTEXT_GEOMETRIC:2026-09-21T15:30:00+00:00,-1,22134.245025,22136.269474999997,22141.330599999998,22125.135,20.24449999999992,22134.377,22158.722,completed,time,False,False,-0.6012744202129284,-0.6512744202129285,15.0
2026-09-21 18:30:00+00:00,2026-09-21 18:31:00+00:00,2026-09-21 18:45:00+00:00,2026-09-21 19:00:01+00:00,2026-09-21 18:35:20+00:00,2026-09-21 18:35:21+00:00,2026-09-21 18:50:21+00:00,,,CONTEXT_GEOMETRIC,crash:CONTEXT_GEOMETRIC:2026-09-21T18:30:00+00:00,-1,21904.884632142857,21907.495439285714,21914.022457142855,21893.136,26.108071428570838,21904.951,21913.221,completed,time,False,False,-0.15838013969408576,-0.20838013969408575,15.0
2026-09-21 20:30:00+00:00,2026-09-21 20:31:00+00:00,2026-09-21 20:45:00+00:00,2026-09-21 21:00:01+00:00,2026-09-21 20:35:08+00:00,2026-09-21 20:35:09+00:00,2026-09-21 20:50:09+00:00,,,CONTEXT_GEOMETRIC,crash:CONTEXT_GEOMETRIC:2026-09-21T20:30:00+00:00,-1,21777.923389285712,21780.539253571427,21787.078914285714,21766.152,26.158642857142695,21777.999,21809.715,completed,time,False,False,-0.6062241105780494,-0.6562241105780494,15.0
2026-09-21 21:00:00+00:00,2026-09-21 21:01:00+00:00,2026-09-21 21:15:00+00:00,2026-09-21 21:30:01+00:00,2026-09-21 21:11:49+00:00,2026-09-21 21:11:50+00:00,2026-09-21 21:26:50+00:00,,,CONTEXT_GEOMETRIC,crash:CONTEXT_GEOMETRIC:2026-09-21T21:00:00+00:00,-1,21803.406164285716,21805.64597857143,21811.245514285714,21793.327,22.398142857143153,21803.444,21836.044,completed,time,False,False,-0.7277389069247203,-0.7777389069247204,15.0
2026-09-22 11:30:00+00:00,2026-09-22 11:31:00+00:00,2026-09-22 11:45:00+00:00,2026-09-22 12:00:01+00:00,2026-09-22 11:34:24+00:00,2026-09-22 11:34:25+00:00,2026-09-22 11:49:25+00:00,,,CONTEXT_GEOMETRIC,crash:CONTEXT_GEOMETRIC:2026-09-22T11:30:00+00:00,-1,21984.08207857143,21986.25720714286,21991.69502857143,21974.294,21.751285714285718,21984.151,21938.392,completed,time,False,False,1.0518688550430937,1.0018688550430936,15.0
2026-09-23 08:00:00+00:00,2026-09-23 08:01:00+00:00,2026-09-23 08:15:00+00:00,2026-09-23 08:30:01+00:00,2026-09-23 08:03:51+00:00,2026-09-23 08:03:52+00:00,2026-09-23 08:18:52+00:00,,,CONTEXT_GEOMETRIC,crash:CONTEXT_GEOMETRIC:2026-09-23T08:00:00+00:00,-1,22318.614767857143,22320.583160714286,22325.504142857142,22309.757,19.683928571428364,22318.663,22310.131,completed,time,False,False,0.21672502948378966,0.16672502948378964,15.0
2026-09-23 16:00:00+00:00,2026-09-23 16:01:00+00:00,2026-09-23 16:15:00+00:00,2026-09-23 16:30:01+00:00,2026-09-23 16:03:35+00:00,2026-09-23 16:03:36+00:00,2026-09-23 16:18:36+00:00,,,CONTEXT_GEOMETRIC,crash:CONTEXT_GEOMETRIC:2026-09-23T16:00:00+00:00,-1,22160.968696428572,22162.703517857142,22167.04057142857,22153.162,17.348214285714285,22160.994,22194.748,completed,time,False,False,-0.9728378795677024,-1.0228378795677024,15.0
2026-09-24 05:00:00+00:00,2026-09-24 05:01:00+00:00,2026-09-24 05:15:00+00:00,2026-09-24 05:30:01+00:00,2026-09-24 05:05:26+00:00,2026-09-24 05:05:27+00:00,2026-09-24 05:20:27+00:00,,,CONTEXT_GEOMETRIC,crash:CONTEXT_GEOMETRIC:2026-09-24T05:00:00+00:00,-1,22222.935564285715,22225.552578571427,22232.095114285712,22211.159,26.1701428571427,22222.976,22217.38,completed,time,False,False,0.10691573275975443,0.05691573275975442,15.0
2026-09-24 10:30:00+00:00,2026-09-24 10:31:00+00:00,2026-09-24 10:45:00+00:00,2026-09-24 11:00:01+00:00,2026-09-24 10:32:59+00:00,2026-09-24 10:33:00+00:00,2026-09-24 10:48:00+00:00,,,CONTEXT_GEOMETRIC,crash:CONTEXT_GEOMETRIC:2026-09-24T10:30:00+00:00,-1,22415.48529285714,22417.063135714285,22421.007742857142,22408.385,15.778428571428906,22415.5,22360.008,completed,time,False,False,1.7584767630308122,1.7084767630308122,15.0
2026-09-24 13:00:00+00:00,2026-09-24 13:01:00+00:00,2026-09-24 13:15:00+00:00,2026-09-24 13:30:01+00:00,2026-09-24 13:04:41+00:00,2026-09-24 13:04:42+00:00,2026-09-24 13:19:42+00:00,,,CONTEXT_GEOMETRIC,crash:CONTEXT_GEOMETRIC:2026-09-24T13:00:00+00:00,-1,22210.074421428573,22212.324292857145,22217.948971428574,22199.95,22.498714285714545,22210.142,22207.337,completed,time,False,False,0.06233689544165003,0.01233689544165003,15.0
2026-09-24 17:00:00+00:00,2026-09-24 17:01:00+00:00,2026-09-24 17:15:00+00:00,2026-09-24 17:30:01+00:00,2026-09-24 17:03:42+00:00,2026-09-24 17:03:43+00:00,2026-09-24 17:18:43+00:00,,,CONTEXT_GEOMETRIC,crash:CONTEXT_GEOMETRIC:2026-09-24T17:00:00+00:00,-1,22142.856499999998,22144.6435,22149.110999999997,22134.815,17.87000000000028,22142.902,22094.895,completed,time,False,False,1.3432288752097659,1.2932288752097658,15.0
2026-09-24 18:00:00+00:00,2026-09-24 18:01:00+00:00,2026-09-24 18:15:00+00:00,2026-09-24 18:30:01+00:00,2026-09-24 18:05:16+00:00,2026-09-24 18:05:17+00:00,2026-09-24 18:20:17+00:00,,,CONTEXT_GEOMETRIC,crash:CONTEXT_GEOMETRIC:2026-09-24T18:00:00+00:00,-1,22019.746582142856,22022.294489285712,22028.664257142857,22008.281,25.479071428571842,22019.766,22049.337,completed,time,False,False,-0.5802997978733134,-0.6302997978733135,15.0
2026-09-24 22:00:00+00:00,2026-09-24 22:01:00+00:00,2026-09-24 22:15:00+00:00,2026-09-24 22:30:01+00:00,2026-09-24 22:03:27+00:00,2026-09-24 22:03:28+00:00,2026-09-24 22:18:28+00:00,,,CONTEXT_GEOMETRIC,crash:CONTEXT_GEOMETRIC:2026-09-24T22:00:00+00:00,-1,21957.74195357143,21959.410832142858,21963.58302857143,21950.232,16.688785714285718,21957.824,21989.901,completed,time,False,False,-0.9610345698352097,-1.0110345698352097,15.0
2026-09-26 05:30:00+00:00,2026-09-26 05:31:00+00:00,2026-09-26 05:45:00+00:00,2026-09-26 06:00:01+00:00,2026-09-26 05:42:11+00:00,2026-09-26 05:42:12+00:00,2026-09-26 05:57:12+00:00,,,CONTEXT_GEOMETRIC,crash:CONTEXT_GEOMETRIC:2026-09-26T05:30:00+00:00,-1,22151.977085714287,22154.11577142857,22159.462485714284,22142.353,21.38685714285748,22152.0,22184.377,completed,time,False,False,-0.7569368370427743,-0.8069368370427743,15.0
2026-09-26 22:30:00+00:00,2026-09-26 22:31:00+00:00,2026-09-26 22:45:00+00:00,2026-09-26 23:00:01+00:00,2026-09-26 22:33:32+00:00,2026-09-26 22:33:33+00:00,2026-09-26 22:48:33+00:00,,,CONTEXT_GEOMETRIC,crash:CONTEXT_GEOMETRIC:2026-09-26T22:30:00+00:00,-1,22297.365321428573,22299.151392857144,22303.616571428574,22289.328,17.860714285714494,22297.435,22331.794,completed,time,False,False,-0.9618596280743845,-1.0118596280743846,15.0
2026-09-27 08:00:00+00:00,2026-09-27 08:01:00+00:00,2026-09-27 08:15:00+00:00,2026-09-27 08:30:01+00:00,2026-09-27 08:03:55+00:00,2026-09-27 08:03:56+00:00,2026-09-27 08:18:56+00:00,,,CONTEXT_GEOMETRIC,crash:CONTEXT_GEOMETRIC:2026-09-27T08:00:00+00:00,-1,22422.933289285713,22424.97135357143,22430.066514285714,22413.762,20.380642857142966,22423.057,22458.082,completed,time,False,False,-0.8592712272498884,-0.9092712272498884,15.0
2026-09-27 17:00:00+00:00,2026-09-27 17:01:00+00:00,2026-09-27 17:15:00+00:00,2026-09-27 17:30:01+00:00,2026-09-27 17:03:36+00:00,2026-09-27 17:03:37+00:00,2026-09-27 17:18:37+00:00,,,CONTEXT_GEOMETRIC,crash:CONTEXT_GEOMETRIC:2026-09-27T17:00:00+00:00,-1,22576.10255,22577.96045,22582.605199999998,22567.742,18.5790000000005,22576.17,22527.271,completed,time,False,False,1.3159750255664,1.2659750255664,15.0
2026-09-27 18:30:00+00:00,2026-09-27 18:31:00+00:00,2026-09-27 18:45:00+00:00,2026-09-27 19:00:01+00:00,2026-09-27 18:34:37+00:00,2026-09-27 18:34:38+00:00,2026-09-27 18:49:38+00:00,,,CONTEXT_GEOMETRIC,crash:CONTEXT_GEOMETRIC:2026-09-27T18:30:00+00:00,-1,22461.55042857143,22463.743857142857,22469.22742857143,22451.68,21.93428571428662,22461.616,22495.679,completed,time,False,False,-0.7764784420997074,-0.8264784420997074,15.0
2026-09-27 21:30:00+00:00,2026-09-27 21:31:00+00:00,2026-09-27 21:45:00+00:00,2026-09-27 22:00:01+00:00,2026-09-27 21:33:44+00:00,2026-09-27 21:33:45+00:00,2026-09-27 21:48:45+00:00,,,CONTEXT_GEOMETRIC,crash:CONTEXT_GEOMETRIC:2026-09-27T21:30:00+00:00,-1,22497.11430714286,22498.951264285715,22503.543657142858,22488.848,18.36957142857162,22497.158,22468.935,completed,time,False,False,0.7681997402536216,0.7181997402536215,15.0
2026-09-27 22:30:00+00:00,2026-09-27 22:31:00+00:00,2026-09-27 22:45:00+00:00,2026-09-27 23:00:01+00:00,2026-09-27 22:33:20+00:00,2026-09-27 22:33:21+00:00,2026-09-27 22:48:21+00:00,,,CONTEXT_GEOMETRIC,crash:CONTEXT_GEOMETRIC:2026-09-27T22:30:00+00:00,-1,22504.475078571428,22506.200207142858,22510.51302857143,22496.712,17.251285714285977,22504.507,22475.827,completed,time,False,False,0.831242391871409,0.781242391871409,15.0
2026-09-28 00:00:00+00:00,2026-09-28 00:01:00+00:00,2026-09-28 00:15:00+00:00,2026-09-28 00:30:01+00:00,2026-09-28 00:03:43+00:00,2026-09-28 00:03:44+00:00,2026-09-28 00:18:44+00:00,,,CONTEXT_GEOMETRIC,crash:CONTEXT_GEOMETRIC:2026-09-28T00:00:00+00:00,-1,22478.213503571427,22480.138282142856,22484.950228571426,22469.552,19.247785714285783,22478.319,22473.573,completed,time,False,False,0.123286908698196,0.073286908698196,15.0
2026-09-28 00:30:00+00:00,2026-09-28 00:31:00+00:00,2026-09-28 00:45:00+00:00,2026-09-28 01:00:01+00:00,2026-09-28 00:34:11+00:00,2026-09-28 00:34:12+00:00,2026-09-28 00:49:12+00:00,,,CONTEXT_GEOMETRIC,crash:CONTEXT_GEOMETRIC:2026-09-28T00:30:00+00:00,-1,22474.752939285714,22476.72870357143,22481.668114285716,22465.862,19.757642857142596,22474.827,22479.764,completed,time,False,False,-0.12493899286708945,-0.17493899286708947,15.0
2026-09-28 03:00:00+00:00,2026-09-28 03:01:00+00:00,2026-09-28 03:15:00+00:00,2026-09-28 03:30:01+00:00,2026-09-28 03:03:31+00:00,2026-09-28 03:03:32+00:00,2026-09-28 03:18:32+00:00,,,CONTEXT_GEOMETRIC,crash:CONTEXT_GEOMETRIC:2026-09-28T03:00:00+00:00,-1,22573.937164285715,22575.76897857143,22580.348514285713,22565.694,18.318142857142707,22574.028,22540.703,completed,time,False,False,0.9096173192852579,0.8596173192852579,15.0
2026-09-28 10:30:00+00:00,2026-09-28 10:31:00+00:00,2026-09-28 10:45:00+00:00,2026-09-28 11:00:01+00:00,2026-09-28 10:33:19+00:00,2026-09-28 10:33:20+00:00,2026-09-28 10:48:20+00:00,,,CONTEXT_GEOMETRIC,crash:CONTEXT_GEOMETRIC:2026-09-28T10:30:00+00:00,-1,22459.304842857142,22461.102585714285,22465.59694285714,22451.215,17.97742857142839,22459.344,22486.138,completed,time,False,False,-0.7452122502820531,-0.7952122502820531,15.0
2026-09-28 13:30:00+00:00,2026-09-28 13:31:00+00:00,2026-09-28 13:45:00+00:00,2026-09-28 14:00:01+00:00,2026-09-28 13:32:50+00:00,2026-09-28 13:32:51+00:00,2026-09-28 13:47:51+00:00,,,CONTEXT_GEOMETRIC,crash:CONTEXT_GEOMETRIC:2026-09-28T13:30:00+00:00,-1,22387.41510357143,22388.92268214286,22392.691628571432,22380.631,15.075785714286342,22387.462,22308.674,completed,time,False,False,2.6130644695134597,2.56306446951346,15.0
2026-09-28 14:30:00+00:00,2026-09-28 14:31:00+00:00,2026-09-28 14:45:00+00:00,2026-09-28 15:00:01+00:00,2026-09-28 14:35:07+00:00,2026-09-28 14:35:08+00:00,2026-09-28 14:50:08+00:00,,,CONTEXT_GEOMETRIC,crash:CONTEXT_GEOMETRIC:2026-09-28T14:30:00+00:00,-1,22205.604410714284,22208.27494642857,22214.951285714284,22193.587,26.705357142856883,22205.616,22229.422,completed,time,False,False,-0.4457158141089391,-0.4957158141089391,15.0
2026-09-28 15:00:00+00:00,2026-09-28 15:01:00+00:00,2026-09-28 15:15:00+00:00,2026-09-28 15:30:01+00:00,2026-09-28 15:05:02+00:00,2026-09-28 15:05:03+00:00,2026-09-28 15:20:03+00:00,,,CONTEXT_GEOMETRIC,crash:CONTEXT_GEOMETRIC:2026-09-28T15:00:00+00:00,-1,22170.401810714287,22172.895546428572,22179.129885714287,22159.18,24.937357142856595,22170.436,22162.318,completed,time,False,False,0.16276784972636216,0.11276784972636215,15.0
2026-09-28 17:30:00+00:00,2026-09-28 17:31:00+00:00,2026-09-28 17:45:00+00:00,2026-09-28 18:00:01+00:00,2026-09-28 17:33:44+00:00,2026-09-28 17:33:45+00:00,2026-09-28 17:48:45+00:00,,,CONTEXT_GEOMETRIC,crash:CONTEXT_GEOMETRIC:2026-09-28T17:30:00+00:00,-1,22196.250578571427,22198.03270714286,22202.488028571428,22188.231,17.821285714285427,22196.412,22230.2,completed,time,False,False,-0.947967518777734,-0.997967518777734,15.0
2026-09-29 15:00:00+00:00,2026-09-29 15:01:00+00:00,2026-09-29 15:15:00+00:00,2026-09-29 15:30:01+00:00,2026-09-29 15:03:52+00:00,2026-09-29 15:03:53+00:00,2026-09-29 15:18:53+00:00,,,CONTEXT_GEOMETRIC,crash:CONTEXT_GEOMETRIC:2026-09-29T15:00:00+00:00,-1,22309.454164285715,22311.32397857143,22315.998514285715,22301.04,18.698142857142948,22309.507,22342.866,completed,time,False,False,-0.8920404623835886,-0.9420404623835886,15.0
2026-09-29 15:30:00+00:00,2026-09-29 15:31:00+00:00,2026-09-29 15:45:00+00:00,2026-09-29 16:00:01+00:00,2026-09-29 15:33:39+00:00,2026-09-29 15:33:40+00:00,2026-09-29 15:48:40+00:00,,,CONTEXT_GEOMETRIC,crash:CONTEXT_GEOMETRIC:2026-09-29T15:30:00+00:00,-1,22352.924685714286,22354.632171428573,22358.900885714287,22345.241,17.074857142857322,22353.081,22386.503,completed,time,False,False,-0.9786904722064759,-1.0286904722064758,15.0
2026-09-30 04:00:00+00:00,2026-09-30 04:01:00+00:00,2026-09-30 04:15:00+00:00,2026-09-30 04:30:01+00:00,2026-09-30 04:05:05+00:00,2026-09-30 04:05:06+00:00,2026-09-30 04:20:06+00:00,,,CONTEXT_GEOMETRIC,crash:CONTEXT_GEOMETRIC:2026-09-30T04:00:00+00:00,-1,22280.636242857145,22283.003185714286,22288.920542857144,22269.985,23.66942857142853,22280.713,22286.551,completed,time,False,False,-0.12332363627584177,-0.17332363627584177,15.0
2026-09-30 12:00:00+00:00,2026-09-30 12:01:00+00:00,2026-09-30 12:15:00+00:00,2026-09-30 12:30:01+00:00,2026-09-30 12:04:59+00:00,2026-09-30 12:05:00+00:00,2026-09-30 12:20:00+00:00,,,CONTEXT_GEOMETRIC,crash:CONTEXT_GEOMETRIC:2026-09-30T12:00:00+00:00,-1,22051.47642857143,22053.951857142856,22060.140428571427,22040.337,24.754285714286066,22051.522,22084.838,completed,time,False,False,-0.6729339796860253,-0.7229339796860254,15.0
2026-10-01 14:30:00+00:00,2026-10-01 14:31:00+00:00,2026-10-01 14:45:00+00:00,2026-10-01 15:00:01+00:00,2026-10-01 14:35:43+00:00,2026-10-01 14:35:44+00:00,2026-10-01 14:50:44+00:00,,,CONTEXT_GEOMETRIC,crash:CONTEXT_GEOMETRIC:2026-10-01T14:30:00+00:00,-1,22130.242353571426,22132.992432142855,22139.86762857143,22117.867,27.500785714286135,22130.315,22151.157,completed,time,False,False,-0.3789346278418062,-0.4289346278418062,15.0
2026-10-01 20:00:00+00:00,2026-10-01 20:01:00+00:00,2026-10-01 20:15:00+00:00,2026-10-01 20:30:01+00:00,2026-10-01 20:03:33+00:00,2026-10-01 20:03:34+00:00,2026-10-01 20:18:34+00:00,,,CONTEXT_GEOMETRIC,crash:CONTEXT_GEOMETRIC:2026-10-01T20:00:00+00:00,-1,22123.624167857142,22125.231760714283,22129.25074285714,22116.39,16.07592857142819,22123.672,22114.199,completed,time,False,False,0.29463305829918085,0.24463305829918086,15.0
2026-10-01 21:00:00+00:00,2026-10-01 21:01:00+00:00,2026-10-01 21:15:00+00:00,2026-10-01 21:30:01+00:00,2026-10-01 21:05:17+00:00,2026-10-01 21:05:18+00:00,2026-10-01 21:20:18+00:00,,,CONTEXT_GEOMETRIC,crash:CONTEXT_GEOMETRIC:2026-10-01T21:00:00+00:00,-1,22009.692917857144,22012.156010714287,22018.313742857143,21998.609,24.63092857142848,22009.748,22026.406,completed,time,False,False,-0.33815209101216115,-0.38815209101216114,15.0
2026-10-02 06:30:00+00:00,2026-10-02 06:31:00+00:00,2026-10-02 06:45:00+00:00,2026-10-02 07:00:01+00:00,2026-10-02 06:40:43+00:00,2026-10-02 06:40:44+00:00,2026-10-02 06:55:44+00:00,,,CONTEXT_GEOMETRIC,crash:CONTEXT_GEOMETRIC:2026-10-02T06:30:00+00:00,-1,21913.203382142856,21915.289689285713,21920.505457142855,21903.815,20.863071428571338,21913.26,21922.989,completed,time,False,False,-0.23316317622053073,-0.2831631762205307,15.0
2026-10-02 07:00:00+00:00,2026-10-02 07:01:00+00:00,2026-10-02 07:15:00+00:00,2026-10-02 07:30:01+00:00,2026-10-02 07:04:04+00:00,2026-10-02 07:04:05+00:00,2026-10-02 07:19:05+00:00,,,CONTEXT_GEOMETRIC,crash:CONTEXT_GEOMETRIC:2026-10-02T07:00:00+00:00,-1,21895.13595714286,21897.158614285712,21902.215257142856,21886.034,20.226571428571592,21895.163,21886.471,completed,time,False,False,0.2148658765696933,0.16486587656969331,15.0
2026-10-02 12:00:00+00:00,2026-10-02 12:01:00+00:00,2026-10-02 12:15:00+00:00,2026-10-02 12:30:01+00:00,2026-10-02 12:04:12+00:00,2026-10-02 12:04:13+00:00,2026-10-02 12:19:13+00:00,,,CONTEXT_GEOMETRIC,crash:CONTEXT_GEOMETRIC:2026-10-02T12:00:00+00:00,-1,21871.73612142857,21873.972592857142,21879.56377142857,21861.672,22.364714285714268,21871.867,21896.531,completed,time,False,False,-0.5514043167489758,-0.6014043167489759,15.0
2026-10-04 00:00:00+00:00,2026-10-04 00:01:00+00:00,2026-10-04 00:15:00+00:00,2026-10-04 00:30:01+00:00,2026-10-04 00:03:50+00:00,2026-10-04 00:03:51+00:00,2026-10-04 00:18:51+00:00,,,CONTEXT_GEOMETRIC,crash:CONTEXT_GEOMETRIC:2026-10-04T00:00:00+00:00,-1,22943.826878571428,22945.788407142856,22950.692228571428,22935.0,19.615285714285296,22943.885,22940.969,completed,time,False,False,0.07432978653667514,0.02432978653667514,15.0
