signal_time,activation_time,wait_end,maximum_end,touch_time,entry_time,exit_time,trigger_time,missing_time,variant,zone_id,side,zone_low,zone_high,invalidation,issue_price,atr,entry,exit,status,reason,censored,ambiguous,gross_R,net_R,holding_minutes
2026-04-08 04:00:00+00:00,2026-04-08 04:01:00+00:00,2026-04-08 04:15:00+00:00,2026-04-08 04:30:01+00:00,,,2026-04-08 04:15:00+00:00,,,FIB_RETRACE,crash:FIB_RETRACE:2026-04-08T04:00:00+00:00,-1,24879.71553,24899.469810000002,24905.719845714288,24809.957,25.000142857142627,,,expired,no_observed_touch,False,False,,,
2026-04-08 12:00:00+00:00,2026-04-08 12:01:00+00:00,2026-04-08 12:15:00+00:00,2026-04-08 12:30:01+00:00,,,2026-04-08 12:15:00+00:00,,,FIB_RETRACE,crash:FIB_RETRACE:2026-04-08T12:00:00+00:00,-1,24960.061418,24974.358386,24979.721796714286,24915.897,21.45364285714381,,,expired,no_observed_touch,False,False,,,
2026-04-08 12:30:00+00:00,2026-04-08 12:31:00+00:00,2026-04-08 12:45:00+00:00,2026-04-08 13:00:01+00:00,,,2026-04-08 12:45:00+00:00,,,FIB_RETRACE,crash:FIB_RETRACE:2026-04-08T12:30:00+00:00,-1,24920.50379,24952.19783,24959.685455000003,24805.088,29.95050000000031,,,expired,no_observed_touch,False,False,,,
2026-04-08 13:30:00+00:00,2026-04-08 13:31:00+00:00,2026-04-08 13:45:00+00:00,2026-04-08 14:00:01+00:00,,,2026-04-08 13:45:00+00:00,,,FIB_RETRACE,crash:FIB_RETRACE:2026-04-08T13:30:00+00:00,-1,24787.601599999998,24811.1552,24818.706325000003,24705.835,30.204500000000603,,,expired,no_observed_touch,False,False,,,
2026-04-08 19:00:00+00:00,2026-04-08 19:01:00+00:00,2026-04-08 19:15:00+00:00,2026-04-08 19:30:01+00:00,,,2026-04-08 19:15:00+00:00,,,FIB_RETRACE,crash:FIB_RETRACE:2026-04-08T19:00:00+00:00,-1,24749.633374,24782.585398000003,24789.574844428575,24633.121,27.95778571428621,,,expired,no_observed_touch,False,False,,,
2026-04-08 19:30:00+00:00,2026-04-08 19:31:00+00:00,2026-04-08 19:45:00+00:00,2026-04-08 20:00:01+00:00,,,2026-04-08 19:45:00+00:00,,,FIB_RETRACE,crash:FIB_RETRACE:2026-04-08T19:30:00+00:00,-1,24726.844006,24753.600862,24761.091790571427,24649.177,29.96371428571469,,,expired,no_observed_touch,False,False,,,
2026-04-09 10:00:00+00:00,2026-04-09 10:01:00+00:00,2026-04-09 10:15:00+00:00,2026-04-09 10:30:01+00:00,,,2026-04-09 10:15:00+00:00,,,FIB_RETRACE,crash:FIB_RETRACE:2026-04-09T10:00:00+00:00,-1,25021.822799999998,25036.3716,25041.687439285713,24974.076,21.263357142857007,,,expired,no_observed_touch,False,False,,,
2026-04-09 17:30:00+00:00,2026-04-09 17:31:00+00:00,2026-04-09 17:45:00+00:00,2026-04-09 18:00:01+00:00,,,2026-04-09 17:45:00+00:00,,,FIB_RETRACE,crash:FIB_RETRACE:2026-04-09T17:30:00+00:00,-1,24871.44855,24891.604349999998,24897.10756428571,24814.154,22.012857142857165,,,expired,no_observed_touch,False,False,,,
2026-04-10 00:00:00+00:00,2026-04-10 00:01:00+00:00,2026-04-10 00:15:00+00:00,2026-04-10 00:30:01+00:00,,,2026-04-10 00:15:00+00:00,,,FIB_RETRACE,crash:FIB_RETRACE:2026-04-10T00:00:00+00:00,-1,24682.76192,24708.455840000002,24714.631732857146,24594.638,24.703571428571585,,,expired,no_observed_touch,False,False,,,
2026-04-10 05:30:00+00:00,2026-04-10 05:31:00+00:00,2026-04-10 05:45:00+00:00,2026-04-10 06:00:01+00:00,,,2026-04-10 05:45:00+00:00,,,FIB_RETRACE,crash:FIB_RETRACE:2026-04-10T05:30:00+00:00,-1,24524.549282,24546.985514,24553.01721042857,24486.6,24.12678571428582,,,expired,no_observed_touch,False,False,,,
2026-04-10 07:00:00+00:00,2026-04-10 07:01:00+00:00,2026-04-10 07:15:00+00:00,2026-04-10 07:30:01+00:00,,,2026-04-10 07:15:00+00:00,,,FIB_RETRACE,crash:FIB_RETRACE:2026-04-10T07:00:00+00:00,-1,24450.143064,24467.505528,24473.86358157143,24394.75,25.43221428571373,,,expired,no_observed_touch,False,False,,,
2026-04-10 08:00:00+00:00,2026-04-10 08:01:00+00:00,2026-04-10 08:15:00+00:00,2026-04-10 08:30:01+00:00,,,2026-04-10 08:15:00+00:00,,,FIB_RETRACE,crash:FIB_RETRACE:2026-04-10T08:00:00+00:00,-1,24390.423511999998,24413.739223999997,24420.055402571426,24306.317,25.264714285713904,,,expired,no_observed_touch,False,False,,,
2026-04-10 08:30:00+00:00,2026-04-10 08:31:00+00:00,2026-04-10 08:45:00+00:00,2026-04-10 09:00:01+00:00,,,2026-04-10 08:45:00+00:00,,,FIB_RETRACE,crash:FIB_RETRACE:2026-04-10T08:30:00+00:00,-1,24390.319226,24413.680802,24419.895980571426,24314.169,24.860714285714234,,,expired,no_observed_touch,False,False,,,
2026-04-12 03:00:00+00:00,2026-04-12 03:01:00+00:00,2026-04-12 03:15:00+00:00,2026-04-12 03:30:01+00:00,2026-04-12 03:13:57+00:00,2026-04-12 03:13:58+00:00,2026-04-12 03:28:58+00:00,,,FIB_RETRACE,crash:FIB_RETRACE:2026-04-12T03:00:00+00:00,-1,24572.337740000003,24594.16598,24599.836855,24538.174,22.683500000000226,24572.443,24551.813,completed,time,False,False,0.45473582119163297,0.404735821191633,15.0
2026-04-12 20:00:00+00:00,2026-04-12 20:01:00+00:00,2026-04-12 20:15:00+00:00,2026-04-12 20:30:01+00:00,,,2026-04-12 20:15:00+00:00,,,FIB_RETRACE,crash:FIB_RETRACE:2026-04-12T20:00:00+00:00,-1,24591.749776,24621.239152,24627.944169857143,24492.191,26.82007142857089,,,expired,no_observed_touch,False,False,,,
2026-04-12 21:30:00+00:00,2026-04-12 21:31:00+00:00,2026-04-12 21:45:00+00:00,2026-04-12 22:00:01+00:00,,,2026-04-12 21:45:00+00:00,,,FIB_RETRACE,crash:FIB_RETRACE:2026-04-12T21:30:00+00:00,-1,24487.791234,24516.000618000002,24523.335457285717,24389.486,29.339357142857157,,,expired,no_observed_touch,False,False,,,
2026-04-12 22:00:00+00:00,2026-04-12 22:01:00+00:00,2026-04-12 22:15:00+00:00,2026-04-12 22:30:01+00:00,,,2026-04-12 22:15:00+00:00,,,FIB_RETRACE,crash:FIB_RETRACE:2026-04-12T22:00:00+00:00,-1,24453.303718,24484.963486,24492.575021714285,24348.31,30.4461428571428,,,expired,no_observed_touch,False,False,,,
2026-04-13 08:30:00+00:00,2026-04-13 08:31:00+00:00,2026-04-13 08:45:00+00:00,2026-04-13 09:00:01+00:00,,,2026-04-13 08:45:00+00:00,,,FIB_RETRACE,crash:FIB_RETRACE:2026-04-13T08:30:00+00:00,-1,24361.693492000002,24391.075684,24398.31373757143,24257.616,28.952214285713644,,,expired,no_observed_touch,False,False,,,
2026-04-14 00:00:00+00:00,2026-04-14 00:01:00+00:00,2026-04-14 00:15:00+00:00,2026-04-14 00:30:01+00:00,,,2026-04-14 00:15:00+00:00,,,FIB_RETRACE,crash:FIB_RETRACE:2026-04-14T00:00:00+00:00,-1,24179.498458,24204.006466,24209.966198142854,24100.898,23.8389285714285,,,expired,no_observed_touch,False,False,,,
2026-04-14 02:30:00+00:00,2026-04-14 02:31:00+00:00,2026-04-14 02:45:00+00:00,2026-04-14 03:00:01+00:00,,,2026-04-14 02:45:00+00:00,,,FIB_RETRACE,crash:FIB_RETRACE:2026-04-14T02:30:00+00:00,-1,24077.659002,24092.793954,24097.703704,24032.669,19.638999999999992,,,expired,no_observed_touch,False,False,,,
2026-04-14 06:00:00+00:00,2026-04-14 06:01:00+00:00,2026-04-14 06:15:00+00:00,2026-04-14 06:30:01+00:00,,,2026-04-14 06:15:00+00:00,,,FIB_RETRACE,crash:FIB_RETRACE:2026-04-14T06:00:00+00:00,-1,24080.864918,24095.203886,24100.87345742857,24031.63,22.678285714285657,,,expired,no_observed_touch,False,False,,,
2026-04-14 06:30:00+00:00,2026-04-14 06:31:00+00:00,2026-04-14 06:45:00+00:00,2026-04-14 07:00:01+00:00,,,2026-04-14 06:45:00+00:00,,,FIB_RETRACE,crash:FIB_RETRACE:2026-04-14T06:30:00+00:00,-1,24064.318588000002,24085.934476000002,24091.819351000002,23996.232,23.539499999999993,,,expired,no_observed_touch,False,False,,,
2026-04-14 07:00:00+00:00,2026-04-14 07:01:00+00:00,2026-04-14 07:15:00+00:00,2026-04-14 07:30:01+00:00,,,2026-04-14 07:15:00+00:00,,,FIB_RETRACE,crash:FIB_RETRACE:2026-04-14T07:00:00+00:00,-1,24010.107508,24027.261316,24033.777369571428,23949.777,26.064214285714115,,,expired,no_observed_touch,False,False,,,
2026-04-15 11:30:00+00:00,2026-04-15 11:31:00+00:00,2026-04-15 11:45:00+00:00,2026-04-15 12:00:01+00:00,2026-04-15 11:41:15+00:00,2026-04-15 11:41:16+00:00,2026-04-15 11:56:16+00:00,,,FIB_RETRACE,crash:FIB_RETRACE:2026-04-15T11:30:00+00:00,-1,24639.212938,24653.281426,24658.758068857143,24611.501,21.906571428571624,24639.283,24675.884,completed,time,False,False,-0.8353885983331452,-0.8853885983331452,15.0
2026-04-15 18:00:00+00:00,2026-04-15 18:01:00+00:00,2026-04-15 18:15:00+00:00,2026-04-15 18:30:01+00:00,,,2026-04-15 18:15:00+00:00,,,FIB_RETRACE,crash:FIB_RETRACE:2026-04-15T18:00:00+00:00,-1,24629.236276,24648.267652,24654.197187714286,24567.071,23.718142857143125,,,expired,no_observed_touch,False,False,,,
2026-04-15 18:30:00+00:00,2026-04-15 18:31:00+00:00,2026-04-15 18:45:00+00:00,2026-04-15 19:00:01+00:00,,,2026-04-15 18:45:00+00:00,,,FIB_RETRACE,crash:FIB_RETRACE:2026-04-15T18:30:00+00:00,-1,24534.548658,24574.831866,24582.692026714285,24395.817,31.44064285714324,,,expired,no_observed_touch,False,False,,,
2026-04-15 21:00:00+00:00,2026-04-15 21:01:00+00:00,2026-04-15 21:15:00+00:00,2026-04-15 21:30:01+00:00,,,2026-04-15 21:15:00+00:00,,,FIB_RETRACE,crash:FIB_RETRACE:2026-04-15T21:00:00+00:00,-1,24531.353732,24546.402164,24552.322003285713,24478.485,23.67935714285756,,,expired,no_observed_touch,False,False,,,
2026-04-15 21:30:00+00:00,2026-04-15 21:31:00+00:00,2026-04-15 21:45:00+00:00,2026-04-15 22:00:01+00:00,,,2026-04-15 21:45:00+00:00,,,FIB_RETRACE,crash:FIB_RETRACE:2026-04-15T21:30:00+00:00,-1,24477.625814,24516.303278,24523.744403,24345.88,29.764500000000094,,,expired,no_observed_touch,False,False,,,
2026-04-16 16:30:00+00:00,2026-04-16 16:31:00+00:00,2026-04-16 16:45:00+00:00,2026-04-16 17:00:01+00:00,,,2026-04-16 16:45:00+00:00,,,FIB_RETRACE,crash:FIB_RETRACE:2026-04-16T16:30:00+00:00,-1,24326.592842,24357.415634,24365.063509,24219.044,30.591499999999932,,,expired,no_observed_touch,False,False,,,
2026-04-16 18:00:00+00:00,2026-04-16 18:01:00+00:00,2026-04-16 18:15:00+00:00,2026-04-16 18:30:01+00:00,,,2026-04-16 18:15:00+00:00,,,FIB_RETRACE,crash:FIB_RETRACE:2026-04-16T18:00:00+00:00,-1,24272.46087,24291.39699,24296.736275714287,24208.221,21.3571428571426,,,expired,no_observed_touch,False,False,,,
2026-04-16 19:30:00+00:00,2026-04-16 19:31:00+00:00,2026-04-16 19:45:00+00:00,2026-04-16 20:00:01+00:00,,,2026-04-16 19:45:00+00:00,,,FIB_RETRACE,crash:FIB_RETRACE:2026-04-16T19:30:00+00:00,-1,24206.964714,24233.722578,24239.939417285714,24118.999,24.867357142857145,,,expired,no_observed_touch,False,False,,,
2026-04-16 21:00:00+00:00,2026-04-16 21:01:00+00:00,2026-04-16 21:15:00+00:00,2026-04-16 21:30:01+00:00,,,2026-04-16 21:15:00+00:00,,,FIB_RETRACE,crash:FIB_RETRACE:2026-04-16T21:00:00+00:00,-1,24123.980152,24136.204504,24140.536736142858,24084.278,17.32892857142932,,,expired,no_observed_touch,False,False,,,
2026-04-17 11:00:00+00:00,2026-04-17 11:01:00+00:00,2026-04-17 11:15:00+00:00,2026-04-17 11:30:01+00:00,,,2026-04-17 11:15:00+00:00,,,FIB_RETRACE,crash:FIB_RETRACE:2026-04-17T11:00:00+00:00,-1,24019.038836,24039.316772000002,24045.211522,23944.707,23.5790000000005,,,expired,no_observed_touch,False,False,,,
2026-04-17 20:00:00+00:00,2026-04-17 20:01:00+00:00,2026-04-17 20:15:00+00:00,2026-04-17 20:30:01+00:00,,,2026-04-17 20:15:00+00:00,,,FIB_RETRACE,crash:FIB_RETRACE:2026-04-17T20:00:00+00:00,-1,24033.227264,24070.564928,24078.28374942857,23901.308,30.875285714286033,,,expired,no_observed_touch,False,False,,,
2026-04-18 05:00:00+00:00,2026-04-18 05:01:00+00:00,2026-04-18 05:15:00+00:00,2026-04-18 05:30:01+00:00,,,2026-04-18 05:15:00+00:00,,,FIB_RETRACE,crash:FIB_RETRACE:2026-04-18T05:00:00+00:00,-1,23965.126226,23979.499802000002,23985.355069857145,23915.709,23.42107142857146,,,expired,no_observed_touch,False,False,,,
2026-04-18 05:30:00+00:00,2026-04-18 05:31:00+00:00,2026-04-18 05:45:00+00:00,2026-04-18 06:00:01+00:00,,,2026-04-18 05:45:00+00:00,,,FIB_RETRACE,crash:FIB_RETRACE:2026-04-18T05:30:00+00:00,-1,23965.126226,23979.499802000002,23985.08610557143,23919.267,22.345214285714455,,,expired,no_observed_touch,False,False,,,
2026-04-18 18:00:00+00:00,2026-04-18 18:01:00+00:00,2026-04-18 18:15:00+00:00,2026-04-18 18:30:01+00:00,,,2026-04-18 18:15:00+00:00,,,FIB_RETRACE,crash:FIB_RETRACE:2026-04-18T18:00:00+00:00,-1,24009.024118,24040.650286,24047.520536,23893.157,27.481000000000286,,,expired,no_observed_touch,False,False,,,
2026-04-18 19:00:00+00:00,2026-04-18 19:01:00+00:00,2026-04-18 19:15:00+00:00,2026-04-18 19:30:01+00:00,,,2026-04-18 19:15:00+00:00,,,FIB_RETRACE,crash:FIB_RETRACE:2026-04-18T19:00:00+00:00,-1,23899.979792000002,23921.860784,23928.116676857142,23822.912,25.023571428570772,,,expired,no_observed_touch,False,False,,,
2026-04-19 05:00:00+00:00,2026-04-19 05:01:00+00:00,2026-04-19 05:15:00+00:00,2026-04-19 05:30:01+00:00,2026-04-19 05:12:01+00:00,2026-04-19 05:12:02+00:00,2026-04-19 05:27:02+00:00,,,FIB_RETRACE,crash:FIB_RETRACE:2026-04-19T05:00:00+00:00,-1,23961.286906,23969.740162000002,23974.24009057143,23931.309,17.999714285713967,23961.297,23994.536,completed,time,False,False,-0.9233202114319826,-0.9733202114319827,15.0
2026-04-19 17:00:00+00:00,2026-04-19 17:01:00+00:00,2026-04-19 17:15:00+00:00,2026-04-19 17:30:01+00:00,,,2026-04-19 17:15:00+00:00,,,FIB_RETRACE,crash:FIB_RETRACE:2026-04-19T17:00:00+00:00,-1,24035.064448,24058.405695999998,24064.261749571426,23960.181,23.424214285714438,,,expired,no_observed_touch,False,False,,,
2026-04-19 23:30:00+00:00,2026-04-19 23:31:00+00:00,2026-04-19 23:45:00+00:00,2026-04-20 00:00:01+00:00,,,2026-04-19 23:45:00+00:00,,,FIB_RETRACE,crash:FIB_RETRACE:2026-04-19T23:30:00+00:00,-1,23972.560054,23994.719758,24000.533490142858,23899.944,23.254928571428277,,,expired,no_observed_touch,False,False,,,
2026-04-21 03:00:00+00:00,2026-04-21 03:01:00+00:00,2026-04-21 03:15:00+00:00,2026-04-21 03:30:01+00:00,,,2026-04-21 03:15:00+00:00,,,FIB_RETRACE,crash:FIB_RETRACE:2026-04-21T03:00:00+00:00,-1,24391.06044,24420.89388,24427.047005,24285.794,24.61250000000005,,,expired,no_observed_touch,False,False,,,
2026-04-21 06:30:00+00:00,2026-04-21 06:31:00+00:00,2026-04-21 06:45:00+00:00,2026-04-21 07:00:01+00:00,,,2026-04-21 06:45:00+00:00,,,FIB_RETRACE,crash:FIB_RETRACE:2026-04-21T06:30:00+00:00,-1,24086.61114,24110.16978,24116.766369285713,24006.686,26.386357142857378,,,expired,no_observed_touch,False,False,,,
2026-04-21 07:00:00+00:00,2026-04-21 07:01:00+00:00,2026-04-21 07:15:00+00:00,2026-04-21 07:30:01+00:00,,,2026-04-21 07:15:00+00:00,,,FIB_RETRACE,crash:FIB_RETRACE:2026-04-21T07:00:00+00:00,-1,24025.692526000003,24066.752902,24074.221259142858,23879.441,29.87342857142877,,,expired,no_observed_touch,False,False,,,
2026-04-21 07:30:00+00:00,2026-04-21 07:31:00+00:00,2026-04-21 07:45:00+00:00,2026-04-21 08:00:01+00:00,,,2026-04-21 07:45:00+00:00,,,FIB_RETRACE,crash:FIB_RETRACE:2026-04-21T07:30:00+00:00,-1,23948.432046,23974.395942,23982.96251342857,23857.528,34.26628571428618,,,expired,no_observed_touch,False,False,,,
2026-04-22 08:30:00+00:00,2026-04-22 08:31:00+00:00,2026-04-22 08:45:00+00:00,2026-04-22 09:00:01+00:00,,,2026-04-22 08:45:00+00:00,,,FIB_RETRACE,crash:FIB_RETRACE:2026-04-22T08:30:00+00:00,-1,23900.876282,23946.496514,23954.64603185714,23736.951,32.59807142857166,,,expired,no_observed_touch,False,False,,,
2026-04-23 21:00:00+00:00,2026-04-23 21:01:00+00:00,2026-04-23 21:15:00+00:00,2026-04-23 21:30:01+00:00,,,2026-04-23 21:15:00+00:00,,,FIB_RETRACE,crash:FIB_RETRACE:2026-04-23T21:00:00+00:00,-1,23581.611678,23613.140406,23619.572834571427,23476.278,25.729714285714312,,,expired,no_observed_touch,False,False,,,
2026-04-24 00:00:00+00:00,2026-04-24 00:01:00+00:00,2026-04-24 00:15:00+00:00,2026-04-24 00:30:01+00:00,,,2026-04-24 00:15:00+00:00,,,FIB_RETRACE,crash:FIB_RETRACE:2026-04-24T00:00:00+00:00,-1,23503.123064,23518.637528,23523.99508157143,23447.155,21.43021428571462,,,expired,no_observed_touch,False,False,,,
2026-04-25 16:00:00+00:00,2026-04-25 16:01:00+00:00,2026-04-25 16:15:00+00:00,2026-04-25 16:30:01+00:00,,,2026-04-25 16:15:00+00:00,,,FIB_RETRACE,crash:FIB_RETRACE:2026-04-25T16:00:00+00:00,-1,24548.60092,24580.84684,24587.83880428571,24439.03,27.967857142856833,,,expired,no_observed_touch,False,False,,,
2026-04-26 04:00:00+00:00,2026-04-26 04:01:00+00:00,2026-04-26 04:15:00+00:00,2026-04-26 04:30:01+00:00,,,2026-04-26 04:15:00+00:00,,,FIB_RETRACE,crash:FIB_RETRACE:2026-04-26T04:00:00+00:00,-1,24415.379928,24433.237656,24438.948066714285,24354.5,22.84164285714308,,,expired,no_observed_touch,False,False,,,
2026-04-27 05:00:00+00:00,2026-04-27 05:01:00+00:00,2026-04-27 05:15:00+00:00,2026-04-27 05:30:01+00:00,,,2026-04-27 05:15:00+00:00,,,FIB_RETRACE,crash:FIB_RETRACE:2026-04-27T05:00:00+00:00,-1,24804.530024,24823.105448,24828.67253728571,24741.837,22.268357142856985,,,expired,no_observed_touch,False,False,,,
2026-04-28 04:00:00+00:00,2026-04-28 04:01:00+00:00,2026-04-28 04:15:00+00:00,2026-04-28 04:30:01+00:00,,,2026-04-28 04:15:00+00:00,,,FIB_RETRACE,crash:FIB_RETRACE:2026-04-28T04:00:00+00:00,-1,25126.627108,25143.142516,25148.92965885714,25067.117,23.148571428571554,,,expired,no_observed_touch,False,False,,,
2026-04-28 04:30:00+00:00,2026-04-28 04:31:00+00:00,2026-04-28 04:45:00+00:00,2026-04-28 05:00:01+00:00,2026-04-28 04:34:19+00:00,2026-04-28 04:34:20+00:00,2026-04-28 04:49:20+00:00,,,FIB_RETRACE,crash:FIB_RETRACE:2026-04-28T04:30:00+00:00,-1,25111.55656,25123.975120000003,25128.70860214286,25100.535,18.933928571428623,25111.655,25110.812,completed,time,False,False,0.022261624068583664,-0.02773837593141634,15.0
2026-04-28 23:00:00+00:00,2026-04-28 23:01:00+00:00,2026-04-28 23:15:00+00:00,2026-04-28 23:30:01+00:00,,,2026-04-28 23:15:00+00:00,,,FIB_RETRACE,crash:FIB_RETRACE:2026-04-28T23:00:00+00:00,-1,25205.266096,25233.871792,25240.702988428573,25101.377,27.3247857142851,,,expired,no_observed_touch,False,False,,,
2026-04-29 06:00:00+00:00,2026-04-29 06:01:00+00:00,2026-04-29 06:15:00+00:00,2026-04-29 06:30:01+00:00,,,2026-04-29 06:15:00+00:00,,,FIB_RETRACE,crash:FIB_RETRACE:2026-04-29T06:00:00+00:00,-1,24874.385557999998,24903.421166,24910.244916,24768.158,27.294999999999813,,,expired,no_observed_touch,False,False,,,
2026-04-30 00:00:00+00:00,2026-04-30 00:01:00+00:00,2026-04-30 00:15:00+00:00,2026-04-30 00:30:01+00:00,2026-04-30 00:13:29+00:00,2026-04-30 00:13:30+00:00,2026-04-30 00:28:30+00:00,,,FIB_RETRACE,crash:FIB_RETRACE:2026-04-30T00:00:00+00:00,-1,25102.511818,25118.623186,25124.139293142856,25074.877,22.064428571428703,25102.566,25110.111,completed,time,False,False,-0.17097655567141984,-0.22097655567141983,15.0
2026-04-30 21:00:00+00:00,2026-04-30 21:01:00+00:00,2026-04-30 21:15:00+00:00,2026-04-30 21:30:01+00:00,,,2026-04-30 21:15:00+00:00,,,FIB_RETRACE,crash:FIB_RETRACE:2026-04-30T21:00:00+00:00,-1,24971.506836,25000.100772,25006.656664857146,24876.605,26.223571428571763,,,expired,no_observed_touch,False,False,,,
2026-05-02 10:30:00+00:00,2026-05-02 10:31:00+00:00,2026-05-02 10:45:00+00:00,2026-05-02 11:00:01+00:00,,,2026-05-02 10:45:00+00:00,,,FIB_RETRACE,crash:FIB_RETRACE:2026-05-02T10:30:00+00:00,-1,25411.212474,25427.776098,25432.595598,25357.674,19.278000000000247,,,expired,no_observed_touch,False,False,,,
2026-05-03 04:00:00+00:00,2026-05-03 04:01:00+00:00,2026-05-03 04:15:00+00:00,2026-05-03 04:30:01+00:00,,,2026-05-03 04:15:00+00:00,,,FIB_RETRACE,crash:FIB_RETRACE:2026-05-03T04:00:00+00:00,-1,25610.653644,25632.940188,25639.982723714285,25529.579,28.17014285714322,,,expired,no_observed_touch,False,False,,,
2026-05-03 04:30:00+00:00,2026-05-03 04:31:00+00:00,2026-05-03 04:45:00+00:00,2026-05-03 05:00:01+00:00,,,2026-05-03 04:45:00+00:00,,,FIB_RETRACE,crash:FIB_RETRACE:2026-05-03T04:30:00+00:00,-1,25610.204358,25632.368766,25638.884283857144,25545.172,26.062071428571603,,,expired,no_observed_touch,False,False,,,
2026-05-03 05:00:00+00:00,2026-05-03 05:01:00+00:00,2026-05-03 05:15:00+00:00,2026-05-03 05:30:01+00:00,,,2026-05-03 05:15:00+00:00,,,FIB_RETRACE,crash:FIB_RETRACE:2026-05-03T05:00:00+00:00,-1,25526.005714000003,25551.419578,25557.736953,25444.781,25.269499999999816,,,expired,no_observed_touch,False,False,,,
2026-05-03 18:30:00+00:00,2026-05-03 18:31:00+00:00,2026-05-03 18:45:00+00:00,2026-05-03 19:00:01+00:00,2026-05-03 18:31:01+00:00,2026-05-03 18:31:02+00:00,2026-05-03 18:46:02+00:00,,,FIB_RETRACE,crash:FIB_RETRACE:2026-05-03T18:30:00+00:00,-1,25521.203736000003,25532.670072,25537.52425057143,25519.2,19.41671428571473,25522.295,25494.633,completed,time,False,False,0.7123244332937453,0.6623244332937452,15.0
2026-05-04 02:00:00+00:00,2026-05-04 02:01:00+00:00,2026-05-04 02:15:00+00:00,2026-05-04 02:30:01+00:00,,,2026-05-04 02:15:00+00:00,,,FIB_RETRACE,crash:FIB_RETRACE:2026-05-04T02:00:00+00:00,-1,25576.954942,25595.085334,25600.96226257143,25510.976,23.507714285714037,,,expired,no_observed_touch,False,False,,,
2026-05-04 13:00:00+00:00,2026-05-04 13:01:00+00:00,2026-05-04 13:15:00+00:00,2026-05-04 13:30:01+00:00,,,2026-05-04 13:15:00+00:00,,,FIB_RETRACE,crash:FIB_RETRACE:2026-05-04T13:00:00+00:00,-1,25624.53907,25650.51439,25657.338943571427,25539.893,27.298214285714234,,,expired,no_observed_touch,False,False,,,
2026-05-04 16:00:00+00:00,2026-05-04 16:01:00+00:00,2026-05-04 16:15:00+00:00,2026-05-04 16:30:01+00:00,,,2026-05-04 16:15:00+00:00,,,FIB_RETRACE,crash:FIB_RETRACE:2026-05-04T16:00:00+00:00,-1,25616.012434,25638.409018,25644.476143,25533.771,24.268499999999353,,,expired,no_observed_touch,False,False,,,
2026-05-05 13:00:00+00:00,2026-05-05 13:01:00+00:00,2026-05-05 13:15:00+00:00,2026-05-05 13:30:01+00:00,,,2026-05-05 13:15:00+00:00,,,FIB_RETRACE,crash:FIB_RETRACE:2026-05-05T13:00:00+00:00,-1,25696.90805,25719.87785,25725.975725,25614.05,24.391500000000242,,,expired,no_observed_touch,False,False,,,
2026-05-06 04:00:00+00:00,2026-05-06 04:01:00+00:00,2026-05-06 04:15:00+00:00,2026-05-06 04:30:01+00:00,,,2026-05-06 04:15:00+00:00,,,FIB_RETRACE,crash:FIB_RETRACE:2026-05-06T04:00:00+00:00,-1,25470.696858,25482.907266,25488.024426714284,25426.274,20.468642857142964,,,expired,no_observed_touch,False,False,,,
2026-05-06 04:30:00+00:00,2026-05-06 04:31:00+00:00,2026-05-06 04:45:00+00:00,2026-05-06 05:00:01+00:00,,,2026-05-06 04:45:00+00:00,,,FIB_RETRACE,crash:FIB_RETRACE:2026-05-06T04:30:00+00:00,-1,25420.1753,25441.486100000002,25447.53127857143,25350.241,24.180714285714462,,,expired,no_observed_touch,False,False,,,
2026-05-06 05:00:00+00:00,2026-05-06 05:01:00+00:00,2026-05-06 05:15:00+00:00,2026-05-06 05:30:01+00:00,,,2026-05-06 05:15:00+00:00,,,FIB_RETRACE,crash:FIB_RETRACE:2026-05-06T05:00:00+00:00,-1,25364.994718,25405.474486,25413.41475385714,25225.366,31.761071428571604,,,expired,no_observed_touch,False,False,,,
2026-05-06 11:00:00+00:00,2026-05-06 11:01:00+00:00,2026-05-06 11:15:00+00:00,2026-05-06 11:30:01+00:00,,,2026-05-06 11:15:00+00:00,,,FIB_RETRACE,crash:FIB_RETRACE:2026-05-06T11:00:00+00:00,-1,25505.73095,25529.88515,25535.79472142857,25436.776,23.638285714285562,,,expired,no_observed_touch,False,False,,,
2026-05-07 05:30:00+00:00,2026-05-07 05:31:00+00:00,2026-05-07 05:45:00+00:00,2026-05-07 06:00:01+00:00,,,2026-05-07 05:45:00+00:00,,,FIB_RETRACE,crash:FIB_RETRACE:2026-05-07T05:30:00+00:00,-1,25499.962876,25514.071852,25519.899566285716,25455.284,23.310857142857067,,,expired,no_observed_touch,False,False,,,
2026-05-08 11:00:00+00:00,2026-05-08 11:01:00+00:00,2026-05-08 11:15:00+00:00,2026-05-08 11:30:01+00:00,,,2026-05-08 11:15:00+00:00,,,FIB_RETRACE,crash:FIB_RETRACE:2026-05-08T11:00:00+00:00,-1,25351.963784,25372.188968000002,25378.474593000003,25288.024,25.142500000000187,,,expired,no_observed_touch,False,False,,,
2026-05-09 07:30:00+00:00,2026-05-09 07:31:00+00:00,2026-05-09 07:45:00+00:00,2026-05-09 08:00:01+00:00,,,2026-05-09 07:45:00+00:00,,,FIB_RETRACE,crash:FIB_RETRACE:2026-05-09T07:30:00+00:00,-1,25516.13237,25529.06249,25534.609204285716,25473.303,22.18685714285701,,,expired,no_observed_touch,False,False,,,
2026-05-09 19:30:00+00:00,2026-05-09 19:31:00+00:00,2026-05-09 19:45:00+00:00,2026-05-09 20:00:01+00:00,,,2026-05-09 19:45:00+00:00,,,FIB_RETRACE,crash:FIB_RETRACE:2026-05-09T19:30:00+00:00,-1,25664.70974,25680.06998,25686.354712142856,25624.33,25.13892857142855,,,expired,no_observed_touch,False,False,,,
2026-05-10 00:30:00+00:00,2026-05-10 00:31:00+00:00,2026-05-10 00:45:00+00:00,2026-05-10 01:00:01+00:00,,,2026-05-10 00:45:00+00:00,,,FIB_RETRACE,crash:FIB_RETRACE:2026-05-10T00:30:00+00:00,-1,25621.552824,25643.673048,25649.773262285715,25543.917,24.400857142857213,,,expired,no_observed_touch,False,False,,,
2026-05-10 03:30:00+00:00,2026-05-10 03:31:00+00:00,2026-05-10 03:45:00+00:00,2026-05-10 04:00:01+00:00,,,2026-05-10 03:45:00+00:00,,,FIB_RETRACE,crash:FIB_RETRACE:2026-05-10T03:30:00+00:00,-1,25604.48561,25620.63797,25627.203630714284,25551.308,26.262642857143614,,,expired,no_observed_touch,False,False,,,
2026-05-10 06:30:00+00:00,2026-05-10 06:31:00+00:00,2026-05-10 06:45:00+00:00,2026-05-10 07:00:01+00:00,,,2026-05-10 06:45:00+00:00,,,FIB_RETRACE,crash:FIB_RETRACE:2026-05-10T06:30:00+00:00,-1,25672.496118,25685.810286,25691.278500285713,25626.221,21.872857142856965,,,expired,no_observed_touch,False,False,,,
2026-05-10 07:00:00+00:00,2026-05-10 07:01:00+00:00,2026-05-10 07:15:00+00:00,2026-05-10 07:30:01+00:00,,,2026-05-10 07:15:00+00:00,,,FIB_RETRACE,crash:FIB_RETRACE:2026-05-10T07:00:00+00:00,-1,25643.313432,25668.215064,25674.891224714287,25561.294,26.704642857142453,,,expired,no_observed_touch,False,False,,,
2026-05-10 21:30:00+00:00,2026-05-10 21:31:00+00:00,2026-05-10 21:45:00+00:00,2026-05-10 22:00:01+00:00,,,2026-05-10 21:45:00+00:00,,,FIB_RETRACE,crash:FIB_RETRACE:2026-05-10T21:30:00+00:00,-1,25741.409228,25761.173756,25767.637148857142,25680.629,25.853571428570962,,,expired,no_observed_touch,False,False,,,
2026-05-10 22:00:00+00:00,2026-05-10 22:01:00+00:00,2026-05-10 22:15:00+00:00,2026-05-10 22:30:01+00:00,,,2026-05-10 22:15:00+00:00,,,FIB_RETRACE,crash:FIB_RETRACE:2026-05-10T22:00:00+00:00,-1,25707.125934,25739.308518,25746.031607285717,25607.926,26.89235714285678,,,expired,no_observed_touch,False,False,,,
2026-05-11 03:00:00+00:00,2026-05-11 03:01:00+00:00,2026-05-11 03:15:00+00:00,2026-05-11 03:30:01+00:00,,,2026-05-11 03:15:00+00:00,,,FIB_RETRACE,crash:FIB_RETRACE:2026-05-11T03:00:00+00:00,-1,25568.474522,25590.688994,25597.568690428572,25488.504,27.518785714285382,,,expired,no_observed_touch,False,False,,,
2026-05-12 00:00:00+00:00,2026-05-12 00:01:00+00:00,2026-05-12 00:15:00+00:00,2026-05-12 00:30:01+00:00,,,2026-05-12 00:15:00+00:00,,,FIB_RETRACE,crash:FIB_RETRACE:2026-05-12T00:00:00+00:00,-1,25754.337910000002,25767.52507,25772.72612357143,25711.856,20.804214285714416,,,expired,no_observed_touch,False,False,,,
2026-05-12 03:00:00+00:00,2026-05-12 03:01:00+00:00,2026-05-12 03:15:00+00:00,2026-05-12 03:30:01+00:00,,,2026-05-12 03:15:00+00:00,,,FIB_RETRACE,crash:FIB_RETRACE:2026-05-12T03:00:00+00:00,-1,25732.39534,25754.76118,25760.66046571429,25660.262,23.5971428571429,,,expired,no_observed_touch,False,False,,,
2026-05-12 07:00:00+00:00,2026-05-12 07:01:00+00:00,2026-05-12 07:15:00+00:00,2026-05-12 07:30:01+00:00,,,2026-05-12 07:15:00+00:00,,,FIB_RETRACE,crash:FIB_RETRACE:2026-05-12T07:00:00+00:00,-1,25630.076188,25643.493676,25649.27706885714,25589.941,23.133571428571354,,,expired,no_observed_touch,False,False,,,
2026-05-12 09:00:00+00:00,2026-05-12 09:01:00+00:00,2026-05-12 09:15:00+00:00,2026-05-12 09:30:01+00:00,,,2026-05-12 09:15:00+00:00,,,FIB_RETRACE,crash:FIB_RETRACE:2026-05-12T09:00:00+00:00,-1,25721.416624,25739.353648,25745.684433714287,25662.03,25.323142857142948,,,expired,no_observed_touch,False,False,,,
2026-05-13 05:00:00+00:00,2026-05-13 05:01:00+00:00,2026-05-13 05:15:00+00:00,2026-05-13 05:30:01+00:00,,,2026-05-13 05:15:00+00:00,,,FIB_RETRACE,crash:FIB_RETRACE:2026-05-13T05:00:00+00:00,-1,25418.24079,25450.94283,25457.934687142857,25297.994,27.96742857142869,,,expired,no_observed_touch,False,False,,,
2026-05-13 07:00:00+00:00,2026-05-13 07:01:00+00:00,2026-05-13 07:15:00+00:00,2026-05-13 07:30:01+00:00,,,2026-05-13 07:15:00+00:00,,,FIB_RETRACE,crash:FIB_RETRACE:2026-05-13T07:00:00+00:00,-1,25151.923924000002,25225.779748,25236.780337285716,24882.383,44.0023571428571,,,expired,no_observed_touch,False,False,,,
2026-05-13 22:00:00+00:00,2026-05-13 22:01:00+00:00,2026-05-13 22:15:00+00:00,2026-05-13 22:30:01+00:00,,,2026-05-13 22:15:00+00:00,,,FIB_RETRACE,crash:FIB_RETRACE:2026-05-13T22:00:00+00:00,-1,24854.027758,24889.850566,24897.145191,24733.47,29.178499999999985,,,expired,no_observed_touch,False,False,,,
2026-05-13 22:30:00+00:00,2026-05-13 22:31:00+00:00,2026-05-13 22:45:00+00:00,2026-05-13 23:00:01+00:00,,,2026-05-13 22:45:00+00:00,,,FIB_RETRACE,crash:FIB_RETRACE:2026-05-13T22:30:00+00:00,-1,24799.293564,24820.478028,24826.952010142857,24731.222,25.895928571428676,,,expired,no_observed_touch,False,False,,,
2026-05-14 08:00:00+00:00,2026-05-14 08:01:00+00:00,2026-05-14 08:15:00+00:00,2026-05-14 08:30:01+00:00,,,2026-05-14 08:15:00+00:00,,,FIB_RETRACE,crash:FIB_RETRACE:2026-05-14T08:00:00+00:00,-1,24642.122266,24655.534882,24660.500364142856,24603.84,19.861928571429026,,,expired,no_observed_touch,False,False,,,
2026-05-14 09:00:00+00:00,2026-05-14 09:01:00+00:00,2026-05-14 09:15:00+00:00,2026-05-14 09:30:01+00:00,,,2026-05-14 09:15:00+00:00,,,FIB_RETRACE,crash:FIB_RETRACE:2026-05-14T09:00:00+00:00,-1,24632.084624,24645.737648000002,24650.999969428573,24591.365,21.04928571428562,,,expired,no_observed_touch,False,False,,,
2026-05-14 09:30:00+00:00,2026-05-14 09:31:00+00:00,2026-05-14 09:45:00+00:00,2026-05-14 10:00:01+00:00,2026-05-14 09:42:10+00:00,2026-05-14 09:42:11+00:00,2026-05-14 09:57:11+00:00,,,FIB_RETRACE,crash:FIB_RETRACE:2026-05-14T09:30:00+00:00,-1,24632.084624,24645.737648000002,24651.131040857144,24602.455,21.573571428571086,24632.178,24647.185,completed,time,False,False,-0.34780982021657336,-0.39780982021657335,15.0
2026-05-14 22:30:00+00:00,2026-05-14 22:31:00+00:00,2026-05-14 22:45:00+00:00,2026-05-14 23:00:01+00:00,,,2026-05-14 22:45:00+00:00,,,FIB_RETRACE,crash:FIB_RETRACE:2026-05-14T22:30:00+00:00,-1,24576.712584,24595.694568,24600.354568,24512.926,18.640000000000196,,,expired,no_observed_touch,False,False,,,
2026-05-15 08:00:00+00:00,2026-05-15 08:01:00+00:00,2026-05-15 08:15:00+00:00,2026-05-15 08:30:01+00:00,,,2026-05-15 08:15:00+00:00,,,FIB_RETRACE,crash:FIB_RETRACE:2026-05-15T08:00:00+00:00,-1,24341.415576,24364.117752,24369.83544842857,24268.806,22.870785714286153,,,expired,no_observed_touch,False,False,,,
2026-05-15 10:30:00+00:00,2026-05-15 10:31:00+00:00,2026-05-15 10:45:00+00:00,2026-05-15 11:00:01+00:00,,,2026-05-15 10:45:00+00:00,,,FIB_RETRACE,crash:FIB_RETRACE:2026-05-15T10:30:00+00:00,-1,24330.862014000002,24355.914678,24361.681588714287,24283.641,23.067642857142864,,,expired,no_observed_touch,False,False,,,
2026-05-16 11:00:00+00:00,2026-05-16 11:01:00+00:00,2026-05-16 11:15:00+00:00,2026-05-16 11:30:01+00:00,,,2026-05-16 11:15:00+00:00,,,FIB_RETRACE,crash:FIB_RETRACE:2026-05-16T11:00:00+00:00,-1,24258.211536,24279.354672,24285.26127914286,24190.89,23.62642857142834,,,expired,no_observed_touch,False,False,,,
2026-05-17 17:00:00+00:00,2026-05-17 17:01:00+00:00,2026-05-17 17:15:00+00:00,2026-05-17 17:30:01+00:00,,,2026-05-17 17:15:00+00:00,,,FIB_RETRACE,crash:FIB_RETRACE:2026-05-17T17:00:00+00:00,-1,24319.385092,24341.156884,24346.542044714286,24244.827,21.54064285714256,,,expired,no_observed_touch,False,False,,,
2026-05-17 18:00:00+00:00,2026-05-17 18:01:00+00:00,2026-05-17 18:15:00+00:00,2026-05-17 18:30:01+00:00,,,2026-05-17 18:15:00+00:00,,,FIB_RETRACE,crash:FIB_RETRACE:2026-05-17T18:00:00+00:00,-1,24273.901934,24283.740518000002,24289.146589428572,24244.661,21.62428571428557,,,expired,no_observed_touch,False,False,,,
2026-05-19 14:00:00+00:00,2026-05-19 14:01:00+00:00,2026-05-19 14:15:00+00:00,2026-05-19 14:30:01+00:00,,,2026-05-19 14:15:00+00:00,,,FIB_RETRACE,crash:FIB_RETRACE:2026-05-19T14:00:00+00:00,-1,24147.26155,24176.57335,24184.389653571427,24051.196,31.26521428571427,,,expired,no_observed_touch,False,False,,,
2026-05-20 16:30:00+00:00,2026-05-20 16:31:00+00:00,2026-05-20 16:45:00+00:00,2026-05-20 17:00:01+00:00,,,2026-05-20 16:45:00+00:00,,,FIB_RETRACE,crash:FIB_RETRACE:2026-05-20T16:30:00+00:00,-1,24231.69991,24249.591070000002,24255.351784285718,24167.979,23.042857142857297,,,expired,no_observed_touch,False,False,,,
2026-05-20 18:30:00+00:00,2026-05-20 18:31:00+00:00,2026-05-20 18:45:00+00:00,2026-05-20 19:00:01+00:00,,,2026-05-20 18:45:00+00:00,,,FIB_RETRACE,crash:FIB_RETRACE:2026-05-20T18:30:00+00:00,-1,24168.239578,24185.160706,24190.64472385714,24107.794,21.936071428572436,,,expired,no_observed_touch,False,False,,,
2026-05-20 23:00:00+00:00,2026-05-20 23:01:00+00:00,2026-05-20 23:15:00+00:00,2026-05-20 23:30:01+00:00,,,2026-05-20 23:15:00+00:00,,,FIB_RETRACE,crash:FIB_RETRACE:2026-05-20T23:00:00+00:00,-1,24214.05995,24235.77815,24242.268060714283,24137.631,25.95964285714295,,,expired,no_observed_touch,False,False,,,
2026-05-20 23:30:00+00:00,2026-05-20 23:31:00+00:00,2026-05-20 23:45:00+00:00,2026-05-21 00:00:01+00:00,,,2026-05-20 23:45:00+00:00,,,FIB_RETRACE,crash:FIB_RETRACE:2026-05-20T23:30:00+00:00,-1,24140.661504,24178.701408,24186.401675857145,24013.456,30.80107142857144,,,expired,no_observed_touch,False,False,,,
2026-05-22 09:00:00+00:00,2026-05-22 09:01:00+00:00,2026-05-22 09:15:00+00:00,2026-05-22 09:30:01+00:00,,,2026-05-22 09:15:00+00:00,,,FIB_RETRACE,crash:FIB_RETRACE:2026-05-22T09:00:00+00:00,-1,24418.45574,24432.21998,24437.395122857146,24375.488,20.700571428571493,,,expired,no_observed_touch,False,False,,,
2026-05-22 20:00:00+00:00,2026-05-22 20:01:00+00:00,2026-05-22 20:15:00+00:00,2026-05-22 20:30:01+00:00,,,2026-05-22 20:15:00+00:00,,,FIB_RETRACE,crash:FIB_RETRACE:2026-05-22T20:00:00+00:00,-1,24503.860496,24528.400591999998,24534.30930628571,24414.781,23.63485714285733,,,expired,no_observed_touch,False,False,,,
2026-05-22 20:30:00+00:00,2026-05-22 20:31:00+00:00,2026-05-22 20:45:00+00:00,2026-05-22 21:00:01+00:00,,,2026-05-22 20:45:00+00:00,,,FIB_RETRACE,crash:FIB_RETRACE:2026-05-22T20:30:00+00:00,-1,24494.218976,24518.651552,24525.212962714286,24417.577,26.245642857143007,,,expired,no_observed_touch,False,False,,,
2026-05-22 22:00:00+00:00,2026-05-22 22:01:00+00:00,2026-05-22 22:15:00+00:00,2026-05-22 22:30:01+00:00,,,2026-05-22 22:15:00+00:00,,,FIB_RETRACE,crash:FIB_RETRACE:2026-05-22T22:00:00+00:00,-1,24417.703412,24436.491524,24442.28072042857,24355.519,23.156785714285952,,,expired,no_observed_touch,False,False,,,
2026-05-23 16:00:00+00:00,2026-05-23 16:01:00+00:00,2026-05-23 16:15:00+00:00,2026-05-23 16:30:01+00:00,,,2026-05-23 16:15:00+00:00,,,FIB_RETRACE,crash:FIB_RETRACE:2026-05-23T16:00:00+00:00,-1,24164.045742,24186.140934,24191.63750542857,24092.384,21.98628571428552,,,expired,no_observed_touch,False,False,,,
2026-05-24 16:00:00+00:00,2026-05-24 16:01:00+00:00,2026-05-24 16:15:00+00:00,2026-05-24 16:30:01+00:00,,,2026-05-24 16:15:00+00:00,,,FIB_RETRACE,crash:FIB_RETRACE:2026-05-24T16:00:00+00:00,-1,24368.247582,24400.234614,24407.632131857143,24276.507,29.59007142857211,,,expired,no_observed_touch,False,False,,,
2026-05-24 20:00:00+00:00,2026-05-24 20:01:00+00:00,2026-05-24 20:15:00+00:00,2026-05-24 20:30:01+00:00,,,2026-05-24 20:15:00+00:00,,,FIB_RETRACE,crash:FIB_RETRACE:2026-05-24T20:00:00+00:00,-1,24236.034464,24268.231327999998,24275.720952999996,24121.332,29.9584999999996,,,expired,no_observed_touch,False,False,,,
2026-05-25 14:30:00+00:00,2026-05-25 14:31:00+00:00,2026-05-25 14:45:00+00:00,2026-05-25 15:00:01+00:00,,,2026-05-25 14:45:00+00:00,,,FIB_RETRACE,crash:FIB_RETRACE:2026-05-25T14:30:00+00:00,-1,24454.746022000003,24469.946494,24475.371226142855,24403.873,21.69892857142882,,,expired,no_observed_touch,False,False,,,
2026-05-25 15:00:00+00:00,2026-05-25 15:01:00+00:00,2026-05-25 15:15:00+00:00,2026-05-25 15:30:01+00:00,,,2026-05-25 15:15:00+00:00,,,FIB_RETRACE,crash:FIB_RETRACE:2026-05-25T15:00:00+00:00,-1,24395.972886,24428.216622,24435.199354142856,24286.734,27.93092857142827,,,expired,no_observed_touch,False,False,,,
2026-05-25 19:30:00+00:00,2026-05-25 19:31:00+00:00,2026-05-25 19:45:00+00:00,2026-05-25 20:00:01+00:00,,,2026-05-25 19:45:00+00:00,,,FIB_RETRACE,crash:FIB_RETRACE:2026-05-25T19:30:00+00:00,-1,24406.68719,24426.50363,24432.255005,24336.326,23.00549999999956,,,expired,no_observed_touch,False,False,,,
2026-05-25 22:30:00+00:00,2026-05-25 22:31:00+00:00,2026-05-25 22:45:00+00:00,2026-05-25 23:00:01+00:00,,,2026-05-25 22:45:00+00:00,,,FIB_RETRACE,crash:FIB_RETRACE:2026-05-25T22:30:00+00:00,-1,24243.239966,24266.505782,24273.007049857144,24161.233,26.005071428571423,,,expired,no_observed_touch,False,False,,,
2026-05-25 23:00:00+00:00,2026-05-25 23:01:00+00:00,2026-05-25 23:15:00+00:00,2026-05-25 23:30:01+00:00,,,2026-05-25 23:15:00+00:00,,,FIB_RETRACE,crash:FIB_RETRACE:2026-05-25T23:00:00+00:00,-1,24177.689938,24216.874426,24225.095283142855,24039.206,32.88342857142847,,,expired,no_observed_touch,False,False,,,
2026-05-26 17:00:00+00:00,2026-05-26 17:01:00+00:00,2026-05-26 17:15:00+00:00,2026-05-26 17:30:01+00:00,,,2026-05-26 17:15:00+00:00,,,FIB_RETRACE,crash:FIB_RETRACE:2026-05-26T17:00:00+00:00,-1,24045.242572,24064.470844,24070.17629042857,23976.378,22.821785714285266,,,expired,no_observed_touch,False,False,,,
2026-05-26 17:30:00+00:00,2026-05-26 17:31:00+00:00,2026-05-26 17:45:00+00:00,2026-05-26 18:00:01+00:00,,,2026-05-26 17:45:00+00:00,,,FIB_RETRACE,crash:FIB_RETRACE:2026-05-26T17:30:00+00:00,-1,23978.705698,23998.623946,24006.036588857143,23912.076,29.65057142857118,,,expired,no_observed_touch,False,False,,,
2026-05-27 20:00:00+00:00,2026-05-27 20:01:00+00:00,2026-05-27 20:15:00+00:00,2026-05-27 20:30:01+00:00,,,2026-05-27 20:15:00+00:00,,,FIB_RETRACE,crash:FIB_RETRACE:2026-05-27T20:00:00+00:00,-1,24089.705386,24107.207122,24112.976961285713,24026.535,23.07935714285694,,,expired,no_observed_touch,False,False,,,
2026-05-27 21:00:00+00:00,2026-05-27 21:01:00+00:00,2026-05-27 21:15:00+00:00,2026-05-27 21:30:01+00:00,,,2026-05-27 21:15:00+00:00,,,FIB_RETRACE,crash:FIB_RETRACE:2026-05-27T21:00:00+00:00,-1,24037.086068,24051.958435999997,24057.763489571425,23991.11,23.220214285713933,,,expired,no_observed_touch,False,False,,,
2026-05-27 21:30:00+00:00,2026-05-27 21:31:00+00:00,2026-05-27 21:45:00+00:00,2026-05-27 22:00:01+00:00,,,2026-05-27 21:45:00+00:00,,,FIB_RETRACE,crash:FIB_RETRACE:2026-05-27T21:30:00+00:00,-1,24015.925941999998,24040.104334,24046.350369714284,23934.279,24.984142857142484,,,expired,no_observed_touch,False,False,,,
2026-05-28 04:30:00+00:00,2026-05-28 04:31:00+00:00,2026-05-28 04:45:00+00:00,2026-05-28 05:00:01+00:00,,,2026-05-28 04:45:00+00:00,,,FIB_RETRACE,crash:FIB_RETRACE:2026-05-28T04:30:00+00:00,-1,23805.729498,23824.152545999998,23829.934778142855,23742.171,23.12892857142859,,,expired,no_observed_touch,False,False,,,
2026-05-28 05:30:00+00:00,2026-05-28 05:31:00+00:00,2026-05-28 05:45:00+00:00,2026-05-28 06:00:01+00:00,,,2026-05-28 05:45:00+00:00,,,FIB_RETRACE,crash:FIB_RETRACE:2026-05-28T05:30:00+00:00,-1,23728.986934,23742.773517999998,23748.19133942857,23682.899,21.67128571428605,,,expired,no_observed_touch,False,False,,,
2026-05-28 08:30:00+00:00,2026-05-28 08:31:00+00:00,2026-05-28 08:45:00+00:00,2026-05-28 09:00:01+00:00,,,2026-05-28 08:45:00+00:00,,,FIB_RETRACE,crash:FIB_RETRACE:2026-05-28T08:30:00+00:00,-1,23655.890371999998,23681.183444,23687.332801142857,23571.674,24.59742857142815,,,expired,no_observed_touch,False,False,,,
2026-05-28 09:00:00+00:00,2026-05-28 09:01:00+00:00,2026-05-28 09:15:00+00:00,2026-05-28 09:30:01+00:00,,,2026-05-28 09:15:00+00:00,,,FIB_RETRACE,crash:FIB_RETRACE:2026-05-28T09:00:00+00:00,-1,23628.239816,23646.016232,23652.409857000002,23570.409,25.574499999999848,,,expired,no_observed_touch,False,False,,,
2026-05-28 17:00:00+00:00,2026-05-28 17:01:00+00:00,2026-05-28 17:15:00+00:00,2026-05-28 17:30:01+00:00,,,2026-05-28 17:15:00+00:00,,,FIB_RETRACE,crash:FIB_RETRACE:2026-05-28T17:00:00+00:00,-1,23638.465602,23656.406154,23662.42720757143,23581.884,24.084214285714033,,,expired,no_observed_touch,False,False,,,
2026-05-29 05:00:00+00:00,2026-05-29 05:01:00+00:00,2026-05-29 05:15:00+00:00,2026-05-29 05:30:01+00:00,,,2026-05-29 05:15:00+00:00,,,FIB_RETRACE,crash:FIB_RETRACE:2026-05-29T05:00:00+00:00,-1,23352.431182,23364.795813999997,23369.184421142854,23310.987,17.554428571428748,,,expired,no_observed_touch,False,False,,,
2026-05-29 16:00:00+00:00,2026-05-29 16:01:00+00:00,2026-05-29 16:15:00+00:00,2026-05-29 16:30:01+00:00,,,2026-05-29 16:15:00+00:00,,,FIB_RETRACE,crash:FIB_RETRACE:2026-05-29T16:00:00+00:00,-1,23317.673304,23331.874008,23336.90145442857,23284.381,20.10978571428573,,,expired,no_observed_touch,False,False,,,
2026-05-29 18:00:00+00:00,2026-05-29 18:01:00+00:00,2026-05-29 18:15:00+00:00,2026-05-29 18:30:01+00:00,,,2026-05-29 18:15:00+00:00,,,FIB_RETRACE,crash:FIB_RETRACE:2026-05-29T18:00:00+00:00,-1,23218.234694,23246.271038,23252.483341571427,23125.101,24.849214285714748,,,expired,no_observed_touch,False,False,,,
2026-05-30 06:00:00+00:00,2026-05-30 06:01:00+00:00,2026-05-30 06:15:00+00:00,2026-05-30 06:30:01+00:00,,,2026-05-30 06:15:00+00:00,,,FIB_RETRACE,crash:FIB_RETRACE:2026-05-30T06:00:00+00:00,-1,23101.174352,23115.817904,23121.273154,23051.998,21.821000000000172,,,expired,no_observed_touch,False,False,,,
2026-05-30 19:00:00+00:00,2026-05-30 19:01:00+00:00,2026-05-30 19:15:00+00:00,2026-05-30 19:30:01+00:00,,,2026-05-30 19:15:00+00:00,,,FIB_RETRACE,crash:FIB_RETRACE:2026-05-30T19:00:00+00:00,-1,23017.15572,23033.62644,23038.787707857144,22961.607,20.64507142857162,,,expired,no_observed_touch,False,False,,,
2026-05-31 01:00:00+00:00,2026-05-31 01:01:00+00:00,2026-05-31 01:15:00+00:00,2026-05-31 01:30:01+00:00,,,2026-05-31 01:15:00+00:00,,,FIB_RETRACE,crash:FIB_RETRACE:2026-05-31T01:00:00+00:00,-1,22797.530224000002,22807.940848000002,22813.18583014286,22762.386,20.979928571428122,,,expired,no_observed_touch,False,False,,,
2026-06-01 16:00:00+00:00,2026-06-01 16:01:00+00:00,2026-06-01 16:15:00+00:00,2026-06-01 16:30:01+00:00,,,2026-06-01 16:15:00+00:00,,,FIB_RETRACE,crash:FIB_RETRACE:2026-06-01T16:00:00+00:00,-1,23426.230216,23437.421032,23442.113192714285,23388.096,18.76864285714276,,,expired,no_observed_touch,False,False,,,
2026-06-01 18:30:00+00:00,2026-06-01 18:31:00+00:00,2026-06-01 18:45:00+00:00,2026-06-01 19:00:01+00:00,,,2026-06-01 18:45:00+00:00,,,FIB_RETRACE,crash:FIB_RETRACE:2026-06-01T18:30:00+00:00,-1,23447.30436,23468.559719999997,23474.719023571426,23376.984,24.637214285713917,,,expired,no_observed_touch,False,False,,,
2026-06-01 20:00:00+00:00,2026-06-01 20:01:00+00:00,2026-06-01 20:15:00+00:00,2026-06-01 20:30:01+00:00,,,2026-06-01 20:15:00+00:00,,,FIB_RETRACE,crash:FIB_RETRACE:2026-06-01T20:00:00+00:00,-1,23411.347400000002,23433.1538,23438.602389285716,23339.753,21.794357142856825,,,expired,no_observed_touch,False,False,,,
2026-06-02 07:00:00+00:00,2026-06-02 07:01:00+00:00,2026-06-02 07:15:00+00:00,2026-06-02 07:30:01+00:00,,,2026-06-02 07:15:00+00:00,,,FIB_RETRACE,crash:FIB_RETRACE:2026-06-02T07:00:00+00:00,-1,23696.715636,23721.714372000002,23728.148622,23606.003,25.73699999999917,,,expired,no_observed_touch,False,False,,,
2026-06-02 13:30:00+00:00,2026-06-02 13:31:00+00:00,2026-06-02 13:45:00+00:00,2026-06-02 14:00:01+00:00,,,2026-06-02 13:45:00+00:00,,,FIB_RETRACE,crash:FIB_RETRACE:2026-06-02T13:30:00+00:00,-1,23554.189018,23568.687586,23573.797728857142,23517.714,20.440571428571275,,,expired,no_observed_touch,False,False,,,
2026-06-03 06:00:00+00:00,2026-06-03 06:01:00+00:00,2026-06-03 06:15:00+00:00,2026-06-03 06:30:01+00:00,,,2026-06-03 06:15:00+00:00,,,FIB_RETRACE,crash:FIB_RETRACE:2026-06-03T06:00:00+00:00,-1,23514.704148,23559.154596,23567.118542428572,23352.562,31.855785714286476,,,expired,no_observed_touch,False,False,,,
2026-06-03 07:00:00+00:00,2026-06-03 07:01:00+00:00,2026-06-03 07:15:00+00:00,2026-06-03 07:30:01+00:00,,,2026-06-03 07:15:00+00:00,,,FIB_RETRACE,crash:FIB_RETRACE:2026-06-03T07:00:00+00:00,-1,23341.198342,23352.575134,23359.301473285712,23301.376,26.90535714285657,,,expired,no_observed_touch,False,False,,,
2026-06-03 12:00:00+00:00,2026-06-03 12:01:00+00:00,2026-06-03 12:15:00+00:00,2026-06-03 12:30:01+00:00,,,2026-06-03 12:15:00+00:00,,,FIB_RETRACE,crash:FIB_RETRACE:2026-06-03T12:00:00+00:00,-1,23210.539428,23224.155156,23228.22163814286,23163.266,16.26592857142844,,,expired,no_observed_touch,False,False,,,
2026-06-03 15:30:00+00:00,2026-06-03 15:31:00+00:00,2026-06-03 15:45:00+00:00,2026-06-03 16:00:01+00:00,,,2026-06-03 15:45:00+00:00,,,FIB_RETRACE,crash:FIB_RETRACE:2026-06-03T15:30:00+00:00,-1,23324.831958,23333.169966,23338.894805285716,23295.13,22.899357142857166,,,expired,no_observed_touch,False,False,,,
2026-06-03 23:00:00+00:00,2026-06-03 23:01:00+00:00,2026-06-03 23:15:00+00:00,2026-06-03 23:30:01+00:00,2026-06-03 23:11:45+00:00,2026-06-03 23:11:46+00:00,2026-06-03 23:26:46+00:00,,,FIB_RETRACE,crash:FIB_RETRACE:2026-06-03T23:00:00+00:00,-1,23169.374350000002,23183.58295,23188.802485714285,23142.683,20.87814285714298,23169.468,23181.083,completed,time,False,False,-0.27816171389075817,-0.32816171389075816,15.0
2026-06-04 03:00:00+00:00,2026-06-04 03:01:00+00:00,2026-06-04 03:15:00+00:00,2026-06-04 03:30:01+00:00,,,2026-06-04 03:15:00+00:00,,,FIB_RETRACE,crash:FIB_RETRACE:2026-06-04T03:00:00+00:00,-1,23288.738066,23309.223482,23314.494821285716,23214.95,21.085357142857383,,,expired,no_observed_touch,False,False,,,
2026-06-04 08:30:00+00:00,2026-06-04 08:31:00+00:00,2026-06-04 08:45:00+00:00,2026-06-04 09:00:01+00:00,,,2026-06-04 08:45:00+00:00,,,FIB_RETRACE,crash:FIB_RETRACE:2026-06-04T08:30:00+00:00,-1,23058.529298,23071.761146,23076.37257457143,23010.08,18.4457142857144,,,expired,no_observed_touch,False,False,,,
2026-06-05 22:00:00+00:00,2026-06-05 22:01:00+00:00,2026-06-05 22:15:00+00:00,2026-06-05 22:30:01+00:00,,,2026-06-05 22:15:00+00:00,,,FIB_RETRACE,crash:FIB_RETRACE:2026-06-05T22:00:00+00:00,-1,23331.37903,23355.62731,23362.049131428572,23249.878,25.687285714285412,,,expired,no_observed_touch,False,False,,,
2026-06-06 00:30:00+00:00,2026-06-06 00:31:00+00:00,2026-06-06 00:45:00+00:00,2026-06-06 01:00:01+00:00,,,2026-06-06 00:45:00+00:00,,,FIB_RETRACE,crash:FIB_RETRACE:2026-06-06T00:30:00+00:00,-1,23289.609678,23303.750406,23308.822763142856,23249.363,20.289428571428548,,,expired,no_observed_touch,False,False,,,
2026-06-06 01:00:00+00:00,2026-06-06 01:01:00+00:00,2026-06-06 01:15:00+00:00,2026-06-06 01:30:01+00:00,,,2026-06-06 01:15:00+00:00,,,FIB_RETRACE,crash:FIB_RETRACE:2026-06-06T01:00:00+00:00,-1,23274.336914,23290.997978,23295.996210142857,23215.433,19.99292857142843,,,expired,no_observed_touch,False,False,,,
2026-06-06 02:30:00+00:00,2026-06-06 02:31:00+00:00,2026-06-06 02:45:00+00:00,2026-06-06 03:00:01+00:00,,,2026-06-06 02:45:00+00:00,,,FIB_RETRACE,crash:FIB_RETRACE:2026-06-06T02:30:00+00:00,-1,23160.568256000002,23197.594112000002,23204.75104057143,23025.572,28.62771428571406,,,expired,no_observed_touch,False,False,,,
2026-06-06 04:00:00+00:00,2026-06-06 04:01:00+00:00,2026-06-06 04:15:00+00:00,2026-06-06 04:30:01+00:00,,,2026-06-06 04:15:00+00:00,,,FIB_RETRACE,crash:FIB_RETRACE:2026-06-06T04:00:00+00:00,-1,23060.914338,23072.849226,23077.686511714284,23017.64,19.349142857143306,,,expired,no_observed_touch,False,False,,,
2026-06-06 07:30:00+00:00,2026-06-06 07:31:00+00:00,2026-06-06 07:45:00+00:00,2026-06-06 08:00:01+00:00,,,2026-06-06 07:45:00+00:00,,,FIB_RETRACE,crash:FIB_RETRACE:2026-06-06T07:30:00+00:00,-1,23083.001812,23097.472324,23102.636877571425,23029.771,20.658214285714298,,,expired,no_observed_touch,False,False,,,
2026-06-07 21:00:00+00:00,2026-06-07 21:01:00+00:00,2026-06-07 21:15:00+00:00,2026-06-07 21:30:01+00:00,,,2026-06-07 21:15:00+00:00,,,FIB_RETRACE,crash:FIB_RETRACE:2026-06-07T21:00:00+00:00,-1,23353.331764,23371.727428,23377.188570857143,23286.7,21.844571428571985,,,expired,no_observed_touch,False,False,,,
2026-06-07 23:30:00+00:00,2026-06-07 23:31:00+00:00,2026-06-07 23:45:00+00:00,2026-06-08 00:00:01+00:00,,,2026-06-07 23:45:00+00:00,,,FIB_RETRACE,crash:FIB_RETRACE:2026-06-07T23:30:00+00:00,-1,23133.429118,23161.779286,23168.60121457143,23062.969,27.287714285714433,,,expired,no_observed_touch,False,False,,,
2026-06-08 14:00:00+00:00,2026-06-08 14:01:00+00:00,2026-06-08 14:15:00+00:00,2026-06-08 14:30:01+00:00,2026-06-08 14:04:52+00:00,2026-06-08 14:04:53+00:00,2026-06-08 14:19:53+00:00,,,FIB_RETRACE,crash:FIB_RETRACE:2026-06-08T14:00:00+00:00,-1,23088.327302,23094.953054,23098.879893285717,23076.871,15.70735714285677,23088.373,23103.707,completed,time,False,False,-0.48811521443543293,-0.538115214435433,15.0
2026-06-10 07:00:00+00:00,2026-06-10 07:01:00+00:00,2026-06-10 07:15:00+00:00,2026-06-10 07:30:01+00:00,,,2026-06-10 07:15:00+00:00,,,FIB_RETRACE,crash:FIB_RETRACE:2026-06-10T07:00:00+00:00,-1,23477.058774,23497.797198,23504.05001942857,23401.606,25.011285714285414,,,expired,no_observed_touch,False,False,,,
2026-06-10 11:00:00+00:00,2026-06-10 11:01:00+00:00,2026-06-10 11:15:00+00:00,2026-06-10 11:30:01+00:00,,,2026-06-10 11:15:00+00:00,,,FIB_RETRACE,crash:FIB_RETRACE:2026-06-10T11:00:00+00:00,-1,23305.602244,23325.570388,23330.711280857144,23255.03,20.563571428571127,,,expired,no_observed_touch,False,False,,,
2026-06-10 23:00:00+00:00,2026-06-10 23:01:00+00:00,2026-06-10 23:15:00+00:00,2026-06-10 23:30:01+00:00,,,2026-06-10 23:15:00+00:00,,,FIB_RETRACE,crash:FIB_RETRACE:2026-06-10T23:00:00+00:00,-1,23475.923282,23498.107514000003,23503.915674714288,23397.654,23.23264285714244,,,expired,no_observed_touch,False,False,,,
2026-06-12 20:00:00+00:00,2026-06-12 20:01:00+00:00,2026-06-12 20:15:00+00:00,2026-06-12 20:30:01+00:00,,,2026-06-12 20:15:00+00:00,,,FIB_RETRACE,crash:FIB_RETRACE:2026-06-12T20:00:00+00:00,-1,24000.978102,24017.448654,24022.89220757143,23945.886,21.774214285714283,,,expired,no_observed_touch,False,False,,,
2026-06-12 20:30:00+00:00,2026-06-12 20:31:00+00:00,2026-06-12 20:45:00+00:00,2026-06-12 21:00:01+00:00,,,2026-06-12 20:45:00+00:00,,,FIB_RETRACE,crash:FIB_RETRACE:2026-06-12T20:30:00+00:00,-1,24000.978102,24017.448654,24022.970868285713,23963.951,22.088857142857055,,,expired,no_observed_touch,False,False,,,
2026-06-13 12:00:00+00:00,2026-06-13 12:01:00+00:00,2026-06-13 12:15:00+00:00,2026-06-13 12:30:01+00:00,,,2026-06-13 12:15:00+00:00,,,FIB_RETRACE,crash:FIB_RETRACE:2026-06-13T12:00:00+00:00,-1,24181.161866,24210.232082,24216.26059985714,24083.09,24.11407142857206,,,expired,no_observed_touch,False,False,,,
2026-06-13 16:00:00+00:00,2026-06-13 16:01:00+00:00,2026-06-13 16:15:00+00:00,2026-06-13 16:30:01+00:00,,,2026-06-13 16:15:00+00:00,,,FIB_RETRACE,crash:FIB_RETRACE:2026-06-13T16:00:00+00:00,-1,24111.141542,24132.749534000002,24138.100909,24038.502,21.405500000000497,,,expired,no_observed_touch,False,False,,,
2026-06-13 17:00:00+00:00,2026-06-13 17:01:00+00:00,2026-06-13 17:15:00+00:00,2026-06-13 17:30:01+00:00,,,2026-06-13 17:15:00+00:00,,,FIB_RETRACE,crash:FIB_RETRACE:2026-06-13T17:00:00+00:00,-1,23961.048336,23997.832272,24006.294468428572,23827.901,33.84878571428531,,,expired,no_observed_touch,False,False,,,
2026-06-14 23:00:00+00:00,2026-06-14 23:01:00+00:00,2026-06-14 23:15:00+00:00,2026-06-14 23:30:01+00:00,,,2026-06-14 23:15:00+00:00,,,FIB_RETRACE,crash:FIB_RETRACE:2026-06-14T23:00:00+00:00,-1,23920.729704,23940.020808,23945.422968714287,23854.116,21.60864285714238,,,expired,no_observed_touch,False,False,,,
2026-06-14 23:30:00+00:00,2026-06-14 23:31:00+00:00,2026-06-14 23:45:00+00:00,2026-06-15 00:00:01+00:00,,,2026-06-14 23:45:00+00:00,,,FIB_RETRACE,crash:FIB_RETRACE:2026-06-14T23:30:00+00:00,-1,23878.618395999998,23900.058892,23906.485642,23802.122,25.706999999999034,,,expired,no_observed_touch,False,False,,,
2026-06-15 01:00:00+00:00,2026-06-15 01:01:00+00:00,2026-06-15 01:15:00+00:00,2026-06-15 01:30:01+00:00,,,2026-06-15 01:15:00+00:00,,,FIB_RETRACE,crash:FIB_RETRACE:2026-06-15T01:00:00+00:00,-1,23781.176862,23797.785174,23803.661459714287,23720.498,23.505142857142346,,,expired,no_observed_touch,False,False,,,
2026-06-15 01:30:00+00:00,2026-06-15 01:31:00+00:00,2026-06-15 01:45:00+00:00,2026-06-15 02:00:01+00:00,,,2026-06-15 01:45:00+00:00,,,FIB_RETRACE,crash:FIB_RETRACE:2026-06-15T01:30:00+00:00,-1,23731.731553999998,23755.697258,23762.277293714287,23655.509,26.320142857142336,,,expired,no_observed_touch,False,False,,,
2026-06-15 05:00:00+00:00,2026-06-15 05:01:00+00:00,2026-06-15 05:15:00+00:00,2026-06-15 05:30:01+00:00,,,2026-06-15 05:15:00+00:00,,,FIB_RETRACE,crash:FIB_RETRACE:2026-06-15T05:00:00+00:00,-1,23691.650306,23705.949962,23710.927729857143,23647.347,19.911071428572022,,,expired,no_observed_touch,False,False,,,
2026-06-15 08:00:00+00:00,2026-06-15 08:01:00+00:00,2026-06-15 08:15:00+00:00,2026-06-15 08:30:01+00:00,,,2026-06-15 08:15:00+00:00,,,FIB_RETRACE,crash:FIB_RETRACE:2026-06-15T08:00:00+00:00,-1,23456.20581,23477.80137,23483.70342357143,23384.407,23.608214285713725,,,expired,no_observed_touch,False,False,,,
2026-06-15 09:00:00+00:00,2026-06-15 09:01:00+00:00,2026-06-15 09:15:00+00:00,2026-06-15 09:30:01+00:00,,,2026-06-15 09:15:00+00:00,,,FIB_RETRACE,crash:FIB_RETRACE:2026-06-15T09:00:00+00:00,-1,23368.422963999998,23381.005828,23386.949488714286,23329.027,23.77464285714346,,,expired,no_observed_touch,False,False,,,
2026-06-15 13:00:00+00:00,2026-06-15 13:01:00+00:00,2026-06-15 13:15:00+00:00,2026-06-15 13:30:01+00:00,,,2026-06-15 13:15:00+00:00,,,FIB_RETRACE,crash:FIB_RETRACE:2026-06-15T13:00:00+00:00,-1,23256.753534,23284.265718000002,23290.540628714287,23156.378,25.09964285714315,,,expired,no_observed_touch,False,False,,,
2026-06-15 13:30:00+00:00,2026-06-15 13:31:00+00:00,2026-06-15 13:45:00+00:00,2026-06-15 14:00:01+00:00,,,2026-06-15 13:45:00+00:00,,,FIB_RETRACE,crash:FIB_RETRACE:2026-06-15T13:30:00+00:00,-1,23202.031488,23214.667776,23219.42207957143,23173.946,19.017214285714676,,,expired,no_observed_touch,False,False,,,
2026-06-15 19:30:00+00:00,2026-06-15 19:31:00+00:00,2026-06-15 19:45:00+00:00,2026-06-15 20:00:01+00:00,,,2026-06-15 19:45:00+00:00,,,FIB_RETRACE,crash:FIB_RETRACE:2026-06-15T19:30:00+00:00,-1,22966.361668,22982.359636,22987.59156457143,22928.85,20.92771428571411,,,expired,no_observed_touch,False,False,,,
2026-06-15 20:30:00+00:00,2026-06-15 20:31:00+00:00,2026-06-15 20:45:00+00:00,2026-06-15 21:00:01+00:00,,,2026-06-15 20:45:00+00:00,,,FIB_RETRACE,crash:FIB_RETRACE:2026-06-15T20:30:00+00:00,-1,22898.933866,22919.352082,22925.374832,22830.079,24.09100000000035,,,expired,no_observed_touch,False,False,,,
2026-06-15 22:30:00+00:00,2026-06-15 22:31:00+00:00,2026-06-15 22:45:00+00:00,2026-06-15 23:00:01+00:00,,,2026-06-15 22:45:00+00:00,,,FIB_RETRACE,crash:FIB_RETRACE:2026-06-15T22:30:00+00:00,-1,22740.235772,22763.143244,22769.277636857143,22665.558,24.537571428571805,,,expired,no_observed_touch,False,False,,,
2026-06-16 02:00:00+00:00,2026-06-16 02:01:00+00:00,2026-06-16 02:15:00+00:00,2026-06-16 02:30:01+00:00,,,2026-06-16 02:15:00+00:00,,,FIB_RETRACE,crash:FIB_RETRACE:2026-06-16T02:00:00+00:00,-1,22819.794542,22838.630534,22843.998659,22751.992,21.472500000000373,,,expired,no_observed_touch,False,False,,,
2026-06-16 02:30:00+00:00,2026-06-16 02:31:00+00:00,2026-06-16 02:45:00+00:00,2026-06-16 03:00:01+00:00,,,2026-06-16 02:45:00+00:00,,,FIB_RETRACE,crash:FIB_RETRACE:2026-06-16T02:30:00+00:00,-1,22812.091512,22834.315223999998,22839.984831142854,22739.629,22.678428571429063,,,expired,no_observed_touch,False,False,,,
2026-06-16 04:00:00+00:00,2026-06-16 04:01:00+00:00,2026-06-16 04:15:00+00:00,2026-06-16 04:30:01+00:00,,,2026-06-16 04:15:00+00:00,,,FIB_RETRACE,crash:FIB_RETRACE:2026-06-16T04:00:00+00:00,-1,22780.346762,22793.183474,22797.743170428574,22754.159,18.23878571428551,,,expired,no_observed_touch,False,False,,,
2026-06-16 20:00:00+00:00,2026-06-16 20:01:00+00:00,2026-06-16 20:15:00+00:00,2026-06-16 20:30:01+00:00,,,2026-06-16 20:15:00+00:00,,,FIB_RETRACE,crash:FIB_RETRACE:2026-06-16T20:00:00+00:00,-1,22932.38166,22949.99982,22955.309516428573,22871.917,21.23878571428577,,,expired,no_observed_touch,False,False,,,
2026-06-16 21:00:00+00:00,2026-06-16 21:01:00+00:00,2026-06-16 21:15:00+00:00,2026-06-16 21:30:01+00:00,,,2026-06-16 21:15:00+00:00,,,FIB_RETRACE,crash:FIB_RETRACE:2026-06-16T21:00:00+00:00,-1,22897.159316,22912.541731999998,22918.637642714282,22846.135,24.3836428571428,,,expired,no_observed_touch,False,False,,,
2026-06-16 21:30:00+00:00,2026-06-16 21:31:00+00:00,2026-06-16 21:45:00+00:00,2026-06-16 22:00:01+00:00,,,2026-06-16 21:45:00+00:00,,,FIB_RETRACE,crash:FIB_RETRACE:2026-06-16T21:30:00+00:00,-1,22889.508619999997,22908.255739999997,22913.48063285714,22824.333,20.899571428571758,,,expired,no_observed_touch,False,False,,,
2026-06-17 08:00:00+00:00,2026-06-17 08:01:00+00:00,2026-06-17 08:15:00+00:00,2026-06-17 08:30:01+00:00,,,2026-06-17 08:15:00+00:00,,,FIB_RETRACE,crash:FIB_RETRACE:2026-06-17T08:00:00+00:00,-1,22933.99816,22950.06232,22956.22374857143,22880.612,24.645714285714607,,,expired,no_observed_touch,False,False,,,
2026-06-18 01:00:00+00:00,2026-06-18 01:01:00+00:00,2026-06-18 01:15:00+00:00,2026-06-18 01:30:01+00:00,,,2026-06-18 01:15:00+00:00,,,FIB_RETRACE,crash:FIB_RETRACE:2026-06-18T01:00:00+00:00,-1,22788.124994,22801.604138000002,22807.275763,22743.926,22.686500000000315,,,expired,no_observed_touch,False,False,,,
2026-06-18 17:00:00+00:00,2026-06-18 17:01:00+00:00,2026-06-18 17:15:00+00:00,2026-06-18 17:30:01+00:00,,,2026-06-18 17:15:00+00:00,,,FIB_RETRACE,crash:FIB_RETRACE:2026-06-18T17:00:00+00:00,-1,22891.539936,22910.381472,22915.980293428573,22829.881,22.39528571428647,,,expired,no_observed_touch,False,False,,,
2026-06-18 17:30:00+00:00,2026-06-18 17:31:00+00:00,2026-06-18 17:45:00+00:00,2026-06-18 18:00:01+00:00,2026-06-18 17:35:50+00:00,2026-06-18 17:35:51+00:00,2026-06-18 17:50:51+00:00,,,FIB_RETRACE,crash:FIB_RETRACE:2026-06-18T17:30:00+00:00,-1,22861.182539999998,22871.771579999997,22876.08584785714,22848.195,17.25707142857157,22861.279,22894.599,completed,time,False,False,-0.965401346859863,-1.015401346859863,15.0
2026-06-19 20:00:00+00:00,2026-06-19 20:01:00+00:00,2026-06-19 20:15:00+00:00,2026-06-19 20:30:01+00:00,,,2026-06-19 20:15:00+00:00,,,FIB_RETRACE,crash:FIB_RETRACE:2026-06-19T20:00:00+00:00,-1,23376.81579,23394.31383,23400.276097857142,23323.033,23.849071428571342,,,expired,no_observed_touch,False,False,,,
2026-06-19 22:00:00+00:00,2026-06-19 22:01:00+00:00,2026-06-19 22:15:00+00:00,2026-06-19 22:30:01+00:00,,,2026-06-19 22:15:00+00:00,,,FIB_RETRACE,crash:FIB_RETRACE:2026-06-19T22:00:00+00:00,-1,23288.705336000003,23318.013272,23324.292575571428,23183.484,25.117214285714518,,,expired,no_observed_touch,False,False,,,
2026-06-20 08:00:00+00:00,2026-06-20 08:01:00+00:00,2026-06-20 08:15:00+00:00,2026-06-20 08:30:01+00:00,,,2026-06-20 08:15:00+00:00,,,FIB_RETRACE,crash:FIB_RETRACE:2026-06-20T08:00:00+00:00,-1,23251.961244000002,23268.989388,23274.130155857143,23205.316,20.563071428571284,,,expired,no_observed_touch,False,False,,,
2026-06-20 11:30:00+00:00,2026-06-20 11:31:00+00:00,2026-06-20 11:45:00+00:00,2026-06-20 12:00:01+00:00,,,2026-06-20 11:45:00+00:00,,,FIB_RETRACE,crash:FIB_RETRACE:2026-06-20T11:30:00+00:00,-1,23245.34364,23265.58428,23271.636958571427,23178.098,24.21071428571434,,,expired,no_observed_touch,False,False,,,
2026-06-20 12:00:00+00:00,2026-06-20 12:01:00+00:00,2026-06-20 12:15:00+00:00,2026-06-20 12:30:01+00:00,,,2026-06-20 12:15:00+00:00,,,FIB_RETRACE,crash:FIB_RETRACE:2026-06-20T12:00:00+00:00,-1,23154.519716000003,23184.568532,23191.464549857144,23049.645,27.584071428571665,,,expired,no_observed_touch,False,False,,,
2026-06-20 12:30:00+00:00,2026-06-20 12:31:00+00:00,2026-06-20 12:45:00+00:00,2026-06-20 13:00:01+00:00,,,2026-06-20 12:45:00+00:00,,,FIB_RETRACE,crash:FIB_RETRACE:2026-06-20T12:30:00+00:00,-1,23082.128402000002,23125.117754,23133.69602185714,22924.846,34.31307142857155,,,expired,no_observed_touch,False,False,,,
2026-06-20 13:00:00+00:00,2026-06-20 13:01:00+00:00,2026-06-20 13:15:00+00:00,2026-06-20 13:30:01+00:00,,,2026-06-20 13:15:00+00:00,,,FIB_RETRACE,crash:FIB_RETRACE:2026-06-20T13:00:00+00:00,-1,23003.675774,23025.338198,23032.318537285715,22940.617,27.921357142856714,,,expired,no_observed_touch,False,False,,,
2026-06-20 20:00:00+00:00,2026-06-20 20:01:00+00:00,2026-06-20 20:15:00+00:00,2026-06-20 20:30:01+00:00,,,2026-06-20 20:15:00+00:00,,,FIB_RETRACE,crash:FIB_RETRACE:2026-06-20T20:00:00+00:00,-1,23014.99858,23043.610660000002,23050.56358857143,22916.344,27.811714285715166,,,expired,no_observed_touch,False,False,,,
2026-06-20 20:30:00+00:00,2026-06-20 20:31:00+00:00,2026-06-20 20:45:00+00:00,2026-06-20 21:00:01+00:00,,,2026-06-20 20:45:00+00:00,,,FIB_RETRACE,crash:FIB_RETRACE:2026-06-20T20:30:00+00:00,-1,22959.603402,22988.984754,22996.417718285717,22857.996,29.731857142857603,,,expired,no_observed_touch,False,False,,,
2026-06-20 23:00:00+00:00,2026-06-20 23:01:00+00:00,2026-06-20 23:15:00+00:00,2026-06-20 23:30:01+00:00,,,2026-06-20 23:15:00+00:00,,,FIB_RETRACE,crash:FIB_RETRACE:2026-06-20T23:00:00+00:00,-1,22743.580122,22767.676194,22774.323194,22702.71,26.588000000000257,,,expired,no_observed_touch,False,False,,,
2026-06-21 03:00:00+00:00,2026-06-21 03:01:00+00:00,2026-06-21 03:15:00+00:00,2026-06-21 03:30:01+00:00,,,2026-06-21 03:15:00+00:00,,,FIB_RETRACE,crash:FIB_RETRACE:2026-06-21T03:00:00+00:00,-1,22780.15265,22814.74805,22821.351049999997,22657.462,26.411999999999484,,,expired,no_observed_touch,False,False,,,
2026-06-21 03:30:00+00:00,2026-06-21 03:31:00+00:00,2026-06-21 03:45:00+00:00,2026-06-21 04:00:01+00:00,,,2026-06-21 03:45:00+00:00,,,FIB_RETRACE,crash:FIB_RETRACE:2026-06-21T03:30:00+00:00,-1,22780.15265,22814.74805,22821.337782142855,22684.692,26.358928571428415,,,expired,no_observed_touch,False,False,,,
2026-06-21 21:00:00+00:00,2026-06-21 21:01:00+00:00,2026-06-21 21:15:00+00:00,2026-06-21 21:30:01+00:00,,,2026-06-21 21:15:00+00:00,,,FIB_RETRACE,crash:FIB_RETRACE:2026-06-21T21:00:00+00:00,-1,22986.940592000003,23012.030384,23017.890241142857,22903.009,23.439428571428966,,,expired,no_observed_touch,False,False,,,
2026-06-22 16:30:00+00:00,2026-06-22 16:31:00+00:00,2026-06-22 16:45:00+00:00,2026-06-22 17:00:01+00:00,,,2026-06-22 16:45:00+00:00,,,FIB_RETRACE,crash:FIB_RETRACE:2026-06-22T16:30:00+00:00,-1,23038.229671999998,23067.277544,23073.319044,22933.434,24.1660000000003,,,expired,no_observed_touch,False,False,,,
2026-06-24 11:00:00+00:00,2026-06-24 11:01:00+00:00,2026-06-24 11:15:00+00:00,2026-06-24 11:30:01+00:00,,,2026-06-24 11:15:00+00:00,,,FIB_RETRACE,crash:FIB_RETRACE:2026-06-24T11:00:00+00:00,-1,23299.652342,23313.297134,23317.805991142857,23256.554,18.035428571428252,,,expired,no_observed_touch,False,False,,,
2026-06-24 14:00:00+00:00,2026-06-24 14:01:00+00:00,2026-06-24 14:15:00+00:00,2026-06-24 14:30:01+00:00,,,2026-06-24 14:15:00+00:00,,,FIB_RETRACE,crash:FIB_RETRACE:2026-06-24T14:00:00+00:00,-1,23346.439748,23363.959796,23369.44686742857,23287.657,21.948285714285834,,,expired,no_observed_touch,False,False,,,
2026-06-25 20:00:00+00:00,2026-06-25 20:01:00+00:00,2026-06-25 20:15:00+00:00,2026-06-25 20:30:01+00:00,,,2026-06-25 20:15:00+00:00,,,FIB_RETRACE,crash:FIB_RETRACE:2026-06-25T20:00:00+00:00,-1,23800.036492,23819.338684,23825.290434,23733.016,23.80699999999992,,,expired,no_observed_touch,False,False,,,
2026-06-26 01:00:00+00:00,2026-06-26 01:01:00+00:00,2026-06-26 01:15:00+00:00,2026-06-26 01:30:01+00:00,,,2026-06-26 01:15:00+00:00,,,FIB_RETRACE,crash:FIB_RETRACE:2026-06-26T01:00:00+00:00,-1,23675.56223,23704.49771,23710.656352857142,23570.715,24.63457142857182,,,expired,no_observed_touch,False,False,,,
2026-06-26 05:00:00+00:00,2026-06-26 05:01:00+00:00,2026-06-26 05:15:00+00:00,2026-06-26 05:30:01+00:00,2026-06-26 05:10:05+00:00,2026-06-26 05:10:06+00:00,2026-06-26 05:25:06+00:00,,,FIB_RETRACE,crash:FIB_RETRACE:2026-06-26T05:00:00+00:00,-1,23666.859389999998,23679.099029999998,23683.610155,23642.934,18.04449999999997,23666.916,23674.643,completed,time,False,False,-0.2141095624705302,-0.2641095624705302,15.0
2026-06-26 20:30:00+00:00,2026-06-26 20:31:00+00:00,2026-06-26 20:45:00+00:00,2026-06-26 21:00:01+00:00,,,2026-06-26 20:45:00+00:00,,,FIB_RETRACE,crash:FIB_RETRACE:2026-06-26T20:30:00+00:00,-1,23753.664714,23789.158578,23796.839292285713,23631.353,30.72285714285655,,,expired,no_observed_touch,False,False,,,
2026-06-27 00:30:00+00:00,2026-06-27 00:31:00+00:00,2026-06-27 00:45:00+00:00,2026-06-27 01:00:01+00:00,,,2026-06-27 00:45:00+00:00,,,FIB_RETRACE,crash:FIB_RETRACE:2026-06-27T00:30:00+00:00,-1,23727.377706,23739.123762,23745.149637,23685.076,24.103499999999777,,,expired,no_observed_touch,False,False,,,
2026-06-27 01:00:00+00:00,2026-06-27 01:01:00+00:00,2026-06-27 01:15:00+00:00,2026-06-27 01:30:01+00:00,,,2026-06-27 01:15:00+00:00,,,FIB_RETRACE,crash:FIB_RETRACE:2026-06-27T01:00:00+00:00,-1,23727.377706,23739.123762,23744.000012,23703.819,19.504999999999978,,,expired,no_observed_touch,False,False,,,
2026-06-27 01:30:00+00:00,2026-06-27 01:31:00+00:00,2026-06-27 01:45:00+00:00,2026-06-27 02:00:01+00:00,,,2026-06-27 01:45:00+00:00,,,FIB_RETRACE,crash:FIB_RETRACE:2026-06-27T01:30:00+00:00,-1,23679.432488,23702.064776,23708.376526,23611.021,25.246999999999648,,,expired,no_observed_touch,False,False,,,
2026-06-27 20:00:00+00:00,2026-06-27 20:01:00+00:00,2026-06-27 20:15:00+00:00,2026-06-27 20:30:01+00:00,,,2026-06-27 20:15:00+00:00,,,FIB_RETRACE,crash:FIB_RETRACE:2026-06-27T20:00:00+00:00,-1,23881.22768,23900.42336,23905.966520714286,23821.587,22.17264285714321,,,expired,no_observed_touch,False,False,,,
2026-06-28 05:30:00+00:00,2026-06-28 05:31:00+00:00,2026-06-28 05:45:00+00:00,2026-06-28 06:00:01+00:00,,,2026-06-28 05:45:00+00:00,,,FIB_RETRACE,crash:FIB_RETRACE:2026-06-28T05:30:00+00:00,-1,23885.493758,23898.384566,23903.246476714285,23847.541,19.447642857142323,,,expired,no_observed_touch,False,False,,,
2026-06-28 07:00:00+00:00,2026-06-28 07:01:00+00:00,2026-06-28 07:15:00+00:00,2026-06-28 07:30:01+00:00,,,2026-06-28 07:15:00+00:00,,,FIB_RETRACE,crash:FIB_RETRACE:2026-06-28T07:00:00+00:00,-1,23835.067258,23872.276066,23879.86538742857,23704.513,30.357285714285744,,,expired,no_observed_touch,False,False,,,
2026-06-28 10:00:00+00:00,2026-06-28 10:01:00+00:00,2026-06-28 10:15:00+00:00,2026-06-28 10:30:01+00:00,,,2026-06-28 10:15:00+00:00,,,FIB_RETRACE,crash:FIB_RETRACE:2026-06-28T10:00:00+00:00,-1,23743.686442,23778.322834,23785.513566142858,23623.729,28.762928571428347,,,expired,no_observed_touch,False,False,,,
2026-06-28 11:30:00+00:00,2026-06-28 11:31:00+00:00,2026-06-28 11:45:00+00:00,2026-06-28 12:00:01+00:00,,,2026-06-28 11:45:00+00:00,,,FIB_RETRACE,crash:FIB_RETRACE:2026-06-28T11:30:00+00:00,-1,23448.770264,23472.163927999998,23478.733481571428,23368.622,26.278214285714316,,,expired,no_observed_touch,False,False,,,
2026-06-28 12:00:00+00:00,2026-06-28 12:01:00+00:00,2026-06-28 12:15:00+00:00,2026-06-28 12:30:01+00:00,,,2026-06-28 12:15:00+00:00,,,FIB_RETRACE,crash:FIB_RETRACE:2026-06-28T12:00:00+00:00,-1,23443.414426,23469.111202,23475.394112714286,23352.327,25.13164285714343,,,expired,no_observed_touch,False,False,,,
2026-06-29 05:00:00+00:00,2026-06-29 05:01:00+00:00,2026-06-29 05:15:00+00:00,2026-06-29 05:30:01+00:00,,,2026-06-29 05:15:00+00:00,,,FIB_RETRACE,crash:FIB_RETRACE:2026-06-29T05:00:00+00:00,-1,23600.32861,23617.15297,23621.869095,23546.75,18.86449999999994,,,expired,no_observed_touch,False,False,,,
2026-06-29 16:30:00+00:00,2026-06-29 16:31:00+00:00,2026-06-29 16:45:00+00:00,2026-06-29 17:00:01+00:00,,,2026-06-29 16:45:00+00:00,,,FIB_RETRACE,crash:FIB_RETRACE:2026-06-29T16:30:00+00:00,-1,23585.121932000002,23614.685564,23621.945796142856,23478.709,29.040928571429372,,,expired,no_observed_touch,False,False,,,
2026-06-29 20:30:00+00:00,2026-06-29 20:31:00+00:00,2026-06-29 20:45:00+00:00,2026-06-29 21:00:01+00:00,,,2026-06-29 20:45:00+00:00,,,FIB_RETRACE,crash:FIB_RETRACE:2026-06-29T20:30:00+00:00,-1,23453.063815999998,23466.136232,23471.596464142858,23410.573,21.840928571428645,,,expired,no_observed_touch,False,False,,,
2026-06-30 20:00:00+00:00,2026-06-30 20:01:00+00:00,2026-06-30 20:15:00+00:00,2026-06-30 20:30:01+00:00,,,2026-06-30 20:15:00+00:00,,,FIB_RETRACE,crash:FIB_RETRACE:2026-06-30T20:00:00+00:00,-1,23497.438898,23520.448346,23526.462006714286,23423.063,24.054642857142817,,,expired,no_observed_touch,False,False,,,
2026-07-01 20:00:00+00:00,2026-07-01 20:01:00+00:00,2026-07-01 20:15:00+00:00,2026-07-01 20:30:01+00:00,,,2026-07-01 20:15:00+00:00,,,FIB_RETRACE,crash:FIB_RETRACE:2026-07-01T20:00:00+00:00,-1,23674.246796,23695.233692,23700.567317,23602.312,21.334500000000585,,,expired,no_observed_touch,False,False,,,
2026-07-01 20:30:00+00:00,2026-07-01 20:31:00+00:00,2026-07-01 20:45:00+00:00,2026-07-01 21:00:01+00:00,,,2026-07-01 20:45:00+00:00,,,FIB_RETRACE,crash:FIB_RETRACE:2026-07-01T20:30:00+00:00,-1,23660.688538000002,23684.114626000002,23690.50916171429,23591.885,25.578142857142925,,,expired,no_observed_touch,False,False,,,
2026-07-02 04:30:00+00:00,2026-07-02 04:31:00+00:00,2026-07-02 04:45:00+00:00,2026-07-02 05:00:01+00:00,,,2026-07-02 04:45:00+00:00,,,FIB_RETRACE,crash:FIB_RETRACE:2026-07-02T04:30:00+00:00,-1,23726.916902,23758.272254,23765.17970042857,23620.348,27.62978571428539,,,expired,no_observed_touch,False,False,,,
2026-07-02 05:00:00+00:00,2026-07-02 05:01:00+00:00,2026-07-02 05:15:00+00:00,2026-07-02 05:30:01+00:00,,,2026-07-02 05:15:00+00:00,,,FIB_RETRACE,crash:FIB_RETRACE:2026-07-02T05:00:00+00:00,-1,23621.025999999998,23639.422,23646.899732142854,23556.753,29.910928571428354,,,expired,no_observed_touch,False,False,,,
2026-07-02 18:00:00+00:00,2026-07-02 18:01:00+00:00,2026-07-02 18:15:00+00:00,2026-07-02 18:30:01+00:00,,,2026-07-02 18:15:00+00:00,,,FIB_RETRACE,crash:FIB_RETRACE:2026-07-02T18:00:00+00:00,-1,23788.605346,23815.048042,23821.442631285714,23693.989,25.578357142857776,,,expired,no_observed_touch,False,False,,,
2026-07-03 15:00:00+00:00,2026-07-03 15:01:00+00:00,2026-07-03 15:15:00+00:00,2026-07-03 15:30:01+00:00,,,2026-07-03 15:15:00+00:00,,,FIB_RETRACE,crash:FIB_RETRACE:2026-07-03T15:00:00+00:00,-1,23679.854168,23709.250136,23716.318564571426,23573.388,28.27371428571496,,,expired,no_observed_touch,False,False,,,
2026-07-03 18:30:00+00:00,2026-07-03 18:31:00+00:00,2026-07-03 18:45:00+00:00,2026-07-03 19:00:01+00:00,2026-07-03 18:37:34+00:00,2026-07-03 18:37:35+00:00,2026-07-03 18:52:35+00:00,,,FIB_RETRACE,crash:FIB_RETRACE:2026-07-03T18:30:00+00:00,-1,23646.08342,23660.14334,23665.194232857142,23628.439,20.203571428571326,23646.195,23644.619,completed,time,False,False,0.03900300512641533,-0.010996994873584673,15.0
2026-07-04 06:00:00+00:00,2026-07-04 06:01:00+00:00,2026-07-04 06:15:00+00:00,2026-07-04 06:30:01+00:00,,,2026-07-04 06:15:00+00:00,,,FIB_RETRACE,crash:FIB_RETRACE:2026-07-04T06:00:00+00:00,-1,23593.548046,23611.699942,23618.101352714286,23533.368,25.60564285714281,,,expired,no_observed_touch,False,False,,,
2026-07-06 04:00:00+00:00,2026-07-06 04:01:00+00:00,2026-07-06 04:15:00+00:00,2026-07-06 04:30:01+00:00,,,2026-07-06 04:15:00+00:00,,,FIB_RETRACE,crash:FIB_RETRACE:2026-07-06T04:00:00+00:00,-1,24162.923916,24180.775932,24186.207592714287,24117.555,21.726642857143037,,,expired,no_observed_touch,False,False,,,
2026-07-06 04:30:00+00:00,2026-07-06 04:31:00+00:00,2026-07-06 04:45:00+00:00,2026-07-06 05:00:01+00:00,,,2026-07-06 04:45:00+00:00,,,FIB_RETRACE,crash:FIB_RETRACE:2026-07-06T04:30:00+00:00,-1,24104.201692,24129.955083999997,24136.533459,24014.467,26.313499999999685,,,expired,no_observed_touch,False,False,,,
2026-07-06 08:00:00+00:00,2026-07-06 08:01:00+00:00,2026-07-06 08:15:00+00:00,2026-07-06 08:30:01+00:00,,,2026-07-06 08:15:00+00:00,,,FIB_RETRACE,crash:FIB_RETRACE:2026-07-06T08:00:00+00:00,-1,23999.330638,24011.492326,24016.067718857143,23960.168,18.301571428571282,,,expired,no_observed_touch,False,False,,,
2026-07-06 08:30:00+00:00,2026-07-06 08:31:00+00:00,2026-07-06 08:45:00+00:00,2026-07-06 09:00:01+00:00,,,2026-07-06 08:45:00+00:00,,,FIB_RETRACE,crash:FIB_RETRACE:2026-07-06T08:30:00+00:00,-1,23976.980199999998,23998.9714,24004.64697142857,23899.29,22.70228571428561,,,expired,no_observed_touch,False,False,,,
2026-07-07 01:30:00+00:00,2026-07-07 01:31:00+00:00,2026-07-07 01:45:00+00:00,2026-07-07 02:00:01+00:00,,,2026-07-07 01:45:00+00:00,,,FIB_RETRACE,crash:FIB_RETRACE:2026-07-07T01:30:00+00:00,-1,24031.636496,24051.388592,24057.235913428573,23964.154,23.389285714286547,,,expired,no_observed_touch,False,False,,,
2026-07-07 05:00:00+00:00,2026-07-07 05:01:00+00:00,2026-07-07 05:15:00+00:00,2026-07-07 05:30:01+00:00,,,2026-07-07 05:15:00+00:00,,,FIB_RETRACE,crash:FIB_RETRACE:2026-07-07T05:00:00+00:00,-1,23819.41729,23832.925330000002,23837.76018714286,23780.151,19.33942857142834,,,expired,no_observed_touch,False,False,,,
2026-07-07 12:00:00+00:00,2026-07-07 12:01:00+00:00,2026-07-07 12:15:00+00:00,2026-07-07 12:30:01+00:00,,,2026-07-07 12:15:00+00:00,,,FIB_RETRACE,crash:FIB_RETRACE:2026-07-07T12:00:00+00:00,-1,23918.750704,23957.529808,23965.139825857143,23782.815,30.440071428571173,,,expired,no_observed_touch,False,False,,,
2026-07-07 21:00:00+00:00,2026-07-07 21:01:00+00:00,2026-07-07 21:15:00+00:00,2026-07-07 21:30:01+00:00,,,2026-07-07 21:15:00+00:00,,,FIB_RETRACE,crash:FIB_RETRACE:2026-07-07T21:00:00+00:00,-1,23822.36056,23848.72312,23855.647959285714,23742.181,27.69935714285748,,,expired,no_observed_touch,False,False,,,
2026-07-07 21:30:00+00:00,2026-07-07 21:31:00+00:00,2026-07-07 21:45:00+00:00,2026-07-07 22:00:01+00:00,,,2026-07-07 21:45:00+00:00,,,FIB_RETRACE,crash:FIB_RETRACE:2026-07-07T21:30:00+00:00,-1,23786.079228,23811.807756,23817.856613142856,23699.386,24.19542857142837,,,expired,no_observed_touch,False,False,,,
2026-07-07 22:00:00+00:00,2026-07-07 22:01:00+00:00,2026-07-07 22:15:00+00:00,2026-07-07 22:30:01+00:00,,,2026-07-07 22:15:00+00:00,,,FIB_RETRACE,crash:FIB_RETRACE:2026-07-07T22:00:00+00:00,-1,23706.409444,23725.520788,23731.306002285717,23646.943,23.140857142856994,,,expired,no_observed_touch,False,False,,,
2026-07-08 00:00:00+00:00,2026-07-08 00:01:00+00:00,2026-07-08 00:15:00+00:00,2026-07-08 00:30:01+00:00,,,2026-07-08 00:15:00+00:00,,,FIB_RETRACE,crash:FIB_RETRACE:2026-07-08T00:00:00+00:00,-1,23662.571694000002,23676.664038000003,23682.267930857146,23613.639,22.41557142857138,,,expired,no_observed_touch,False,False,,,
2026-07-08 03:30:00+00:00,2026-07-08 03:31:00+00:00,2026-07-08 03:45:00+00:00,2026-07-08 04:00:01+00:00,,,2026-07-08 03:45:00+00:00,,,FIB_RETRACE,crash:FIB_RETRACE:2026-07-08T03:30:00+00:00,-1,23723.105092,23748.152884,23754.235437571428,23635.689,24.330214285714515,,,expired,no_observed_touch,False,False,,,
2026-07-08 13:00:00+00:00,2026-07-08 13:01:00+00:00,2026-07-08 13:15:00+00:00,2026-07-08 13:30:01+00:00,,,2026-07-08 13:15:00+00:00,,,FIB_RETRACE,crash:FIB_RETRACE:2026-07-08T13:00:00+00:00,-1,23505.69118,23522.40886,23527.33741357143,23458.217,19.71421428571427,,,expired,no_observed_touch,False,False,,,
2026-07-08 22:00:00+00:00,2026-07-08 22:01:00+00:00,2026-07-08 22:15:00+00:00,2026-07-08 22:30:01+00:00,,,2026-07-08 22:15:00+00:00,,,FIB_RETRACE,crash:FIB_RETRACE:2026-07-08T22:00:00+00:00,-1,23393.641584,23410.271568,23415.59901442857,23333.113,21.30978571428594,,,expired,no_observed_touch,False,False,,,
2026-07-09 00:00:00+00:00,2026-07-09 00:01:00+00:00,2026-07-09 00:15:00+00:00,2026-07-09 00:30:01+00:00,,,2026-07-09 00:15:00+00:00,,,FIB_RETRACE,crash:FIB_RETRACE:2026-07-09T00:00:00+00:00,-1,23357.198988,23373.825276,23379.22595457143,23306.3,21.602714285714164,,,expired,no_observed_touch,False,False,,,
2026-07-09 01:00:00+00:00,2026-07-09 01:01:00+00:00,2026-07-09 01:15:00+00:00,2026-07-09 01:30:01+00:00,,,2026-07-09 01:15:00+00:00,,,FIB_RETRACE,crash:FIB_RETRACE:2026-07-09T01:00:00+00:00,-1,23281.883596,23300.787291999997,23306.85855985714,23226.706,24.285071428571296,,,expired,no_observed_touch,False,False,,,
2026-07-09 01:30:00+00:00,2026-07-09 01:31:00+00:00,2026-07-09 01:45:00+00:00,2026-07-09 02:00:01+00:00,,,2026-07-09 01:45:00+00:00,,,FIB_RETRACE,crash:FIB_RETRACE:2026-07-09T01:30:00+00:00,-1,23243.081572,23255.169844,23260.650933285713,23203.411,21.924357142857065,,,expired,no_observed_touch,False,False,,,
2026-07-09 02:00:00+00:00,2026-07-09 02:01:00+00:00,2026-07-09 02:15:00+00:00,2026-07-09 02:30:01+00:00,,,2026-07-09 02:15:00+00:00,,,FIB_RETRACE,crash:FIB_RETRACE:2026-07-09T02:00:00+00:00,-1,23229.024368,23241.435535999997,23246.644964571427,23196.768,20.837714285713965,,,expired,no_observed_touch,False,False,,,
2026-07-09 04:00:00+00:00,2026-07-09 04:01:00+00:00,2026-07-09 04:15:00+00:00,2026-07-09 04:30:01+00:00,,,2026-07-09 04:15:00+00:00,,,FIB_RETRACE,crash:FIB_RETRACE:2026-07-09T04:00:00+00:00,-1,23160.816138000002,23173.103826000002,23177.93086171429,23123.789,19.308142857142748,,,expired,no_observed_touch,False,False,,,
2026-07-09 21:30:00+00:00,2026-07-09 21:31:00+00:00,2026-07-09 21:45:00+00:00,2026-07-09 22:00:01+00:00,,,2026-07-09 21:45:00+00:00,,,FIB_RETRACE,crash:FIB_RETRACE:2026-07-09T21:30:00+00:00,-1,22967.050142,22986.171734,22990.933448285712,22918.281,19.046857142856815,,,expired,no_observed_touch,False,False,,,
2026-07-09 22:30:00+00:00,2026-07-09 22:31:00+00:00,2026-07-09 22:45:00+00:00,2026-07-09 23:00:01+00:00,,,2026-07-09 22:45:00+00:00,,,FIB_RETRACE,crash:FIB_RETRACE:2026-07-09T22:30:00+00:00,-1,22930.308662,22959.785774,22965.760809714287,22822.443,23.90014285714304,,,expired,no_observed_touch,False,False,,,
2026-07-11 14:00:00+00:00,2026-07-11 14:01:00+00:00,2026-07-11 14:15:00+00:00,2026-07-11 14:30:01+00:00,,,2026-07-11 14:15:00+00:00,,,FIB_RETRACE,crash:FIB_RETRACE:2026-07-11T14:00:00+00:00,-1,22964.566164,22973.100228,22977.630085142857,22936.479,18.119428571429257,,,expired,no_observed_touch,False,False,,,
2026-07-11 23:30:00+00:00,2026-07-11 23:31:00+00:00,2026-07-11 23:45:00+00:00,2026-07-12 00:00:01+00:00,,,2026-07-11 23:45:00+00:00,,,FIB_RETRACE,crash:FIB_RETRACE:2026-07-11T23:30:00+00:00,-1,23048.562547999998,23071.727396,23078.959324571428,22964.99,28.92771428571437,,,expired,no_observed_touch,False,False,,,
2026-07-14 21:00:00+00:00,2026-07-14 21:01:00+00:00,2026-07-14 21:15:00+00:00,2026-07-14 21:30:01+00:00,,,2026-07-14 21:15:00+00:00,,,FIB_RETRACE,crash:FIB_RETRACE:2026-07-14T21:00:00+00:00,-1,23726.044754000002,23744.365658000002,23751.09039014286,23663.425,26.89892857142877,,,expired,no_observed_touch,False,False,,,
2026-07-14 21:30:00+00:00,2026-07-14 21:31:00+00:00,2026-07-14 21:45:00+00:00,2026-07-14 22:00:01+00:00,,,2026-07-14 21:45:00+00:00,,,FIB_RETRACE,crash:FIB_RETRACE:2026-07-14T21:30:00+00:00,-1,23674.193022,23705.269494,23711.785154714285,23562.941,26.062642857143146,,,expired,no_observed_touch,False,False,,,
2026-07-15 05:00:00+00:00,2026-07-15 05:01:00+00:00,2026-07-15 05:15:00+00:00,2026-07-15 05:30:01+00:00,,,2026-07-15 05:15:00+00:00,,,FIB_RETRACE,crash:FIB_RETRACE:2026-07-15T05:00:00+00:00,-1,23576.790072,23591.020344,23596.08866542857,23537.043,20.27328571428552,,,expired,no_observed_touch,False,False,,,
2026-07-15 12:30:00+00:00,2026-07-15 12:31:00+00:00,2026-07-15 12:45:00+00:00,2026-07-15 13:00:01+00:00,,,2026-07-15 12:45:00+00:00,,,FIB_RETRACE,crash:FIB_RETRACE:2026-07-15T12:30:00+00:00,-1,23485.922504,23504.222407999998,23510.137122285712,23424.833,23.658857142857023,,,expired,no_observed_touch,False,False,,,
2026-07-15 18:30:00+00:00,2026-07-15 18:31:00+00:00,2026-07-15 18:45:00+00:00,2026-07-15 19:00:01+00:00,,,2026-07-15 18:45:00+00:00,,,FIB_RETRACE,crash:FIB_RETRACE:2026-07-15T18:30:00+00:00,-1,23438.710963999998,23456.585828,23461.745863714284,23381.544,20.640142857142564,,,expired,no_observed_touch,False,False,,,
2026-07-18 00:00:00+00:00,2026-07-18 00:01:00+00:00,2026-07-18 00:15:00+00:00,2026-07-18 00:30:01+00:00,,,2026-07-18 00:15:00+00:00,,,FIB_RETRACE,crash:FIB_RETRACE:2026-07-18T00:00:00+00:00,-1,23941.934384,23965.469168,23970.780560857143,23863.256,21.245571428571566,,,expired,no_observed_touch,False,False,,,
2026-07-18 00:30:00+00:00,2026-07-18 00:31:00+00:00,2026-07-18 00:45:00+00:00,2026-07-18 01:00:01+00:00,,,2026-07-18 00:45:00+00:00,,,FIB_RETRACE,crash:FIB_RETRACE:2026-07-18T00:30:00+00:00,-1,23941.934384,23965.469168,23971.36209657143,23876.443,23.571714285714084,,,expired,no_observed_touch,False,False,,,
2026-07-18 03:00:00+00:00,2026-07-18 03:01:00+00:00,2026-07-18 03:15:00+00:00,2026-07-18 03:30:01+00:00,,,2026-07-18 03:15:00+00:00,,,FIB_RETRACE,crash:FIB_RETRACE:2026-07-18T03:00:00+00:00,-1,23872.175052000002,23887.179804,23892.556339714287,23829.267,21.506142857143328,,,expired,no_observed_touch,False,False,,,
2026-07-18 16:30:00+00:00,2026-07-18 16:31:00+00:00,2026-07-18 16:45:00+00:00,2026-07-18 17:00:01+00:00,,,2026-07-18 16:45:00+00:00,,,FIB_RETRACE,crash:FIB_RETRACE:2026-07-18T16:30:00+00:00,-1,23642.750416,23657.872432,23662.91600342857,23594.651,20.17428571428614,,,expired,no_observed_touch,False,False,,,
2026-07-18 17:00:00+00:00,2026-07-18 17:01:00+00:00,2026-07-18 17:15:00+00:00,2026-07-18 17:30:01+00:00,,,2026-07-18 17:15:00+00:00,,,FIB_RETRACE,crash:FIB_RETRACE:2026-07-18T17:00:00+00:00,-1,23616.72841,23630.545570000002,23636.43532,23568.85,23.558999999999806,,,expired,no_observed_touch,False,False,,,
2026-07-19 08:30:00+00:00,2026-07-19 08:31:00+00:00,2026-07-19 08:45:00+00:00,2026-07-19 09:00:01+00:00,,,2026-07-19 08:45:00+00:00,,,FIB_RETRACE,crash:FIB_RETRACE:2026-07-19T08:30:00+00:00,-1,23516.303274,23530.951698,23536.177305142857,23464.255,20.902428571428704,,,expired,no_observed_touch,False,False,,,
2026-07-20 13:00:00+00:00,2026-07-20 13:01:00+00:00,2026-07-20 13:15:00+00:00,2026-07-20 13:30:01+00:00,,,2026-07-20 13:15:00+00:00,,,FIB_RETRACE,crash:FIB_RETRACE:2026-07-20T13:00:00+00:00,-1,23412.43655,23440.90835,23447.100778571432,23327.672,24.769714285714144,,,expired,no_observed_touch,False,False,,,
2026-07-20 16:00:00+00:00,2026-07-20 16:01:00+00:00,2026-07-20 16:15:00+00:00,2026-07-20 16:30:01+00:00,,,2026-07-20 16:15:00+00:00,,,FIB_RETRACE,crash:FIB_RETRACE:2026-07-20T16:00:00+00:00,-1,23305.732101999998,23328.922653999998,23334.682957571426,23225.61,23.041214285713846,,,expired,no_observed_touch,False,False,,,
2026-07-21 05:00:00+00:00,2026-07-21 05:01:00+00:00,2026-07-21 05:15:00+00:00,2026-07-21 05:30:01+00:00,,,2026-07-21 05:15:00+00:00,,,FIB_RETRACE,crash:FIB_RETRACE:2026-07-21T05:00:00+00:00,-1,23503.58478,23517.56406,23522.601274285716,23457.953,20.148857142856546,,,expired,no_observed_touch,False,False,,,
2026-07-22 05:00:00+00:00,2026-07-22 05:01:00+00:00,2026-07-22 05:15:00+00:00,2026-07-22 05:30:01+00:00,,,2026-07-22 05:15:00+00:00,,,FIB_RETRACE,crash:FIB_RETRACE:2026-07-22T05:00:00+00:00,-1,23691.769604,23716.109108,23722.417375857145,23607.968,25.233071428571357,,,expired,no_observed_touch,False,False,,,
2026-07-22 05:30:00+00:00,2026-07-22 05:31:00+00:00,2026-07-22 05:45:00+00:00,2026-07-22 06:00:01+00:00,,,2026-07-22 05:45:00+00:00,,,FIB_RETRACE,crash:FIB_RETRACE:2026-07-22T05:30:00+00:00,-1,23620.976734,23635.620118000003,23641.68145728572,23575.236,24.245357142856978,,,expired,no_observed_touch,False,False,,,
2026-07-23 12:30:00+00:00,2026-07-23 12:31:00+00:00,2026-07-23 12:45:00+00:00,2026-07-23 13:00:01+00:00,,,2026-07-23 12:45:00+00:00,,,FIB_RETRACE,crash:FIB_RETRACE:2026-07-23T12:30:00+00:00,-1,24395.861796,24439.024692,24447.301316999998,24241.549,33.10650000000013,,,expired,no_observed_touch,False,False,,,
2026-07-23 18:30:00+00:00,2026-07-23 18:31:00+00:00,2026-07-23 18:45:00+00:00,2026-07-23 19:00:01+00:00,,,2026-07-23 18:45:00+00:00,,,FIB_RETRACE,crash:FIB_RETRACE:2026-07-23T18:30:00+00:00,-1,24309.62309,24336.33593,24342.74485857143,24241.262,25.63571428571413,,,expired,no_observed_touch,False,False,,,
2026-07-24 15:00:00+00:00,2026-07-24 15:01:00+00:00,2026-07-24 15:15:00+00:00,2026-07-24 15:30:01+00:00,,,2026-07-24 15:15:00+00:00,,,FIB_RETRACE,crash:FIB_RETRACE:2026-07-24T15:00:00+00:00,-1,24335.233092,24353.308884,24359.120294714285,24270.98,23.24564285714327,,,expired,no_observed_touch,False,False,,,
2026-07-25 11:00:00+00:00,2026-07-25 11:01:00+00:00,2026-07-25 11:15:00+00:00,2026-07-25 11:30:01+00:00,,,2026-07-25 11:15:00+00:00,,,FIB_RETRACE,crash:FIB_RETRACE:2026-07-25T11:00:00+00:00,-1,24065.155672,24081.183544,24086.506454714287,24009.899,21.291642857142506,,,expired,no_observed_touch,False,False,,,
2026-07-25 14:00:00+00:00,2026-07-25 14:01:00+00:00,2026-07-25 14:15:00+00:00,2026-07-25 14:30:01+00:00,,,2026-07-25 14:15:00+00:00,,,FIB_RETRACE,crash:FIB_RETRACE:2026-07-25T14:00:00+00:00,-1,23995.399515999998,24016.645131999998,24022.722042714282,23918.25,24.307642857142387,,,expired,no_observed_touch,False,False,,,
2026-07-25 16:00:00+00:00,2026-07-25 16:01:00+00:00,2026-07-25 16:15:00+00:00,2026-07-25 16:30:01+00:00,,,2026-07-25 16:15:00+00:00,,,FIB_RETRACE,crash:FIB_RETRACE:2026-07-25T16:00:00+00:00,-1,23933.374656,23945.670911999998,23951.327126285712,23888.908,22.624857142856854,,,expired,no_observed_touch,False,False,,,
2026-07-25 16:30:00+00:00,2026-07-25 16:31:00+00:00,2026-07-25 16:45:00+00:00,2026-07-25 17:00:01+00:00,,,2026-07-25 16:45:00+00:00,,,FIB_RETRACE,crash:FIB_RETRACE:2026-07-25T16:30:00+00:00,-1,23920.907782,23938.262014,23944.000049714286,23858.51,22.95214285714324,,,expired,no_observed_touch,False,False,,,
2026-07-26 17:00:00+00:00,2026-07-26 17:01:00+00:00,2026-07-26 17:15:00+00:00,2026-07-26 17:30:01+00:00,,,2026-07-26 17:15:00+00:00,,,FIB_RETRACE,crash:FIB_RETRACE:2026-07-26T17:00:00+00:00,-1,24238.240742,24258.319934,24264.12761257143,24207.096,23.230714285713994,,,expired,no_observed_touch,False,False,,,
2026-07-28 00:00:00+00:00,2026-07-28 00:01:00+00:00,2026-07-28 00:15:00+00:00,2026-07-28 00:30:01+00:00,,,2026-07-28 00:15:00+00:00,,,FIB_RETRACE,crash:FIB_RETRACE:2026-07-28T00:00:00+00:00,-1,24520.888307999998,24542.930915999998,24548.939540999996,24442.786,24.034500000000012,,,expired,no_observed_touch,False,False,,,
2026-07-28 04:30:00+00:00,2026-07-28 04:31:00+00:00,2026-07-28 04:45:00+00:00,2026-07-28 05:00:01+00:00,,,2026-07-28 04:45:00+00:00,,,FIB_RETRACE,crash:FIB_RETRACE:2026-07-28T04:30:00+00:00,-1,24352.610708,24379.491716,24385.941591,24263.587,25.79950000000021,,,expired,no_observed_touch,False,False,,,
2026-07-29 10:00:00+00:00,2026-07-29 10:01:00+00:00,2026-07-29 10:15:00+00:00,2026-07-29 10:30:01+00:00,2026-07-29 10:12:28+00:00,2026-07-29 10:12:29+00:00,2026-07-29 10:27:29+00:00,,,FIB_RETRACE,crash:FIB_RETRACE:2026-07-29T10:00:00+00:00,-1,24769.130881999998,24780.260714,24785.17914257143,24737.937,19.673714285714855,24769.197,24804.733,completed,time,False,False,-0.9031339858839685,-0.9531339858839686,15.0
2026-07-29 11:00:00+00:00,2026-07-29 11:01:00+00:00,2026-07-29 11:15:00+00:00,2026-07-29 11:30:01+00:00,,,2026-07-29 11:15:00+00:00,,,FIB_RETRACE,crash:FIB_RETRACE:2026-07-29T11:00:00+00:00,-1,24771.747712,24793.366624,24799.355356142856,24694.173,23.954928571428745,,,expired,no_observed_touch,False,False,,,
2026-07-29 11:30:00+00:00,2026-07-29 11:31:00+00:00,2026-07-29 11:45:00+00:00,2026-07-29 12:00:01+00:00,,,2026-07-29 11:45:00+00:00,,,FIB_RETRACE,crash:FIB_RETRACE:2026-07-29T11:30:00+00:00,-1,24749.180298,24780.724146,24787.402717428573,24633.411,26.714285714285715,,,expired,no_observed_touch,False,False,,,
2026-07-29 12:00:00+00:00,2026-07-29 12:01:00+00:00,2026-07-29 12:15:00+00:00,2026-07-29 12:30:01+00:00,,,2026-07-29 12:15:00+00:00,,,FIB_RETRACE,crash:FIB_RETRACE:2026-07-29T12:00:00+00:00,-1,24671.669719999998,24692.844439999997,24699.313100714284,24594.576,25.874642857142785,,,expired,no_observed_touch,False,False,,,
2026-07-31 12:30:00+00:00,2026-07-31 12:31:00+00:00,2026-07-31 12:45:00+00:00,2026-07-31 13:00:01+00:00,,,2026-07-31 12:45:00+00:00,,,FIB_RETRACE,crash:FIB_RETRACE:2026-07-31T12:30:00+00:00,-1,25153.184444,25177.503787999998,25183.950591571425,25092.784,25.78721428571433,,,expired,no_observed_touch,False,False,,,
2026-07-31 15:00:00+00:00,2026-07-31 15:01:00+00:00,2026-07-31 15:15:00+00:00,2026-07-31 15:30:01+00:00,,,2026-07-31 15:15:00+00:00,,,FIB_RETRACE,crash:FIB_RETRACE:2026-07-31T15:00:00+00:00,-1,24927.919918,24946.122886,24950.968296714287,24868.693,19.38164285714291,,,expired,no_observed_touch,False,False,,,
2026-07-31 18:00:00+00:00,2026-07-31 18:01:00+00:00,2026-07-31 18:15:00+00:00,2026-07-31 18:30:01+00:00,,,2026-07-31 18:15:00+00:00,,,FIB_RETRACE,crash:FIB_RETRACE:2026-07-31T18:00:00+00:00,-1,24914.392976,24948.317552,24955.337141285716,24795.948,28.078357142857254,,,expired,no_observed_touch,False,False,,,
2026-08-01 02:30:00+00:00,2026-08-01 02:31:00+00:00,2026-08-01 02:45:00+00:00,2026-08-01 03:00:01+00:00,,,2026-08-01 02:45:00+00:00,,,FIB_RETRACE,crash:FIB_RETRACE:2026-08-01T02:30:00+00:00,-1,24926.199854000002,24943.000358,24948.380733,24894.234,21.5214999999997,,,expired,no_observed_touch,False,False,,,
2026-08-02 07:30:00+00:00,2026-08-02 07:31:00+00:00,2026-08-02 07:45:00+00:00,2026-08-02 08:00:01+00:00,,,2026-08-02 07:45:00+00:00,,,FIB_RETRACE,crash:FIB_RETRACE:2026-08-02T07:30:00+00:00,-1,24660.115448,24677.324696,24683.343446,24605.641,24.07500000000021,,,expired,no_observed_touch,False,False,,,
2026-08-02 16:00:00+00:00,2026-08-02 16:01:00+00:00,2026-08-02 16:15:00+00:00,2026-08-02 16:30:01+00:00,,,2026-08-02 16:15:00+00:00,,,FIB_RETRACE,crash:FIB_RETRACE:2026-08-02T16:00:00+00:00,-1,24959.723868,24991.329036,24998.41208957143,24852.939,28.332214285714144,,,expired,no_observed_touch,False,False,,,
2026-08-02 18:00:00+00:00,2026-08-02 18:01:00+00:00,2026-08-02 18:15:00+00:00,2026-08-02 18:30:01+00:00,,,2026-08-02 18:15:00+00:00,,,FIB_RETRACE,crash:FIB_RETRACE:2026-08-02T18:00:00+00:00,-1,24879.795178,24898.429906,24903.81422742857,24820.184,21.537285714286554,,,expired,no_observed_touch,False,False,,,
2026-08-02 18:30:00+00:00,2026-08-02 18:31:00+00:00,2026-08-02 18:45:00+00:00,2026-08-02 19:00:01+00:00,,,2026-08-02 18:45:00+00:00,,,FIB_RETRACE,crash:FIB_RETRACE:2026-08-02T18:30:00+00:00,-1,24870.566844,24892.500588,24898.403570142855,24807.2,23.611928571429807,,,expired,no_observed_touch,False,False,,,
2026-08-03 06:30:00+00:00,2026-08-03 06:31:00+00:00,2026-08-03 06:45:00+00:00,2026-08-03 07:00:01+00:00,,,2026-08-03 06:45:00+00:00,,,FIB_RETRACE,crash:FIB_RETRACE:2026-08-03T06:30:00+00:00,-1,24840.645296000002,24875.030192000002,24882.15524557143,24745.344,28.50021428571433,,,expired,no_observed_touch,False,False,,,
2026-08-03 20:30:00+00:00,2026-08-03 20:31:00+00:00,2026-08-03 20:45:00+00:00,2026-08-03 21:00:01+00:00,,,2026-08-03 20:45:00+00:00,,,FIB_RETRACE,crash:FIB_RETRACE:2026-08-03T20:30:00+00:00,-1,25163.175264,25183.292928000003,25189.086392285717,25101.388,23.173857142857482,,,expired,no_observed_touch,False,False,,,
2026-08-03 21:00:00+00:00,2026-08-03 21:01:00+00:00,2026-08-03 21:15:00+00:00,2026-08-03 21:30:01+00:00,,,2026-08-03 21:15:00+00:00,,,FIB_RETRACE,crash:FIB_RETRACE:2026-08-03T21:00:00+00:00,-1,25092.507814,25119.593278,25126.335920857142,24999.142,26.97057142857193,,,expired,no_observed_touch,False,False,,,
2026-08-03 22:00:00+00:00,2026-08-03 22:01:00+00:00,2026-08-03 22:15:00+00:00,2026-08-03 22:30:01+00:00,,,2026-08-03 22:15:00+00:00,,,FIB_RETRACE,crash:FIB_RETRACE:2026-08-03T22:00:00+00:00,-1,25025.916208,25038.895216,25044.970233857144,24988.38,24.300071428572014,,,expired,no_observed_touch,False,False,,,
2026-08-04 03:00:00+00:00,2026-08-04 03:01:00+00:00,2026-08-04 03:15:00+00:00,2026-08-04 03:30:01+00:00,,,2026-08-04 03:15:00+00:00,,,FIB_RETRACE,crash:FIB_RETRACE:2026-08-04T03:00:00+00:00,-1,25026.044308,25044.726916,25050.866558857142,24959.162,24.558571428571668,,,expired,no_observed_touch,False,False,,,
2026-08-04 16:30:00+00:00,2026-08-04 16:31:00+00:00,2026-08-04 16:45:00+00:00,2026-08-04 17:00:01+00:00,,,2026-08-04 16:45:00+00:00,,,FIB_RETRACE,crash:FIB_RETRACE:2026-08-04T16:30:00+00:00,-1,25047.459166,25068.860182,25075.205896285715,24976.341,25.382857142857443,,,expired,no_observed_touch,False,False,,,
2026-08-04 17:30:00+00:00,2026-08-04 17:31:00+00:00,2026-08-04 17:45:00+00:00,2026-08-04 18:00:01+00:00,,,2026-08-04 17:45:00+00:00,,,FIB_RETRACE,crash:FIB_RETRACE:2026-08-04T17:30:00+00:00,-1,24971.621740000002,24989.24998,24995.753105,24907.995,26.012499999999427,,,expired,no_observed_touch,False,False,,,
2026-08-06 10:00:00+00:00,2026-08-06 10:01:00+00:00,2026-08-06 10:15:00+00:00,2026-08-06 10:30:01+00:00,,,2026-08-06 10:15:00+00:00,,,FIB_RETRACE,crash:FIB_RETRACE:2026-08-06T10:00:00+00:00,-1,24868.29068,24889.50236,24894.839895714285,24799.696,21.350142857142732,,,expired,no_observed_touch,False,False,,,
2026-08-06 20:30:00+00:00,2026-08-06 20:31:00+00:00,2026-08-06 20:45:00+00:00,2026-08-06 21:00:01+00:00,,,2026-08-06 20:45:00+00:00,,,FIB_RETRACE,crash:FIB_RETRACE:2026-08-06T20:30:00+00:00,-1,25075.18708,25090.65316,25095.954999285717,25031.53,21.20735714285703,,,expired,no_observed_touch,False,False,,,
2026-08-06 23:00:00+00:00,2026-08-06 23:01:00+00:00,2026-08-06 23:15:00+00:00,2026-08-06 23:30:01+00:00,,,2026-08-06 23:15:00+00:00,,,FIB_RETRACE,crash:FIB_RETRACE:2026-08-06T23:00:00+00:00,-1,25045.157142,25084.018734,25091.99980542857,24902.297,31.92428571428614,,,expired,no_observed_touch,False,False,,,
2026-08-07 22:30:00+00:00,2026-08-07 22:31:00+00:00,2026-08-07 22:45:00+00:00,2026-08-07 23:00:01+00:00,,,2026-08-07 22:45:00+00:00,,,FIB_RETRACE,crash:FIB_RETRACE:2026-08-07T22:30:00+00:00,-1,25330.887166,25363.376182,25370.421324857143,25248.562,28.180571428571316,,,expired,no_observed_touch,False,False,,,
2026-08-08 08:00:00+00:00,2026-08-08 08:01:00+00:00,2026-08-08 08:15:00+00:00,2026-08-08 08:30:01+00:00,,,2026-08-08 08:15:00+00:00,,,FIB_RETRACE,crash:FIB_RETRACE:2026-08-08T08:00:00+00:00,-1,25093.82765,25115.907049999998,25122.10031785714,25019.953,24.77307142857197,,,expired,no_observed_touch,False,False,,,
2026-08-09 04:00:00+00:00,2026-08-09 04:01:00+00:00,2026-08-09 04:15:00+00:00,2026-08-09 04:30:01+00:00,,,2026-08-09 04:15:00+00:00,,,FIB_RETRACE,crash:FIB_RETRACE:2026-08-09T04:00:00+00:00,-1,24998.846204,25016.079308,25022.14579014286,24944.811,24.265928571427917,,,expired,no_observed_touch,False,False,,,
2026-08-09 04:30:00+00:00,2026-08-09 04:31:00+00:00,2026-08-09 04:45:00+00:00,2026-08-09 05:00:01+00:00,,,2026-08-09 04:45:00+00:00,,,FIB_RETRACE,crash:FIB_RETRACE:2026-08-09T04:30:00+00:00,-1,24959.29387,24974.53399,24979.83791857143,24908.024,21.215714285714057,,,expired,no_observed_touch,False,False,,,
2026-08-09 18:00:00+00:00,2026-08-09 18:01:00+00:00,2026-08-09 18:15:00+00:00,2026-08-09 18:30:01+00:00,,,2026-08-09 18:15:00+00:00,,,FIB_RETRACE,crash:FIB_RETRACE:2026-08-09T18:00:00+00:00,-1,25012.414834,25040.825818,25048.512943,24914.251,30.748499999999954,,,expired,no_observed_touch,False,False,,,
2026-08-10 15:00:00+00:00,2026-08-10 15:01:00+00:00,2026-08-10 15:15:00+00:00,2026-08-10 15:30:01+00:00,,,2026-08-10 15:15:00+00:00,,,FIB_RETRACE,crash:FIB_RETRACE:2026-08-10T15:00:00+00:00,-1,25257.102138,25293.581825999998,25300.19627242857,25133.187,26.45778571428595,,,expired,no_observed_touch,False,False,,,
2026-08-12 02:30:00+00:00,2026-08-12 02:31:00+00:00,2026-08-12 02:45:00+00:00,2026-08-12 03:00:01+00:00,,,2026-08-12 02:45:00+00:00,,,FIB_RETRACE,crash:FIB_RETRACE:2026-08-12T02:30:00+00:00,-1,25027.212924,25044.620747999998,25050.03981942857,24972.071,21.67628571428551,,,expired,no_observed_touch,False,False,,,
2026-08-12 03:30:00+00:00,2026-08-12 03:31:00+00:00,2026-08-12 03:45:00+00:00,2026-08-12 04:00:01+00:00,,,2026-08-12 03:45:00+00:00,,,FIB_RETRACE,crash:FIB_RETRACE:2026-08-12T03:30:00+00:00,-1,24960.782084,24978.462068,24985.372389428572,24919.715,27.641285714285914,,,expired,no_observed_touch,False,False,,,
2026-08-12 07:00:00+00:00,2026-08-12 07:01:00+00:00,2026-08-12 07:15:00+00:00,2026-08-12 07:30:01+00:00,,,2026-08-12 07:15:00+00:00,,,FIB_RETRACE,crash:FIB_RETRACE:2026-08-12T07:00:00+00:00,-1,24803.945948,24816.325196,24821.16267814286,24766.375,19.34992857142866,,,expired,no_observed_touch,False,False,,,
2026-08-12 09:30:00+00:00,2026-08-12 09:31:00+00:00,2026-08-12 09:45:00+00:00,2026-08-12 10:00:01+00:00,,,2026-08-12 09:45:00+00:00,,,FIB_RETRACE,crash:FIB_RETRACE:2026-08-12T09:30:00+00:00,-1,24739.057374,24760.249398,24767.108165857142,24672.167,27.435071428571195,,,expired,no_observed_touch,False,False,,,
2026-08-12 14:00:00+00:00,2026-08-12 14:01:00+00:00,2026-08-12 14:15:00+00:00,2026-08-12 14:30:01+00:00,,,2026-08-12 14:15:00+00:00,,,FIB_RETRACE,crash:FIB_RETRACE:2026-08-12T14:00:00+00:00,-1,24581.273706,24600.327761999997,24606.063636999996,24518.171,22.943500000000444,,,expired,no_observed_touch,False,False,,,
2026-08-15 10:30:00+00:00,2026-08-15 10:31:00+00:00,2026-08-15 10:45:00+00:00,2026-08-15 11:00:01+00:00,,,2026-08-15 10:45:00+00:00,,,FIB_RETRACE,crash:FIB_RETRACE:2026-08-15T10:30:00+00:00,-1,24614.590519999998,24639.56204,24646.565504285714,24525.368,28.013857142856846,,,expired,no_observed_touch,False,False,,,
2026-08-15 15:30:00+00:00,2026-08-15 15:31:00+00:00,2026-08-15 15:45:00+00:00,2026-08-15 16:00:01+00:00,,,2026-08-15 15:45:00+00:00,,,FIB_RETRACE,crash:FIB_RETRACE:2026-08-15T15:30:00+00:00,-1,24331.795604000003,24352.103108000003,24358.11516157143,24268.28,24.048214285714234,,,expired,no_observed_touch,False,False,,,
2026-08-15 16:00:00+00:00,2026-08-15 16:01:00+00:00,2026-08-15 16:15:00+00:00,2026-08-15 16:30:01+00:00,,,2026-08-15 16:15:00+00:00,,,FIB_RETRACE,crash:FIB_RETRACE:2026-08-15T16:00:00+00:00,-1,24282.208300000002,24308.4751,24314.932689285713,24187.143,25.8303571428574,,,expired,no_observed_touch,False,False,,,
2026-08-15 16:30:00+00:00,2026-08-15 16:31:00+00:00,2026-08-15 16:45:00+00:00,2026-08-15 17:00:01+00:00,,,2026-08-15 16:45:00+00:00,,,FIB_RETRACE,crash:FIB_RETRACE:2026-08-15T16:30:00+00:00,-1,24253.464502,24271.917454,24278.425489714286,24211.523,26.032142857142908,,,expired,no_observed_touch,False,False,,,
2026-08-17 05:00:00+00:00,2026-08-17 05:01:00+00:00,2026-08-17 05:15:00+00:00,2026-08-17 05:30:01+00:00,,,2026-08-17 05:15:00+00:00,,,FIB_RETRACE,crash:FIB_RETRACE:2026-08-17T05:00:00+00:00,-1,24681.349294,24704.043238000002,24709.645952285715,24599.825,22.410857142857953,,,expired,no_observed_touch,False,False,,,
2026-08-17 05:30:00+00:00,2026-08-17 05:31:00+00:00,2026-08-17 05:45:00+00:00,2026-08-17 06:00:01+00:00,,,2026-08-17 05:45:00+00:00,,,FIB_RETRACE,crash:FIB_RETRACE:2026-08-17T05:30:00+00:00,-1,24623.522898000003,24671.648346,24680.02079242857,24457.058,33.48978571428571,,,expired,no_observed_touch,False,False,,,
2026-08-18 12:30:00+00:00,2026-08-18 12:31:00+00:00,2026-08-18 12:45:00+00:00,2026-08-18 13:00:01+00:00,,,2026-08-18 12:45:00+00:00,,,FIB_RETRACE,crash:FIB_RETRACE:2026-08-18T12:30:00+00:00,-1,24633.259386,24644.629122000002,24649.458282714288,24596.637,19.31664285714266,,,expired,no_observed_touch,False,False,,,
2026-08-19 04:30:00+00:00,2026-08-19 04:31:00+00:00,2026-08-19 04:45:00+00:00,2026-08-19 05:00:01+00:00,,,2026-08-19 04:45:00+00:00,,,FIB_RETRACE,crash:FIB_RETRACE:2026-08-19T04:30:00+00:00,-1,24714.158642,24733.070234,24738.86587685714,24676.696,23.182571428571983,,,expired,no_observed_touch,False,False,,,
2026-08-19 10:30:00+00:00,2026-08-19 10:31:00+00:00,2026-08-19 10:45:00+00:00,2026-08-19 11:00:01+00:00,,,2026-08-19 10:45:00+00:00,,,FIB_RETRACE,crash:FIB_RETRACE:2026-08-19T10:30:00+00:00,-1,24500.988364,24518.241628,24523.479788714285,24452.946,20.952642857143342,,,expired,no_observed_touch,False,False,,,
2026-08-19 12:00:00+00:00,2026-08-19 12:01:00+00:00,2026-08-19 12:15:00+00:00,2026-08-19 12:30:01+00:00,,,2026-08-19 12:15:00+00:00,,,FIB_RETRACE,crash:FIB_RETRACE:2026-08-19T12:00:00+00:00,-1,24369.31452,24411.08604,24418.44943285714,24221.069,29.453571428571326,,,expired,no_observed_touch,False,False,,,
2026-08-21 07:00:00+00:00,2026-08-21 07:01:00+00:00,2026-08-21 07:15:00+00:00,2026-08-21 07:30:01+00:00,,,2026-08-21 07:15:00+00:00,,,FIB_RETRACE,crash:FIB_RETRACE:2026-08-21T07:00:00+00:00,-1,24791.060304,24808.789008,24813.868472285714,24733.114,20.317857142856933,,,expired,no_observed_touch,False,False,,,
2026-08-21 08:00:00+00:00,2026-08-21 08:01:00+00:00,2026-08-21 08:15:00+00:00,2026-08-21 08:30:01+00:00,,,2026-08-21 08:15:00+00:00,,,FIB_RETRACE,crash:FIB_RETRACE:2026-08-21T08:00:00+00:00,-1,24702.850716,24728.783532,24735.861299857144,24609.222,28.311071428570358,,,expired,no_observed_touch,False,False,,,
2026-08-21 09:00:00+00:00,2026-08-21 09:01:00+00:00,2026-08-21 09:15:00+00:00,2026-08-21 09:30:01+00:00,,,2026-08-21 09:15:00+00:00,,,FIB_RETRACE,crash:FIB_RETRACE:2026-08-21T09:00:00+00:00,-1,24586.450692000002,24606.156084000002,24612.850780428573,24525.628,26.778785714286123,,,expired,no_observed_touch,False,False,,,
2026-08-22 14:00:00+00:00,2026-08-22 14:01:00+00:00,2026-08-22 14:15:00+00:00,2026-08-22 14:30:01+00:00,,,2026-08-22 14:15:00+00:00,,,FIB_RETRACE,crash:FIB_RETRACE:2026-08-22T14:00:00+00:00,-1,24166.599684,24182.969268,24188.594553714287,24110.332,22.50114285714283,,,expired,no_observed_touch,False,False,,,
2026-08-22 14:30:00+00:00,2026-08-22 14:31:00+00:00,2026-08-22 14:45:00+00:00,2026-08-22 15:00:01+00:00,,,2026-08-22 14:45:00+00:00,,,FIB_RETRACE,crash:FIB_RETRACE:2026-08-22T14:30:00+00:00,-1,24134.705850000002,24162.98445,24169.38327142857,24034.071,25.595285714285897,,,expired,no_observed_touch,False,False,,,
2026-08-22 18:30:00+00:00,2026-08-22 18:31:00+00:00,2026-08-22 18:45:00+00:00,2026-08-22 19:00:01+00:00,,,2026-08-22 18:45:00+00:00,,,FIB_RETRACE,crash:FIB_RETRACE:2026-08-22T18:30:00+00:00,-1,24206.76357,24221.69289,24227.03133642857,24162.289,21.35378571428503,,,expired,no_observed_touch,False,False,,,
2026-08-24 13:00:00+00:00,2026-08-24 13:01:00+00:00,2026-08-24 13:15:00+00:00,2026-08-24 13:30:01+00:00,,,2026-08-24 13:15:00+00:00,,,FIB_RETRACE,crash:FIB_RETRACE:2026-08-24T13:00:00+00:00,-1,23896.189732,23911.154164,23916.258324714287,23850.909,20.416642857142765,,,expired,no_observed_touch,False,False,,,
2026-08-24 16:00:00+00:00,2026-08-24 16:01:00+00:00,2026-08-24 16:15:00+00:00,2026-08-24 16:30:01+00:00,,,2026-08-24 16:15:00+00:00,,,FIB_RETRACE,crash:FIB_RETRACE:2026-08-24T16:00:00+00:00,-1,23842.233256,23856.747112,23862.191951285717,23794.637,21.779357142857148,,,expired,no_observed_touch,False,False,,,
2026-08-25 06:00:00+00:00,2026-08-25 06:01:00+00:00,2026-08-25 06:15:00+00:00,2026-08-25 06:30:01+00:00,,,2026-08-25 06:15:00+00:00,,,FIB_RETRACE,crash:FIB_RETRACE:2026-08-25T06:00:00+00:00,-1,23859.803922,23875.852794,23881.209597571426,23809.735,21.427214285714008,,,expired,no_observed_touch,False,False,,,
2026-08-25 21:00:00+00:00,2026-08-25 21:01:00+00:00,2026-08-25 21:15:00+00:00,2026-08-25 21:30:01+00:00,,,2026-08-25 21:15:00+00:00,,,FIB_RETRACE,crash:FIB_RETRACE:2026-08-25T21:00:00+00:00,-1,23888.75167,23919.38059,23926.223804285713,23781.206,27.372857142857487,,,expired,no_observed_touch,False,False,,,
2026-08-25 21:30:00+00:00,2026-08-25 21:31:00+00:00,2026-08-25 21:45:00+00:00,2026-08-25 22:00:01+00:00,,,2026-08-25 21:45:00+00:00,,,FIB_RETRACE,crash:FIB_RETRACE:2026-08-25T21:30:00+00:00,-1,23843.231288,23873.104376,23880.062483142858,23733.671,27.832428571428732,,,expired,no_observed_touch,False,False,,,
2026-08-26 03:00:00+00:00,2026-08-26 03:01:00+00:00,2026-08-26 03:15:00+00:00,2026-08-26 03:30:01+00:00,,,2026-08-26 03:15:00+00:00,,,FIB_RETRACE,crash:FIB_RETRACE:2026-08-26T03:00:00+00:00,-1,23740.925496,23757.989591999998,23763.636163428568,23679.733,22.586285714285363,,,expired,no_observed_touch,False,False,,,
2026-08-26 06:00:00+00:00,2026-08-26 06:01:00+00:00,2026-08-26 06:15:00+00:00,2026-08-26 06:30:01+00:00,,,2026-08-26 06:15:00+00:00,,,FIB_RETRACE,crash:FIB_RETRACE:2026-08-26T06:00:00+00:00,-1,23656.993296,23667.942192,23672.91751342857,23620.49,19.901285714284832,,,expired,no_observed_touch,False,False,,,
2026-08-26 14:00:00+00:00,2026-08-26 14:01:00+00:00,2026-08-26 14:15:00+00:00,2026-08-26 14:30:01+00:00,,,2026-08-26 14:15:00+00:00,,,FIB_RETRACE,crash:FIB_RETRACE:2026-08-26T14:00:00+00:00,-1,23882.888885999997,23905.724621999998,23911.217461285712,23807.359,21.971357142858064,,,expired,no_observed_touch,False,False,,,
2026-08-26 17:00:00+00:00,2026-08-26 17:01:00+00:00,2026-08-26 17:15:00+00:00,2026-08-26 17:30:01+00:00,,,2026-08-26 17:15:00+00:00,,,FIB_RETRACE,crash:FIB_RETRACE:2026-08-26T17:00:00+00:00,-1,23692.750214,23723.078078,23729.644238714285,23581.187,26.26464285714272,,,expired,no_observed_touch,False,False,,,
2026-08-26 18:00:00+00:00,2026-08-26 18:01:00+00:00,2026-08-26 18:15:00+00:00,2026-08-26 18:30:01+00:00,,,2026-08-26 18:15:00+00:00,,,FIB_RETRACE,crash:FIB_RETRACE:2026-08-26T18:00:00+00:00,-1,23572.660246,23587.603342,23593.676395571427,23519.833,24.29221428571405,,,expired,no_observed_touch,False,False,,,
2026-08-27 11:00:00+00:00,2026-08-27 11:01:00+00:00,2026-08-27 11:15:00+00:00,2026-08-27 11:30:01+00:00,,,2026-08-27 11:15:00+00:00,,,FIB_RETRACE,crash:FIB_RETRACE:2026-08-27T11:00:00+00:00,-1,23111.088804,23125.835508,23130.688847285714,23065.736,19.41335714285742,,,expired,no_observed_touch,False,False,,,
2026-08-27 12:00:00+00:00,2026-08-27 12:01:00+00:00,2026-08-27 12:15:00+00:00,2026-08-27 12:30:01+00:00,,,2026-08-27 12:15:00+00:00,,,FIB_RETRACE,crash:FIB_RETRACE:2026-08-27T12:00:00+00:00,-1,23045.859418,23079.224385999998,23085.870564571425,22933.058,26.584714285714394,,,expired,no_observed_touch,False,False,,,
2026-08-27 15:00:00+00:00,2026-08-27 15:01:00+00:00,2026-08-27 15:15:00+00:00,2026-08-27 15:30:01+00:00,,,2026-08-27 15:15:00+00:00,,,FIB_RETRACE,crash:FIB_RETRACE:2026-08-27T15:00:00+00:00,-1,23019.843256,23036.289112000002,23041.29396914286,22969.564,20.01942857142811,,,expired,no_observed_touch,False,False,,,
2026-08-27 15:30:00+00:00,2026-08-27 15:31:00+00:00,2026-08-27 15:45:00+00:00,2026-08-27 16:00:01+00:00,,,2026-08-27 15:45:00+00:00,,,FIB_RETRACE,crash:FIB_RETRACE:2026-08-27T15:30:00+00:00,-1,22999.740506000002,23025.027362,23031.422308428573,22923.473,25.57978571428534,,,expired,no_observed_touch,False,False,,,
2026-08-27 22:00:00+00:00,2026-08-27 22:01:00+00:00,2026-08-27 22:15:00+00:00,2026-08-27 22:30:01+00:00,,,2026-08-27 22:15:00+00:00,,,FIB_RETRACE,crash:FIB_RETRACE:2026-08-27T22:00:00+00:00,-1,22958.547822,22970.825094,22975.97989757143,22923.574,20.619214285714147,,,expired,no_observed_touch,False,False,,,
2026-08-28 04:30:00+00:00,2026-08-28 04:31:00+00:00,2026-08-28 04:45:00+00:00,2026-08-28 05:00:01+00:00,,,2026-08-28 04:45:00+00:00,,,FIB_RETRACE,crash:FIB_RETRACE:2026-08-28T04:30:00+00:00,-1,22988.159424,23011.909248,23018.151248,22910.297,24.967999999999716,,,expired,no_observed_touch,False,False,,,
2026-08-28 10:00:00+00:00,2026-08-28 10:01:00+00:00,2026-08-28 10:15:00+00:00,2026-08-28 10:30:01+00:00,,,2026-08-28 10:15:00+00:00,,,FIB_RETRACE,crash:FIB_RETRACE:2026-08-28T10:00:00+00:00,-1,22848.468517999998,22890.645086,22898.541728857144,22699.066,31.586571428571396,,,expired,no_observed_touch,False,False,,,
2026-08-28 20:00:00+00:00,2026-08-28 20:01:00+00:00,2026-08-28 20:15:00+00:00,2026-08-28 20:30:01+00:00,,,2026-08-28 20:15:00+00:00,,,FIB_RETRACE,crash:FIB_RETRACE:2026-08-28T20:00:00+00:00,-1,22630.451338000003,22665.738226,22673.62317242857,22506.988,31.539785714286023,,,expired,no_observed_touch,False,False,,,
2026-08-28 20:30:00+00:00,2026-08-28 20:31:00+00:00,2026-08-28 20:45:00+00:00,2026-08-28 21:00:01+00:00,,,2026-08-28 20:45:00+00:00,,,FIB_RETRACE,crash:FIB_RETRACE:2026-08-28T20:30:00+00:00,-1,22538.521094,22558.543838,22563.962445142857,22469.055,21.67442857142799,,,expired,no_observed_touch,False,False,,,
2026-08-29 20:00:00+00:00,2026-08-29 20:01:00+00:00,2026-08-29 20:15:00+00:00,2026-08-29 20:30:01+00:00,,,2026-08-29 20:15:00+00:00,,,FIB_RETRACE,crash:FIB_RETRACE:2026-08-29T20:00:00+00:00,-1,22949.59848,22967.97096,22973.51017428571,22887.716,22.156857142857138,,,expired,no_observed_touch,False,False,,,
2026-08-29 21:00:00+00:00,2026-08-29 21:01:00+00:00,2026-08-29 21:15:00+00:00,2026-08-29 21:30:01+00:00,,,2026-08-29 21:15:00+00:00,,,FIB_RETRACE,crash:FIB_RETRACE:2026-08-29T21:00:00+00:00,-1,22863.537164,22879.379228,22885.36878157143,22808.107,23.958214285714607,,,expired,no_observed_touch,False,False,,,
2026-08-30 10:30:00+00:00,2026-08-30 10:31:00+00:00,2026-08-30 10:45:00+00:00,2026-08-30 11:00:01+00:00,,,2026-08-30 10:45:00+00:00,,,FIB_RETRACE,crash:FIB_RETRACE:2026-08-30T10:30:00+00:00,-1,23067.3958,23084.548600000002,23089.47795714286,23004.47,19.717428571428172,,,expired,no_observed_touch,False,False,,,
2026-08-30 16:00:00+00:00,2026-08-30 16:01:00+00:00,2026-08-30 16:15:00+00:00,2026-08-30 16:30:01+00:00,,,2026-08-30 16:15:00+00:00,,,FIB_RETRACE,crash:FIB_RETRACE:2026-08-30T16:00:00+00:00,-1,22868.301044,22885.597988,22890.87977371429,22816.226,21.127142857143035,,,expired,no_observed_touch,False,False,,,
2026-09-01 19:30:00+00:00,2026-09-01 19:31:00+00:00,2026-09-01 19:45:00+00:00,2026-09-01 20:00:01+00:00,,,2026-09-01 19:45:00+00:00,,,FIB_RETRACE,crash:FIB_RETRACE:2026-09-01T19:30:00+00:00,-1,22725.418206000002,22735.862262000002,22741.304994142858,22687.633,21.770928571428936,,,expired,no_observed_touch,False,False,,,
2026-09-01 23:00:00+00:00,2026-09-01 23:01:00+00:00,2026-09-01 23:15:00+00:00,2026-09-01 23:30:01+00:00,,,2026-09-01 23:15:00+00:00,,,FIB_RETRACE,crash:FIB_RETRACE:2026-09-01T23:00:00+00:00,-1,22684.28758,22706.93566,22712.27748142857,22603.211,21.367285714285703,,,expired,no_observed_touch,False,False,,,
2026-09-02 16:00:00+00:00,2026-09-02 16:01:00+00:00,2026-09-02 16:15:00+00:00,2026-09-02 16:30:01+00:00,,,2026-09-02 16:15:00+00:00,,,FIB_RETRACE,crash:FIB_RETRACE:2026-09-02T16:00:00+00:00,-1,22897.59821,22928.064169999998,22934.18074142857,22788.426,24.46628571428534,,,expired,no_observed_touch,False,False,,,
2026-09-02 16:30:00+00:00,2026-09-02 16:31:00+00:00,2026-09-02 16:45:00+00:00,2026-09-02 17:00:01+00:00,,,2026-09-02 16:45:00+00:00,,,FIB_RETRACE,crash:FIB_RETRACE:2026-09-02T16:30:00+00:00,-1,22866.513432,22898.555064,22905.420671142856,22759.067,27.462428571428713,,,expired,no_observed_touch,False,False,,,
2026-09-02 18:30:00+00:00,2026-09-02 18:31:00+00:00,2026-09-02 18:45:00+00:00,2026-09-02 19:00:01+00:00,,,2026-09-02 18:45:00+00:00,,,FIB_RETRACE,crash:FIB_RETRACE:2026-09-02T18:30:00+00:00,-1,22674.97867,22704.599589999998,22710.73678642857,22574.223,24.54878571428552,,,expired,no_observed_touch,False,False,,,
2026-09-02 20:00:00+00:00,2026-09-02 20:01:00+00:00,2026-09-02 20:15:00+00:00,2026-09-02 20:30:01+00:00,,,2026-09-02 20:15:00+00:00,,,FIB_RETRACE,crash:FIB_RETRACE:2026-09-02T20:00:00+00:00,-1,22587.732194,22600.270537999997,22604.98493085714,22556.99,18.857571428570996,,,expired,no_observed_touch,False,False,,,
2026-09-02 20:30:00+00:00,2026-09-02 20:31:00+00:00,2026-09-02 20:45:00+00:00,2026-09-02 21:00:01+00:00,,,2026-09-02 20:45:00+00:00,,,FIB_RETRACE,crash:FIB_RETRACE:2026-09-02T20:30:00+00:00,-1,22545.455846,22562.364542,22568.518292,22485.378,24.614999999999522,,,expired,no_observed_touch,False,False,,,
2026-09-04 18:00:00+00:00,2026-09-04 18:01:00+00:00,2026-09-04 18:15:00+00:00,2026-09-04 18:30:01+00:00,,,2026-09-04 18:15:00+00:00,,,FIB_RETRACE,crash:FIB_RETRACE:2026-09-04T18:00:00+00:00,-1,22526.05731,22547.10687,22553.06367357143,22449.678,23.827214285714167,,,expired,no_observed_touch,False,False,,,
2026-09-04 18:30:00+00:00,2026-09-04 18:31:00+00:00,2026-09-04 18:45:00+00:00,2026-09-04 19:00:01+00:00,,,2026-09-04 18:45:00+00:00,,,FIB_RETRACE,crash:FIB_RETRACE:2026-09-04T18:30:00+00:00,-1,22483.379124,22523.198148,22530.600237285715,22341.434,29.60835714285687,,,expired,no_observed_touch,False,False,,,
2026-09-04 20:00:00+00:00,2026-09-04 20:01:00+00:00,2026-09-04 20:15:00+00:00,2026-09-04 20:30:01+00:00,,,2026-09-04 20:15:00+00:00,,,FIB_RETRACE,crash:FIB_RETRACE:2026-09-04T20:00:00+00:00,-1,22316.169238,22330.800526,22336.51872242857,22265.268,22.872785714285005,,,expired,no_observed_touch,False,False,,,
2026-09-04 20:30:00+00:00,2026-09-04 20:31:00+00:00,2026-09-04 20:45:00+00:00,2026-09-04 21:00:01+00:00,,,2026-09-04 20:45:00+00:00,,,FIB_RETRACE,crash:FIB_RETRACE:2026-09-04T20:30:00+00:00,-1,22304.46774,22323.523979999998,22329.455319285713,22240.021,23.7253571428568,,,expired,no_observed_touch,False,False,,,
2026-09-04 23:30:00+00:00,2026-09-04 23:31:00+00:00,2026-09-04 23:45:00+00:00,2026-09-05 00:00:01+00:00,2026-09-04 23:39:57+00:00,2026-09-04 23:39:58+00:00,2026-09-04 23:54:58+00:00,,,FIB_RETRACE,crash:FIB_RETRACE:2026-09-04T23:30:00+00:00,-1,22269.311343999998,22280.535088,22284.94801657143,22246.744,17.65171428571427,22269.419,22303.483,completed,time,False,False,-0.9648921189362005,-1.0148921189362006,15.0
2026-09-05 07:30:00+00:00,2026-09-05 07:31:00+00:00,2026-09-05 07:45:00+00:00,2026-09-05 08:00:01+00:00,,,2026-09-05 07:45:00+00:00,,,FIB_RETRACE,crash:FIB_RETRACE:2026-09-05T07:30:00+00:00,-1,22148.075456,22185.672511999997,22194.105797714285,22016.502,33.73314285714306,,,expired,no_observed_touch,False,False,,,
2026-09-05 09:30:00+00:00,2026-09-05 09:31:00+00:00,2026-09-05 09:45:00+00:00,2026-09-05 10:00:01+00:00,,,2026-09-05 09:45:00+00:00,,,FIB_RETRACE,crash:FIB_RETRACE:2026-09-05T09:30:00+00:00,-1,21926.629206,21942.533262,21947.669833428572,21875.877,20.54628571428631,,,expired,no_observed_touch,False,False,,,
2026-09-05 13:30:00+00:00,2026-09-05 13:31:00+00:00,2026-09-05 13:45:00+00:00,2026-09-05 14:00:01+00:00,,,2026-09-05 13:45:00+00:00,,,FIB_RETRACE,crash:FIB_RETRACE:2026-09-05T13:30:00+00:00,-1,21852.008692,21868.018084,21873.02576257143,21810.002,20.030714285714307,,,expired,no_observed_touch,False,False,,,
2026-09-05 22:00:00+00:00,2026-09-05 22:01:00+00:00,2026-09-05 22:15:00+00:00,2026-09-05 22:30:01+00:00,,,2026-09-05 22:15:00+00:00,,,FIB_RETRACE,crash:FIB_RETRACE:2026-09-05T22:00:00+00:00,-1,21949.46689,21961.41253,21966.062155,21907.521,18.598500000000058,,,expired,no_observed_touch,False,False,,,
2026-09-06 03:00:00+00:00,2026-09-06 03:01:00+00:00,2026-09-06 03:15:00+00:00,2026-09-06 03:30:01+00:00,,,2026-09-06 03:15:00+00:00,,,FIB_RETRACE,crash:FIB_RETRACE:2026-09-06T03:00:00+00:00,-1,22122.208262,22132.566973999998,22136.37529542857,22090.246,15.233285714285428,,,expired,no_observed_touch,False,False,,,
2026-09-06 03:30:00+00:00,2026-09-06 03:31:00+00:00,2026-09-06 03:45:00+00:00,2026-09-06 04:00:01+00:00,,,2026-09-06 03:45:00+00:00,,,FIB_RETRACE,crash:FIB_RETRACE:2026-09-06T03:30:00+00:00,-1,22079.93385,22108.884449999998,22115.05014642857,21976.0,24.662785714285356,,,expired,no_observed_touch,False,False,,,
2026-09-06 20:00:00+00:00,2026-09-06 20:01:00+00:00,2026-09-06 20:15:00+00:00,2026-09-06 20:30:01+00:00,,,2026-09-06 20:15:00+00:00,,,FIB_RETRACE,crash:FIB_RETRACE:2026-09-06T20:00:00+00:00,-1,21909.575162,21926.158274,21932.936899,21851.364,27.1145000000002,,,expired,no_observed_touch,False,False,,,
2026-09-07 12:00:00+00:00,2026-09-07 12:01:00+00:00,2026-09-07 12:15:00+00:00,2026-09-07 12:30:01+00:00,,,2026-09-07 12:15:00+00:00,,,FIB_RETRACE,crash:FIB_RETRACE:2026-09-07T12:00:00+00:00,-1,22002.38497,22016.10469,22021.734904285713,21959.953,22.520857142856716,,,expired,no_observed_touch,False,False,,,
2026-09-07 12:30:00+00:00,2026-09-07 12:31:00+00:00,2026-09-07 12:45:00+00:00,2026-09-07 13:00:01+00:00,,,2026-09-07 12:45:00+00:00,,,FIB_RETRACE,crash:FIB_RETRACE:2026-09-07T12:30:00+00:00,-1,21950.09974,21981.25198,21987.596212142857,21845.423,25.376928571428444,,,expired,no_observed_touch,False,False,,,
2026-09-08 04:30:00+00:00,2026-09-08 04:31:00+00:00,2026-09-08 04:45:00+00:00,2026-09-08 05:00:01+00:00,2026-09-08 04:32:31+00:00,2026-09-08 04:32:32+00:00,2026-09-08 04:47:32+00:00,,,FIB_RETRACE,crash:FIB_RETRACE:2026-09-08T04:30:00+00:00,-1,22261.492306,22277.471962,22282.782837,22255.639,21.243499999999976,22261.569,22275.989,completed,time,False,False,-0.33939793348558167,-0.38939793348558166,15.0
2026-09-08 06:00:00+00:00,2026-09-08 06:01:00+00:00,2026-09-08 06:15:00+00:00,2026-09-08 06:30:01+00:00,2026-09-08 06:11:10+00:00,2026-09-08 06:11:11+00:00,2026-09-08 06:26:11+00:00,,,FIB_RETRACE,crash:FIB_RETRACE:2026-09-08T06:00:00+00:00,-1,22308.708882000003,22320.258714,22324.60798185714,22283.205,17.397071428571248,22308.79,22282.747,completed,time,False,False,0.7484880460176478,0.6984880460176478,15.0
2026-09-08 12:00:00+00:00,2026-09-08 12:01:00+00:00,2026-09-08 12:15:00+00:00,2026-09-08 12:30:01+00:00,,,2026-09-08 12:15:00+00:00,,,FIB_RETRACE,crash:FIB_RETRACE:2026-09-08T12:00:00+00:00,-1,22204.003216,22227.374032,22232.658853428573,22128.2,21.139285714285766,,,expired,no_observed_touch,False,False,,,
2026-09-08 14:00:00+00:00,2026-09-08 14:01:00+00:00,2026-09-08 14:15:00+00:00,2026-09-08 14:30:01+00:00,,,2026-09-08 14:15:00+00:00,,,FIB_RETRACE,crash:FIB_RETRACE:2026-09-08T14:00:00+00:00,-1,22219.503006,22251.971862,22258.111236999997,22105.537,24.55750000000028,,,expired,no_observed_touch,False,False,,,
2026-09-09 04:00:00+00:00,2026-09-09 04:01:00+00:00,2026-09-09 04:15:00+00:00,2026-09-09 04:30:01+00:00,,,2026-09-09 04:15:00+00:00,,,FIB_RETRACE,crash:FIB_RETRACE:2026-09-09T04:00:00+00:00,-1,22170.101732,22195.314164,22202.04886042857,22082.509,26.938785714285455,,,expired,no_observed_touch,False,False,,,
2026-09-09 23:30:00+00:00,2026-09-09 23:31:00+00:00,2026-09-09 23:45:00+00:00,2026-09-10 00:00:01+00:00,,,2026-09-09 23:45:00+00:00,,,FIB_RETRACE,crash:FIB_RETRACE:2026-09-09T23:30:00+00:00,-1,22210.42757,22231.068890000002,22236.466354285716,22160.201,21.589857142857518,,,expired,no_observed_touch,False,False,,,
2026-09-10 05:00:00+00:00,2026-09-10 05:01:00+00:00,2026-09-10 05:15:00+00:00,2026-09-10 05:30:01+00:00,,,2026-09-10 05:15:00+00:00,,,FIB_RETRACE,crash:FIB_RETRACE:2026-09-10T05:00:00+00:00,-1,22181.801368,22192.112536,22196.47160742857,22144.731,17.436285714285468,,,expired,no_observed_touch,False,False,,,
2026-09-10 18:00:00+00:00,2026-09-10 18:01:00+00:00,2026-09-10 18:15:00+00:00,2026-09-10 18:30:01+00:00,,,2026-09-10 18:15:00+00:00,,,FIB_RETRACE,crash:FIB_RETRACE:2026-09-10T18:00:00+00:00,-1,22468.260878,22498.428806,22504.236609571428,22357.558,23.231214285714096,,,expired,no_observed_touch,False,False,,,
2026-09-11 20:30:00+00:00,2026-09-11 20:31:00+00:00,2026-09-11 20:45:00+00:00,2026-09-11 21:00:01+00:00,,,2026-09-11 20:45:00+00:00,,,FIB_RETRACE,crash:FIB_RETRACE:2026-09-11T20:30:00+00:00,-1,21817.518752,21823.980703999998,21828.193954,21800.05,16.853000000000456,,,expired,no_observed_touch,False,False,,,
2026-09-11 21:00:00+00:00,2026-09-11 21:01:00+00:00,2026-09-11 21:15:00+00:00,2026-09-11 21:30:01+00:00,,,2026-09-11 21:15:00+00:00,,,FIB_RETRACE,crash:FIB_RETRACE:2026-09-11T21:00:00+00:00,-1,21774.9284,21796.9028,21803.02305,21695.607,24.481000000000027,,,expired,no_observed_touch,False,False,,,
2026-09-14 01:00:00+00:00,2026-09-14 01:01:00+00:00,2026-09-14 01:15:00+00:00,2026-09-14 01:30:01+00:00,,,2026-09-14 01:15:00+00:00,,,FIB_RETRACE,crash:FIB_RETRACE:2026-09-14T01:00:00+00:00,-1,22297.843960000002,22314.59692,22319.639134285713,22243.551,20.16885714285724,,,expired,no_observed_touch,False,False,,,
2026-09-14 22:30:00+00:00,2026-09-14 22:31:00+00:00,2026-09-14 22:45:00+00:00,2026-09-14 23:00:01+00:00,,,2026-09-14 22:45:00+00:00,,,FIB_RETRACE,crash:FIB_RETRACE:2026-09-14T22:30:00+00:00,-1,22104.917874,22116.659897999998,22121.983772999996,22063.579,21.295499999999915,,,expired,no_observed_touch,False,False,,,
2026-09-15 02:30:00+00:00,2026-09-15 02:31:00+00:00,2026-09-15 02:45:00+00:00,2026-09-15 03:00:01+00:00,,,2026-09-15 02:45:00+00:00,,,FIB_RETRACE,crash:FIB_RETRACE:2026-09-15T02:30:00+00:00,-1,22105.771475999998,22114.790052,22118.97740914286,22095.052,16.749428571428457,,,expired,no_observed_touch,False,False,,,
2026-09-15 20:00:00+00:00,2026-09-15 20:01:00+00:00,2026-09-15 20:15:00+00:00,2026-09-15 20:30:01+00:00,,,2026-09-15 20:15:00+00:00,,,FIB_RETRACE,crash:FIB_RETRACE:2026-09-15T20:00:00+00:00,-1,22247.813462000002,22258.155374,22262.838463285716,22218.041,18.732357142857705,,,expired,no_observed_touch,False,False,,,
2026-09-15 20:30:00+00:00,2026-09-15 20:31:00+00:00,2026-09-15 20:45:00+00:00,2026-09-15 21:00:01+00:00,,,2026-09-15 20:45:00+00:00,,,FIB_RETRACE,crash:FIB_RETRACE:2026-09-15T20:30:00+00:00,-1,22242.21974,22253.54798,22258.618694285713,22210.029,20.282857142857342,,,expired,no_observed_touch,False,False,,,
2026-09-16 22:00:00+00:00,2026-09-16 22:01:00+00:00,2026-09-16 22:15:00+00:00,2026-09-16 22:30:01+00:00,,,2026-09-16 22:15:00+00:00,,,FIB_RETRACE,crash:FIB_RETRACE:2026-09-16T22:00:00+00:00,-1,21992.34546,22018.632419999998,22024.57413428571,21905.379,23.76685714285668,,,expired,no_observed_touch,False,False,,,
2026-09-17 03:00:00+00:00,2026-09-17 03:01:00+00:00,2026-09-17 03:15:00+00:00,2026-09-17 03:30:01+00:00,2026-09-17 03:10:12+00:00,2026-09-17 03:10:13+00:00,2026-09-17 03:25:13+00:00,,,FIB_RETRACE,crash:FIB_RETRACE:2026-09-17T03:00:00+00:00,-1,22006.546102,22016.632654,22021.295243285716,21984.944,18.65035714285711,22006.58,21945.681,completed,time,False,False,1.6326497003121714,1.5826497003121713,15.0
2026-09-17 03:30:00+00:00,2026-09-17 03:31:00+00:00,2026-09-17 03:45:00+00:00,2026-09-17 04:00:01+00:00,,,2026-09-17 03:45:00+00:00,,,FIB_RETRACE,crash:FIB_RETRACE:2026-09-17T03:30:00+00:00,-1,21969.436314000002,21992.615778,21998.759938714284,21885.577,24.57664285714314,,,expired,no_observed_touch,False,False,,,
2026-09-18 03:30:00+00:00,2026-09-18 03:31:00+00:00,2026-09-18 03:45:00+00:00,2026-09-18 04:00:01+00:00,,,2026-09-18 03:45:00+00:00,,,FIB_RETRACE,crash:FIB_RETRACE:2026-09-18T03:30:00+00:00,-1,22073.431222,22085.758894,22090.74878685714,22028.226,19.959571428572026,,,expired,no_observed_touch,False,False,,,
2026-09-19 18:30:00+00:00,2026-09-19 18:31:00+00:00,2026-09-19 18:45:00+00:00,2026-09-19 19:00:01+00:00,,,2026-09-19 18:45:00+00:00,,,FIB_RETRACE,crash:FIB_RETRACE:2026-09-19T18:30:00+00:00,-1,22405.436373999997,22418.396397999997,22422.76191585714,22370.07,17.462071428570717,,,expired,no_observed_touch,False,False,,,
2026-09-20 01:30:00+00:00,2026-09-20 01:31:00+00:00,2026-09-20 01:45:00+00:00,2026-09-20 02:00:01+00:00,,,2026-09-20 01:45:00+00:00,,,FIB_RETRACE,crash:FIB_RETRACE:2026-09-20T01:30:00+00:00,-1,22289.195022,22310.863494,22316.71854757143,22213.172,23.4202142857144,,,expired,no_observed_touch,False,False,,,
2026-09-20 06:00:00+00:00,2026-09-20 06:01:00+00:00,2026-09-20 06:15:00+00:00,2026-09-20 06:30:01+00:00,,,2026-09-20 06:15:00+00:00,,,FIB_RETRACE,crash:FIB_RETRACE:2026-09-20T06:00:00+00:00,-1,22225.167784,22245.392968,22251.27164657143,22154.314,23.514714285713904,,,expired,no_observed_touch,False,False,,,
2026-09-21 04:00:00+00:00,2026-09-21 04:01:00+00:00,2026-09-21 04:15:00+00:00,2026-09-21 04:30:01+00:00,,,2026-09-21 04:15:00+00:00,,,FIB_RETRACE,crash:FIB_RETRACE:2026-09-21T04:00:00+00:00,-1,22444.777068,22463.345436,22468.634811,22381.662,21.157499999999864,,,expired,no_observed_touch,False,False,,,
2026-09-21 12:00:00+00:00,2026-09-21 12:01:00+00:00,2026-09-21 12:15:00+00:00,2026-09-21 12:30:01+00:00,,,2026-09-21 12:15:00+00:00,,,FIB_RETRACE,crash:FIB_RETRACE:2026-09-21T12:00:00+00:00,-1,22236.21892,22244.69284,22249.24701857143,22215.77,18.21671428571452,,,expired,no_observed_touch,False,False,,,
2026-09-21 14:30:00+00:00,2026-09-21 14:31:00+00:00,2026-09-21 14:45:00+00:00,2026-09-21 15:00:01+00:00,,,2026-09-21 14:45:00+00:00,,,FIB_RETRACE,crash:FIB_RETRACE:2026-09-21T14:30:00+00:00,-1,22183.112358,22204.016766,22209.84594457143,22111.366,23.316714285714365,,,expired,no_observed_touch,False,False,,,
2026-09-21 18:30:00+00:00,2026-09-21 18:31:00+00:00,2026-09-21 18:45:00+00:00,2026-09-21 19:00:01+00:00,,,2026-09-21 18:45:00+00:00,,,FIB_RETRACE,crash:FIB_RETRACE:2026-09-21T18:30:00+00:00,-1,21983.957776,22008.743152,22015.27016985714,21893.136,26.108071428570838,,,expired,no_observed_touch,False,False,,,
2026-09-21 20:00:00+00:00,2026-09-21 20:01:00+00:00,2026-09-21 20:15:00+00:00,2026-09-21 20:30:01+00:00,,,2026-09-21 20:15:00+00:00,,,FIB_RETRACE,crash:FIB_RETRACE:2026-09-21T20:00:00+00:00,-1,21932.887486,21944.164822,21948.78883985714,21891.403,18.49607142857089,,,expired,no_observed_touch,False,False,,,
2026-09-21 20:30:00+00:00,2026-09-21 20:31:00+00:00,2026-09-21 20:45:00+00:00,2026-09-21 21:00:01+00:00,,,2026-09-21 20:45:00+00:00,,,FIB_RETRACE,crash:FIB_RETRACE:2026-09-21T20:30:00+00:00,-1,21872.047702,21902.495854,21909.035514714287,21766.152,26.158642857142695,,,expired,no_observed_touch,False,False,,,
2026-09-21 21:00:00+00:00,2026-09-21 21:01:00+00:00,2026-09-21 21:15:00+00:00,2026-09-21 21:30:01+00:00,,,2026-09-21 21:15:00+00:00,,,FIB_RETRACE,crash:FIB_RETRACE:2026-09-21T21:00:00+00:00,-1,21843.377446,21866.031742,21871.631277714285,21793.327,22.398142857143153,,,expired,no_observed_touch,False,False,,,
2026-09-22 11:30:00+00:00,2026-09-22 11:31:00+00:00,2026-09-22 11:45:00+00:00,2026-09-22 12:00:01+00:00,,,2026-09-22 11:45:00+00:00,,,FIB_RETRACE,crash:FIB_RETRACE:2026-09-22T11:30:00+00:00,-1,22025.878520000002,22042.78604,22048.22386142857,21974.294,21.751285714285718,,,expired,no_observed_touch,False,False,,,
2026-09-23 16:00:00+00:00,2026-09-23 16:01:00+00:00,2026-09-23 16:15:00+00:00,2026-09-23 16:30:01+00:00,,,2026-09-23 16:15:00+00:00,,,FIB_RETRACE,crash:FIB_RETRACE:2026-09-23T16:00:00+00:00,-1,22186.977334,22201.234318,22205.571371571426,22153.162,17.348214285714285,,,expired,no_observed_touch,False,False,,,
2026-09-24 05:00:00+00:00,2026-09-24 05:01:00+00:00,2026-09-24 05:15:00+00:00,2026-09-24 05:30:01+00:00,,,2026-09-24 05:15:00+00:00,,,FIB_RETRACE,crash:FIB_RETRACE:2026-09-24T05:00:00+00:00,-1,22322.240442,22355.028833999997,22361.571369714282,22211.159,26.1701428571427,,,expired,no_observed_touch,False,False,,,
2026-09-24 11:30:00+00:00,2026-09-24 11:31:00+00:00,2026-09-24 11:45:00+00:00,2026-09-24 12:00:01+00:00,,,2026-09-24 11:45:00+00:00,,,FIB_RETRACE,crash:FIB_RETRACE:2026-09-24T11:30:00+00:00,-1,22390.588196,22408.265492,22413.773527714286,22333.302,22.032142857143167,,,expired,no_observed_touch,False,False,,,
2026-09-24 15:00:00+00:00,2026-09-24 15:01:00+00:00,2026-09-24 15:15:00+00:00,2026-09-24 15:30:01+00:00,,,2026-09-24 15:15:00+00:00,,,FIB_RETRACE,crash:FIB_RETRACE:2026-09-24T15:00:00+00:00,-1,22223.852772000002,22241.384244,22246.632279714286,22173.379,20.992142857142557,,,expired,no_observed_touch,False,False,,,
2026-09-24 17:00:00+00:00,2026-09-24 17:01:00+00:00,2026-09-24 17:15:00+00:00,2026-09-24 17:30:01+00:00,,,2026-09-24 17:15:00+00:00,,,FIB_RETRACE,crash:FIB_RETRACE:2026-09-24T17:00:00+00:00,-1,22162.436816,22175.677232000002,22180.144732,22134.815,17.87000000000028,,,expired,no_observed_touch,False,False,,,
2026-09-24 18:00:00+00:00,2026-09-24 18:01:00+00:00,2026-09-24 18:15:00+00:00,2026-09-24 18:30:01+00:00,,,2026-09-24 18:15:00+00:00,,,FIB_RETRACE,crash:FIB_RETRACE:2026-09-24T18:00:00+00:00,-1,22095.053854,22120.422358,22126.792125857144,22008.281,25.479071428571842,,,expired,no_observed_touch,False,False,,,
2026-09-26 05:30:00+00:00,2026-09-26 05:31:00+00:00,2026-09-26 05:45:00+00:00,2026-09-26 06:00:01+00:00,,,2026-09-26 05:45:00+00:00,,,FIB_RETRACE,crash:FIB_RETRACE:2026-09-26T05:30:00+00:00,-1,22199.733054,22218.112758,22223.459472285715,22142.353,21.38685714285748,,,expired,no_observed_touch,False,False,,,
2026-09-26 21:30:00+00:00,2026-09-26 21:31:00+00:00,2026-09-26 21:45:00+00:00,2026-09-26 22:00:01+00:00,,,2026-09-26 21:45:00+00:00,,,FIB_RETRACE,crash:FIB_RETRACE:2026-09-26T21:30:00+00:00,-1,22327.414052,22343.342804,22348.679893285713,22277.029,21.34835714285717,,,expired,no_observed_touch,False,False,,,
2026-09-28 00:00:00+00:00,2026-09-28 00:01:00+00:00,2026-09-28 00:15:00+00:00,2026-09-28 00:30:01+00:00,,,2026-09-28 00:15:00+00:00,,,FIB_RETRACE,crash:FIB_RETRACE:2026-09-28T00:00:00+00:00,-1,22511.981394000002,22523.998938,22528.81088442857,22469.552,19.247785714285783,,,expired,no_observed_touch,False,False,,,
2026-09-28 14:00:00+00:00,2026-09-28 14:01:00+00:00,2026-09-28 14:15:00+00:00,2026-09-28 14:30:01+00:00,,,2026-09-28 14:15:00+00:00,,,FIB_RETRACE,crash:FIB_RETRACE:2026-09-28T14:00:00+00:00,-1,22350.9248,22372.1096,22377.691153571428,22279.527,22.326214285715,,,expired,no_observed_touch,False,False,,,
2026-09-28 14:30:00+00:00,2026-09-28 14:31:00+00:00,2026-09-28 14:45:00+00:00,2026-09-28 15:00:01+00:00,,,2026-09-28 14:45:00+00:00,,,FIB_RETRACE,crash:FIB_RETRACE:2026-09-28T14:30:00+00:00,-1,22313.475882000002,22347.117714,22353.794053285714,22193.587,26.705357142856883,,,expired,no_observed_touch,False,False,,,
2026-09-28 15:00:00+00:00,2026-09-28 15:01:00+00:00,2026-09-28 15:15:00+00:00,2026-09-28 15:30:01+00:00,,,2026-09-28 15:15:00+00:00,,,FIB_RETRACE,crash:FIB_RETRACE:2026-09-28T15:00:00+00:00,-1,22235.57767,22256.71459,22262.948929285714,22159.18,24.937357142856595,,,expired,no_observed_touch,False,False,,,
2026-09-29 15:00:00+00:00,2026-09-29 15:01:00+00:00,2026-09-29 15:15:00+00:00,2026-09-29 15:30:01+00:00,,,2026-09-29 15:15:00+00:00,,,FIB_RETRACE,crash:FIB_RETRACE:2026-09-29T15:00:00+00:00,-1,22339.398256,22352.652112,22357.326647714286,22301.04,18.698142857142948,,,expired,no_observed_touch,False,False,,,
2026-09-30 04:00:00+00:00,2026-09-30 04:01:00+00:00,2026-09-30 04:15:00+00:00,2026-09-30 04:30:01+00:00,,,2026-09-30 04:15:00+00:00,,,FIB_RETRACE,crash:FIB_RETRACE:2026-09-30T04:00:00+00:00,-1,22333.666434,22351.443017999998,22357.360375142856,22269.985,23.66942857142853,,,expired,no_observed_touch,False,False,,,
2026-09-30 12:00:00+00:00,2026-09-30 12:01:00+00:00,2026-09-30 12:15:00+00:00,2026-09-30 12:30:01+00:00,,,2026-09-30 12:15:00+00:00,,,FIB_RETRACE,crash:FIB_RETRACE:2026-09-30T12:00:00+00:00,-1,22124.384138,22148.515826000003,22154.704397428573,22040.337,24.754285714286066,,,expired,no_observed_touch,False,False,,,
2026-10-01 14:30:00+00:00,2026-10-01 14:31:00+00:00,2026-10-01 14:45:00+00:00,2026-10-01 15:00:01+00:00,,,2026-10-01 14:45:00+00:00,,,FIB_RETRACE,crash:FIB_RETRACE:2026-10-01T14:30:00+00:00,-1,22230.498552,22264.529304,22271.404500428573,22117.867,27.500785714286135,,,expired,no_observed_touch,False,False,,,
2026-10-01 15:00:00+00:00,2026-10-01 15:01:00+00:00,2026-10-01 15:15:00+00:00,2026-10-01 15:30:01+00:00,,,2026-10-01 15:15:00+00:00,,,FIB_RETRACE,crash:FIB_RETRACE:2026-10-01T15:00:00+00:00,-1,22151.392028000002,22165.209356,22171.57442742857,22103.536,25.46028571428646,,,expired,no_observed_touch,False,False,,,
2026-10-01 20:00:00+00:00,2026-10-01 20:01:00+00:00,2026-10-01 20:15:00+00:00,2026-10-01 20:30:01+00:00,,,2026-10-01 20:15:00+00:00,,,FIB_RETRACE,crash:FIB_RETRACE:2026-10-01T20:00:00+00:00,-1,22156.686130000002,22169.75401,22173.772992142858,22116.39,16.07592857142819,,,expired,no_observed_touch,False,False,,,
2026-10-01 21:00:00+00:00,2026-10-01 21:01:00+00:00,2026-10-01 21:15:00+00:00,2026-10-01 21:30:01+00:00,,,2026-10-01 21:15:00+00:00,,,FIB_RETRACE,crash:FIB_RETRACE:2026-10-01T21:00:00+00:00,-1,22077.626485999997,22100.075822,22106.233554142855,21998.609,24.63092857142848,,,expired,no_observed_touch,False,False,,,
2026-10-02 05:00:00+00:00,2026-10-02 05:01:00+00:00,2026-10-02 05:15:00+00:00,2026-10-02 05:30:01+00:00,,,2026-10-02 05:15:00+00:00,,,FIB_RETRACE,crash:FIB_RETRACE:2026-10-02T05:00:00+00:00,-1,22063.800476,22084.411052,22090.05581985714,21992.156,22.579071428570646,,,expired,no_observed_touch,False,False,,,
2026-10-02 06:00:00+00:00,2026-10-02 06:01:00+00:00,2026-10-02 06:15:00+00:00,2026-10-02 06:30:01+00:00,,,2026-10-02 06:15:00+00:00,,,FIB_RETRACE,crash:FIB_RETRACE:2026-10-02T06:00:00+00:00,-1,21966.544579999998,21982.38866,21988.404874285716,21908.582,24.064857142856845,,,expired,no_observed_touch,False,False,,,
2026-10-02 06:30:00+00:00,2026-10-02 06:31:00+00:00,2026-10-02 06:45:00+00:00,2026-10-02 07:00:01+00:00,,,2026-10-02 06:45:00+00:00,,,FIB_RETRACE,crash:FIB_RETRACE:2026-10-02T06:30:00+00:00,-1,21950.687406,21968.674662,21973.890429857143,21903.815,20.863071428571338,,,expired,no_observed_touch,False,False,,,
2026-10-02 12:00:00+00:00,2026-10-02 12:01:00+00:00,2026-10-02 12:15:00+00:00,2026-10-02 12:30:01+00:00,,,2026-10-02 12:15:00+00:00,,,FIB_RETRACE,crash:FIB_RETRACE:2026-10-02T12:00:00+00:00,-1,21917.008212,21940.685124,21946.276302571427,21861.672,22.364714285714268,,,expired,no_observed_touch,False,False,,,
