signal_time,activation_time,wait_end,maximum_end,touch_time,entry_time,exit_time,trigger_time,missing_time,variant,zone_id,side,zone_low,zone_high,invalidation,issue_price,atr,entry,exit,status,reason,censored,ambiguous,gross_R,net_R,holding_minutes
2025-10-09 12:00:00+00:00,2025-10-09 12:01:00+00:00,2025-10-09 12:15:00+00:00,2025-10-09 12:30:01+00:00,2025-10-09 12:04:31+00:00,2025-10-09 12:04:32+00:00,2025-10-09 12:19:32+00:00,,,CONTEXT_GEOMETRIC,crash:CONTEXT_GEOMETRIC:2025-10-09T12:00:00+00:00,-1,18644.180842857142,18646.086585714285,18650.85094285714,18635.605,19.057428571428577,18644.189,18660.09,completed,time,False,False,-0.41718639900455606,-0.46718639900455605,15.0
2025-10-09 13:00:00+00:00,2025-10-09 13:01:00+00:00,2025-10-09 13:15:00+00:00,2025-10-09 13:30:01+00:00,2025-10-09 13:03:59+00:00,2025-10-09 13:04:00+00:00,2025-10-09 13:19:00+00:00,,,CONTEXT_GEOMETRIC,crash:CONTEXT_GEOMETRIC:2025-10-09T13:00:00+00:00,-1,18632.62590357143,18634.281882142855,18638.421828571427,18625.174,16.559785714285162,18632.698,18660.389,completed,time,False,False,-0.8360917368668449,-0.886091736866845,15.0
2025-10-10 02:30:00+00:00,2025-10-10 02:31:00+00:00,2025-10-10 02:45:00+00:00,2025-10-10 03:00:01+00:00,2025-10-10 02:35:32+00:00,2025-10-10 02:35:33+00:00,2025-10-10 02:50:33+00:00,,,CONTEXT_GEOMETRIC,crash:CONTEXT_GEOMETRIC:2025-10-10T02:30:00+00:00,-1,18689.461225,18691.359275,18696.1044,18680.92,18.980500000000443,18689.525,18690.455,completed,time,False,False,-0.024498827744270944,-0.07449882774427094,15.0
2025-10-10 05:00:00+00:00,2025-10-10 05:01:00+00:00,2025-10-10 05:15:00+00:00,2025-10-10 05:30:01+00:00,2025-10-10 05:04:19+00:00,2025-10-10 05:04:20+00:00,2025-10-10 05:19:20+00:00,,,CONTEXT_GEOMETRIC,crash:CONTEXT_GEOMETRIC:2025-10-10T05:00:00+00:00,-1,18684.31810714286,18686.117464285715,18690.615857142857,18676.221,17.9935714285709,18684.448,18694.949,completed,time,False,False,-0.2917986582509769,-0.3417986582509769,15.0
2025-10-11 12:00:00+00:00,2025-10-11 12:01:00+00:00,2025-10-11 12:15:00+00:00,2025-10-11 12:30:01+00:00,2025-10-11 12:03:28+00:00,2025-10-11 12:03:29+00:00,2025-10-11 12:18:29+00:00,,,CONTEXT_GEOMETRIC,crash:CONTEXT_GEOMETRIC:2025-10-11T12:00:00+00:00,-1,18598.207885714284,18599.69497142857,18603.412685714284,18591.516,14.870857142856819,18598.235,18581.008,completed,time,False,False,0.5792201429449513,0.5292201429449512,15.0
2025-10-11 14:00:00+00:00,2025-10-11 14:01:00+00:00,2025-10-11 14:15:00+00:00,2025-10-11 14:30:01+00:00,2025-10-11 14:03:21+00:00,2025-10-11 14:03:22+00:00,2025-10-11 14:18:22+00:00,,,CONTEXT_GEOMETRIC,crash:CONTEXT_GEOMETRIC:2025-10-11T14:00:00+00:00,-1,18627.80530714286,18629.288264285715,18632.99565714286,18621.132,14.829571428571787,18627.932,18620.653,completed,time,False,False,0.24542179236474734,0.19542179236474733,15.0
2025-10-11 20:30:00+00:00,2025-10-11 20:31:00+00:00,2025-10-11 20:45:00+00:00,2025-10-11 21:00:01+00:00,2025-10-11 20:33:07+00:00,2025-10-11 20:33:08+00:00,2025-10-11 20:48:08+00:00,,,CONTEXT_GEOMETRIC,crash:CONTEXT_GEOMETRIC:2025-10-11T20:30:00+00:00,-1,18632.1181,18633.5619,18637.1714,18625.621,14.437999999999843,18632.157,18658.495,completed,time,False,False,-0.9121069400193942,-0.9621069400193942,15.0
2025-10-11 21:00:00+00:00,2025-10-11 21:01:00+00:00,2025-10-11 21:15:00+00:00,2025-10-11 21:30:01+00:00,2025-10-11 21:03:49+00:00,2025-10-11 21:03:50+00:00,2025-10-11 21:18:50+00:00,,,CONTEXT_GEOMETRIC,crash:CONTEXT_GEOMETRIC:2025-10-11T21:00:00+00:00,-1,18653.694910714286,18655.20244642857,18658.971285714284,18646.911,15.075357142857163,18653.765,18664.634,completed,time,False,False,-0.360488972068851,-0.410488972068851,15.0
2025-10-11 23:00:00+00:00,2025-10-11 23:01:00+00:00,2025-10-11 23:15:00+00:00,2025-10-11 23:30:01+00:00,2025-10-11 23:05:03+00:00,2025-10-11 23:05:04+00:00,2025-10-11 23:20:04+00:00,,,CONTEXT_GEOMETRIC,crash:CONTEXT_GEOMETRIC:2025-10-11T23:00:00+00:00,-1,18584.07768214286,18586.237389285714,18591.636657142855,18574.359,21.597071428571457,18584.085,18542.526,completed,time,False,False,0.962144338352693,0.9121443383526929,15.0
2025-10-12 01:00:00+00:00,2025-10-12 01:01:00+00:00,2025-10-12 01:15:00+00:00,2025-10-12 01:30:01+00:00,2025-10-12 01:04:16+00:00,2025-10-12 01:04:17+00:00,2025-10-12 01:19:17+00:00,,,CONTEXT_GEOMETRIC,crash:CONTEXT_GEOMETRIC:2025-10-12T01:00:00+00:00,-1,18528.211357142856,18529.98121428571,18534.405857142854,18520.247,17.698571428571086,18528.251,18533.772,completed,time,False,False,-0.15597304060055384,-0.20597304060055383,15.0
2025-10-13 06:00:00+00:00,2025-10-13 06:01:00+00:00,2025-10-13 06:15:00+00:00,2025-10-13 06:30:01+00:00,2025-10-13 06:04:06+00:00,2025-10-13 06:04:07+00:00,2025-10-13 06:19:07+00:00,,,CONTEXT_GEOMETRIC,crash:CONTEXT_GEOMETRIC:2025-10-13T06:00:00+00:00,-1,18714.583989285715,18716.268653571427,18720.480314285713,18707.003,16.846642857142797,18714.63,18742.928,completed,time,False,False,-0.8398705973635814,-0.8898705973635814,15.0
2025-10-13 07:00:00+00:00,2025-10-13 07:01:00+00:00,2025-10-13 07:15:00+00:00,2025-10-13 07:30:01+00:00,2025-10-13 07:12:23+00:00,2025-10-13 07:12:24+00:00,2025-10-13 07:27:24+00:00,,,CONTEXT_GEOMETRIC,crash:CONTEXT_GEOMETRIC:2025-10-13T07:00:00+00:00,-1,18704.455285714288,18706.253571428573,18710.749285714286,18696.363,17.98285714285703,18704.503,18721.851,completed,time,False,False,-0.4823482681918801,-0.5323482681918801,15.0
2025-10-14 01:00:00+00:00,2025-10-14 01:01:00+00:00,2025-10-14 01:15:00+00:00,2025-10-14 01:30:01+00:00,2025-10-14 01:07:54+00:00,2025-10-14 01:07:55+00:00,2025-10-14 01:22:55+00:00,,,CONTEXT_GEOMETRIC,crash:CONTEXT_GEOMETRIC:2025-10-14T01:00:00+00:00,-1,18991.966635714285,18993.58322142857,18997.624685714283,18984.692,16.16585714285663,18992.069,18976.488,completed,time,False,False,0.48191072896135434,0.43191072896135435,15.0
2025-10-14 04:00:00+00:00,2025-10-14 04:01:00+00:00,2025-10-14 04:15:00+00:00,2025-10-14 04:30:01+00:00,2025-10-14 04:05:03+00:00,2025-10-14 04:05:04+00:00,2025-10-14 04:20:04+00:00,,,CONTEXT_GEOMETRIC,crash:CONTEXT_GEOMETRIC:2025-10-14T04:00:00+00:00,-1,18890.49561428571,18892.595528571426,18897.84531428571,18881.046,20.999142857142683,18890.552,18874.124,completed,time,False,False,0.3911588228090947,0.3411588228090947,15.0
2025-10-14 05:00:00+00:00,2025-10-14 05:01:00+00:00,2025-10-14 05:15:00+00:00,2025-10-14 05:30:01+00:00,2025-10-14 05:04:09+00:00,2025-10-14 05:04:10+00:00,2025-10-14 05:19:10+00:00,,,CONTEXT_GEOMETRIC,crash:CONTEXT_GEOMETRIC:2025-10-14T05:00:00+00:00,-1,18883.972442857143,18885.754985714288,18890.211342857147,18875.951,17.825428571428866,18883.985,18891.638,completed,time,False,False,-0.2146652454759177,-0.2646652454759177,15.0
2025-10-14 16:00:00+00:00,2025-10-14 16:01:00+00:00,2025-10-14 16:15:00+00:00,2025-10-14 16:30:01+00:00,2025-10-14 16:11:21+00:00,2025-10-14 16:11:22+00:00,2025-10-14 16:26:22+00:00,,,CONTEXT_GEOMETRIC,crash:CONTEXT_GEOMETRIC:2025-10-14T16:00:00+00:00,-1,19086.79981785714,19088.503110714286,19092.761342857142,19079.135,17.032928571429043,19086.855,19114.398,completed,time,False,False,-0.8085221482758399,-0.85852214827584,15.0
2025-10-14 16:30:00+00:00,2025-10-14 16:31:00+00:00,2025-10-14 16:45:00+00:00,2025-10-14 17:00:01+00:00,2025-10-14 16:33:06+00:00,2025-10-14 16:33:07+00:00,2025-10-14 16:47:59+00:00,2025-10-14 16:47:58+00:00,,CONTEXT_GEOMETRIC,crash:CONTEXT_GEOMETRIC:2025-10-14T16:30:00+00:00,-1,19089.60637857143,19090.984907142854,19094.431228571426,19083.403,13.785285714286147,19089.645,19117.247,completed,sl,False,False,-1.0011399318112821,-1.0511399318112822,14.866666666666667
2025-10-15 04:00:00+00:00,2025-10-15 04:01:00+00:00,2025-10-15 04:15:00+00:00,2025-10-15 04:30:01+00:00,2025-10-15 04:03:49+00:00,2025-10-15 04:03:50+00:00,2025-10-15 04:18:50+00:00,,,CONTEXT_GEOMETRIC,crash:CONTEXT_GEOMETRIC:2025-10-15T04:00:00+00:00,-1,19038.207664285714,19039.810478571428,19043.817514285714,19030.995,16.028142857143134,19038.336,19067.071,completed,time,False,False,-0.8963920603937743,-0.9463920603937743,15.0
2025-10-15 07:30:00+00:00,2025-10-15 07:31:00+00:00,2025-10-15 07:45:00+00:00,2025-10-15 08:00:01+00:00,2025-10-15 07:34:33+00:00,2025-10-15 07:34:34+00:00,2025-10-15 07:49:34+00:00,,,CONTEXT_GEOMETRIC,crash:CONTEXT_GEOMETRIC:2025-10-15T07:30:00+00:00,-1,19038.68547857143,19040.613807142858,19045.43462857143,19030.008,19.283285714286,19038.71,19054.041,completed,time,False,False,-0.3975204284984482,-0.4475204284984482,15.0
2025-10-15 15:00:00+00:00,2025-10-15 15:01:00+00:00,2025-10-15 15:15:00+00:00,2025-10-15 15:30:01+00:00,2025-10-15 15:05:03+00:00,2025-10-15 15:05:04+00:00,2025-10-15 15:20:04+00:00,,,CONTEXT_GEOMETRIC,crash:CONTEXT_GEOMETRIC:2025-10-15T15:00:00+00:00,-1,18902.640889285714,18904.70375357143,18909.860914285717,18893.358,20.62864285714256,18902.662,18907.335,completed,time,False,False,-0.11326484326575229,-0.1632648432657523,15.0
2025-10-15 20:00:00+00:00,2025-10-15 20:01:00+00:00,2025-10-15 20:15:00+00:00,2025-10-15 20:30:01+00:00,2025-10-15 20:04:42+00:00,2025-10-15 20:04:43+00:00,2025-10-15 20:19:43+00:00,,,CONTEXT_GEOMETRIC,crash:CONTEXT_GEOMETRIC:2025-10-15T20:00:00+00:00,-1,18905.52855,18907.56845,18912.6682,18896.349,20.398999999999692,18905.64,18898.807,completed,time,False,False,0.16748370018135258,0.11748370018135258,15.0
2025-10-15 23:00:00+00:00,2025-10-15 23:01:00+00:00,2025-10-15 23:15:00+00:00,2025-10-15 23:30:01+00:00,2025-10-15 23:04:18+00:00,2025-10-15 23:04:19+00:00,2025-10-15 23:19:19+00:00,,,CONTEXT_GEOMETRIC,crash:CONTEXT_GEOMETRIC:2025-10-15T23:00:00+00:00,-1,18742.03046785714,18743.927460714283,18748.66994285714,18733.494,18.96992857142868,18742.104,18738.252,completed,time,False,False,0.10152911186499124,0.051529111864991234,15.0
2025-10-16 08:00:00+00:00,2025-10-16 08:01:00+00:00,2025-10-16 08:15:00+00:00,2025-10-16 08:30:01+00:00,2025-10-16 08:08:14+00:00,2025-10-16 08:08:15+00:00,2025-10-16 08:23:15+00:00,,,CONTEXT_GEOMETRIC,crash:CONTEXT_GEOMETRIC:2025-10-16T08:00:00+00:00,-1,18756.32284642857,18757.758367857143,18761.34717142857,18749.863,14.355214285714672,18756.389,18784.258,completed,time,False,False,-0.9706925805954614,-1.0206925805954614,15.0
2025-10-16 11:00:00+00:00,2025-10-16 11:01:00+00:00,2025-10-16 11:15:00+00:00,2025-10-16 11:30:01+00:00,2025-10-16 11:03:31+00:00,2025-10-16 11:03:32+00:00,2025-10-16 11:18:32+00:00,,,CONTEXT_GEOMETRIC,crash:CONTEXT_GEOMETRIC:2025-10-16T11:00:00+00:00,-1,18796.361289285713,18797.835353571427,18801.520514285712,18789.728,14.74064285714225,18796.424,18825.22,completed,time,False,False,-0.97675522971,-1.02675522971,15.0
2025-10-16 11:30:00+00:00,2025-10-16 11:31:00+00:00,2025-10-16 11:45:00+00:00,2025-10-16 12:00:01+00:00,2025-10-16 11:33:22+00:00,2025-10-16 11:33:23+00:00,2025-10-16 11:48:23+00:00,,,CONTEXT_GEOMETRIC,crash:CONTEXT_GEOMETRIC:2025-10-16T11:30:00+00:00,-1,18828.902560714287,18830.33579642857,18833.918885714287,18822.453,14.332357142857031,18828.917,18839.352,completed,time,False,False,-0.36403642108507855,-0.41403642108507854,15.0
2025-10-16 20:30:00+00:00,2025-10-16 20:31:00+00:00,2025-10-16 20:45:00+00:00,2025-10-16 21:00:01+00:00,2025-10-16 20:34:30+00:00,2025-10-16 20:34:31+00:00,2025-10-16 20:49:31+00:00,,,CONTEXT_GEOMETRIC,crash:CONTEXT_GEOMETRIC:2025-10-16T20:30:00+00:00,-1,18780.749860714284,18782.65049642857,18787.402085714286,18772.197,19.00635714285766,18780.807,18755.26,completed,time,False,False,0.672064609961371,0.6220646099613709,15.0
2025-10-17 08:00:00+00:00,2025-10-17 08:01:00+00:00,2025-10-17 08:15:00+00:00,2025-10-17 08:30:01+00:00,2025-10-17 08:03:39+00:00,2025-10-17 08:03:40+00:00,2025-10-17 08:18:40+00:00,,,CONTEXT_GEOMETRIC,crash:CONTEXT_GEOMETRIC:2025-10-17T08:00:00+00:00,-1,18848.994521428573,18850.528192857142,18854.36237142857,18842.093,15.336714285714022,18849.004,18853.073,completed,time,False,False,-0.1326555324757446,-0.18265553247574462,15.0
2025-10-17 08:30:00+00:00,2025-10-17 08:31:00+00:00,2025-10-17 08:45:00+00:00,2025-10-17 09:00:01+00:00,2025-10-17 08:33:34+00:00,2025-10-17 08:33:35+00:00,2025-10-17 08:48:35+00:00,,,CONTEXT_GEOMETRIC,crash:CONTEXT_GEOMETRIC:2025-10-17T08:30:00+00:00,-1,18836.63195357143,18838.130832142855,18841.878028571427,18829.887,14.988785714285509,18836.651,18864.179,completed,time,False,False,-0.9182865284998386,-0.9682865284998387,15.0
2025-10-18 11:00:00+00:00,2025-10-18 11:01:00+00:00,2025-10-18 11:15:00+00:00,2025-10-18 11:30:01+00:00,2025-10-18 11:03:31+00:00,2025-10-18 11:03:32+00:00,2025-10-18 11:18:32+00:00,,,CONTEXT_GEOMETRIC,crash:CONTEXT_GEOMETRIC:2025-10-18T11:00:00+00:00,-1,18597.080289285714,18598.520353571428,18602.120514285714,18590.6,14.400642857142625,18597.175,18563.379,completed,time,False,False,1.1734198374080176,1.1234198374080175,15.0
2025-10-19 02:00:00+00:00,2025-10-19 02:01:00+00:00,2025-10-19 02:15:00+00:00,2025-10-19 02:30:01+00:00,2025-10-19 02:04:33+00:00,2025-10-19 02:04:34+00:00,2025-10-19 02:19:34+00:00,,,CONTEXT_GEOMETRIC,crash:CONTEXT_GEOMETRIC:2025-10-19T02:00:00+00:00,-1,18753.056289285712,18754.958353571426,18759.71351428571,18744.497,19.020642857142906,18753.115,18765.624,completed,time,False,False,-0.32882695116954563,-0.3788269511695456,15.0
2025-10-19 04:00:00+00:00,2025-10-19 04:01:00+00:00,2025-10-19 04:15:00+00:00,2025-10-19 04:30:01+00:00,2025-10-19 04:03:14+00:00,2025-10-19 04:03:15+00:00,2025-10-19 04:18:15+00:00,,,CONTEXT_GEOMETRIC,crash:CONTEXT_GEOMETRIC:2025-10-19T04:00:00+00:00,-1,18738.437310714286,18739.942046428572,18743.703885714287,18731.666,15.047357142857436,18738.45,18762.186,completed,time,False,False,-0.7887099300779077,-0.8387099300779077,15.0
2025-10-19 04:30:00+00:00,2025-10-19 04:31:00+00:00,2025-10-19 04:45:00+00:00,2025-10-19 05:00:01+00:00,2025-10-19 04:33:24+00:00,2025-10-19 04:33:25+00:00,2025-10-19 04:48:25+00:00,,,CONTEXT_GEOMETRIC,crash:CONTEXT_GEOMETRIC:2025-10-19T04:30:00+00:00,-1,18778.060871428574,18779.474842857144,18783.009771428573,18771.698,14.139714285714424,18778.112,18797.777,completed,time,False,False,-0.6953818020165051,-0.7453818020165052,15.0
2025-10-19 06:00:00+00:00,2025-10-19 06:01:00+00:00,2025-10-19 06:15:00+00:00,2025-10-19 06:30:01+00:00,2025-10-19 06:05:51+00:00,2025-10-19 06:05:52+00:00,2025-10-19 06:20:52+00:00,,,CONTEXT_GEOMETRIC,crash:CONTEXT_GEOMETRIC:2025-10-19T06:00:00+00:00,-1,18653.215675,18655.563825,18661.4342,18642.649,23.48149999999961,18653.245,18663.076,completed,time,False,False,-0.20933500841092165,-0.25933500841092166,15.0
2025-10-20 05:00:00+00:00,2025-10-20 05:01:00+00:00,2025-10-20 05:15:00+00:00,2025-10-20 05:30:01+00:00,2025-10-20 05:03:55+00:00,2025-10-20 05:03:56+00:00,2025-10-20 05:18:56+00:00,,,CONTEXT_GEOMETRIC,crash:CONTEXT_GEOMETRIC:2025-10-20T05:00:00+00:00,-1,19152.3638,19153.892200000002,19157.713200000002,19145.486,15.28399999999991,19152.476,19181.502,completed,time,False,False,-0.9495550902905597,-0.9995550902905598,15.0
2025-10-21 00:00:00+00:00,2025-10-21 00:01:00+00:00,2025-10-21 00:15:00+00:00,2025-10-21 00:30:01+00:00,2025-10-21 00:03:33+00:00,2025-10-21 00:03:34+00:00,2025-10-21 00:18:34+00:00,,,CONTEXT_GEOMETRIC,crash:CONTEXT_GEOMETRIC:2025-10-21T00:00:00+00:00,-1,19556.138546428574,19557.692667857144,19561.57797142857,19549.145,15.541214285715146,19556.176,19531.384,completed,time,False,False,0.7976210720802261,0.7476210720802261,15.0
2025-10-21 00:30:00+00:00,2025-10-21 00:31:00+00:00,2025-10-21 00:45:00+00:00,2025-10-21 01:00:01+00:00,2025-10-21 00:37:11+00:00,2025-10-21 00:37:12+00:00,2025-10-21 00:52:12+00:00,,,CONTEXT_GEOMETRIC,crash:CONTEXT_GEOMETRIC:2025-10-21T00:30:00+00:00,-1,19536.680346428573,19538.600867857145,19543.402171428574,19528.038,19.205214285714778,19536.752,19554.726,completed,time,False,False,-0.4679458331628135,-0.5179458331628135,15.0
2025-10-21 02:00:00+00:00,2025-10-21 02:01:00+00:00,2025-10-21 02:15:00+00:00,2025-10-21 02:30:01+00:00,2025-10-21 02:04:04+00:00,2025-10-21 02:04:05+00:00,2025-10-21 02:19:05+00:00,,,CONTEXT_GEOMETRIC,crash:CONTEXT_GEOMETRIC:2025-10-21T02:00:00+00:00,-1,19489.612825,19491.401674999997,19495.873799999998,19481.563,17.888500000000672,19489.673,19450.002,completed,time,False,False,1.1088408754226728,1.0588408754226728,15.0
2025-10-21 03:30:00+00:00,2025-10-21 03:31:00+00:00,2025-10-21 03:45:00+00:00,2025-10-21 04:00:01+00:00,2025-10-21 03:33:47+00:00,2025-10-21 03:33:48+00:00,2025-10-21 03:48:48+00:00,,,CONTEXT_GEOMETRIC,crash:CONTEXT_GEOMETRIC:2025-10-21T03:30:00+00:00,-1,19399.631264285712,19401.32887857143,19405.572914285713,19391.992,16.976142857142936,19399.653,19367.21,completed,time,False,False,0.9555468598789648,0.9055468598789648,15.0
2025-10-21 04:30:00+00:00,2025-10-21 04:31:00+00:00,2025-10-21 04:45:00+00:00,2025-10-21 05:00:01+00:00,2025-10-21 04:33:18+00:00,2025-10-21 04:33:19+00:00,2025-10-21 04:48:19+00:00,,,CONTEXT_GEOMETRIC,crash:CONTEXT_GEOMETRIC:2025-10-21T04:30:00+00:00,-1,19390.263785714284,19391.775071428572,19395.553285714286,19383.463,15.112857142857008,19390.279,19318.213,completed,time,False,False,2.384261272331963,2.3342612723319633,15.0
2025-10-21 05:30:00+00:00,2025-10-21 05:31:00+00:00,2025-10-21 05:45:00+00:00,2025-10-21 06:00:01+00:00,2025-10-21 05:34:53+00:00,2025-10-21 05:34:54+00:00,2025-10-21 05:49:54+00:00,,,CONTEXT_GEOMETRIC,crash:CONTEXT_GEOMETRIC:2025-10-21T05:30:00+00:00,-1,19318.489310714285,19320.59604642857,19325.862885714287,19309.009,21.067357142857613,19318.525,19347.251,completed,time,False,False,-0.6817656292910385,-0.7317656292910385,15.0
2025-10-21 17:30:00+00:00,2025-10-21 17:31:00+00:00,2025-10-21 17:45:00+00:00,2025-10-21 18:00:01+00:00,2025-10-21 17:34:14+00:00,2025-10-21 17:34:15+00:00,2025-10-21 17:49:15+00:00,,,CONTEXT_GEOMETRIC,crash:CONTEXT_GEOMETRIC:2025-10-21T17:30:00+00:00,-1,19279.261407142858,19281.144164285713,19285.851057142856,19270.789,18.82757142857086,19279.298,19308.274,completed,time,False,False,-0.769509761520046,-0.8195097615200461,15.0
2025-10-22 01:30:00+00:00,2025-10-22 01:31:00+00:00,2025-10-22 01:45:00+00:00,2025-10-22 02:00:01+00:00,2025-10-22 01:32:34+00:00,2025-10-22 01:32:35+00:00,2025-10-22 01:47:35+00:00,,,CONTEXT_GEOMETRIC,crash:CONTEXT_GEOMETRIC:2025-10-22T01:30:00+00:00,-1,19471.320285714286,19472.426571428572,19475.192285714285,19466.342,11.062857142857215,19471.372,19482.769,completed,time,False,False,-0.5151020144628446,-0.5651020144628447,15.0
2025-10-23 07:00:00+00:00,2025-10-23 07:01:00+00:00,2025-10-23 07:15:00+00:00,2025-10-23 07:30:01+00:00,2025-10-23 07:03:04+00:00,2025-10-23 07:03:05+00:00,2025-10-23 07:18:05+00:00,,,CONTEXT_GEOMETRIC,crash:CONTEXT_GEOMETRIC:2025-10-23T07:00:00+00:00,-1,19819.788425000002,19821.260075000002,19824.9392,19813.166,14.716499999999412,19819.897,19816.021,completed,time,False,False,0.13168892059933948,0.08168892059933948,15.0
2025-10-23 20:30:00+00:00,2025-10-23 20:31:00+00:00,2025-10-23 20:45:00+00:00,2025-10-23 21:00:01+00:00,2025-10-23 20:34:14+00:00,2025-10-23 20:34:15+00:00,2025-10-23 20:49:15+00:00,,,CONTEXT_GEOMETRIC,crash:CONTEXT_GEOMETRIC:2025-10-23T20:30:00+00:00,-1,19682.763232142857,19684.712839285716,19689.58685714286,19673.99,19.49607142857115,19682.823,19660.785,completed,time,False,False,0.5651907893531865,0.5151907893531864,15.0
2025-10-24 15:00:00+00:00,2025-10-24 15:01:00+00:00,2025-10-24 15:15:00+00:00,2025-10-24 15:30:01+00:00,2025-10-24 15:03:29+00:00,2025-10-24 15:03:30+00:00,2025-10-24 15:18:30+00:00,,,CONTEXT_GEOMETRIC,crash:CONTEXT_GEOMETRIC:2025-10-24T15:00:00+00:00,-1,19168.880285714287,19170.40057142857,19174.201285714284,19162.039,15.202857142857154,19168.923,19176.579,completed,time,False,False,-0.25179477541824236,-0.30179477541824234,15.0
2025-10-24 15:30:00+00:00,2025-10-24 15:31:00+00:00,2025-10-24 15:45:00+00:00,2025-10-24 16:00:01+00:00,2025-10-24 15:36:18+00:00,2025-10-24 15:36:19+00:00,2025-10-24 15:51:19+00:00,,,CONTEXT_GEOMETRIC,crash:CONTEXT_GEOMETRIC:2025-10-24T15:30:00+00:00,-1,19165.305525,19167.052975,19171.421599999998,19157.442,17.474500000000262,19165.326,19129.644,completed,time,False,False,1.0209734184096875,0.9709734184096874,15.0
2025-10-24 16:30:00+00:00,2025-10-24 16:31:00+00:00,2025-10-24 16:45:00+00:00,2025-10-24 17:00:01+00:00,2025-10-24 16:33:21+00:00,2025-10-24 16:33:22+00:00,2025-10-24 16:48:22+00:00,,,CONTEXT_GEOMETRIC,crash:CONTEXT_GEOMETRIC:2025-10-24T16:30:00+00:00,-1,19166.605475,19168.136025,19171.9624,19159.718,15.305500000000393,19166.685,19171.112,completed,time,False,False,-0.14462121459604607,-0.1946212145960461,15.0
2025-10-24 18:00:00+00:00,2025-10-24 18:01:00+00:00,2025-10-24 18:15:00+00:00,2025-10-24 18:30:01+00:00,2025-10-24 18:03:32+00:00,2025-10-24 18:03:33+00:00,2025-10-24 18:18:33+00:00,,,CONTEXT_GEOMETRIC,crash:CONTEXT_GEOMETRIC:2025-10-24T18:00:00+00:00,-1,19175.033007142858,19176.514564285717,19180.21845714286,19168.366,14.815571428571534,19175.083,19202.98,completed,time,False,False,-0.9414756674927177,-0.9914756674927178,15.0
2025-10-24 18:30:00+00:00,2025-10-24 18:31:00+00:00,2025-10-24 18:45:00+00:00,2025-10-24 19:00:01+00:00,2025-10-24 18:33:47+00:00,2025-10-24 18:33:48+00:00,2025-10-24 18:48:48+00:00,,,CONTEXT_GEOMETRIC,crash:CONTEXT_GEOMETRIC:2025-10-24T18:30:00+00:00,-1,19180.36314642857,19181.920067857143,19185.812371428572,19173.357,15.569214285714354,19180.43,19190.411,completed,time,False,False,-0.3205364065532166,-0.37053640655321657,15.0
2025-10-24 20:30:00+00:00,2025-10-24 20:31:00+00:00,2025-10-24 20:45:00+00:00,2025-10-24 21:00:01+00:00,2025-10-24 20:33:53+00:00,2025-10-24 20:33:54+00:00,2025-10-24 20:48:54+00:00,,,CONTEXT_GEOMETRIC,crash:CONTEXT_GEOMETRIC:2025-10-24T20:30:00+00:00,-1,19117.55729642857,19119.236917857143,19123.43597142857,19109.999,16.796214285714605,19117.641,19128.606,completed,time,False,False,-0.3264128396279755,-0.3764128396279755,15.0
2025-10-25 02:00:00+00:00,2025-10-25 02:01:00+00:00,2025-10-25 02:15:00+00:00,2025-10-25 02:30:01+00:00,2025-10-25 02:03:21+00:00,2025-10-25 02:03:22+00:00,2025-10-25 02:18:22+00:00,,,CONTEXT_GEOMETRIC,crash:CONTEXT_GEOMETRIC:2025-10-25T02:00:00+00:00,-1,19207.881585714287,19209.34327142857,19212.997485714284,19201.304,14.616857142856784,19207.943,19229.344,completed,time,False,False,-0.7320657166872656,-0.7820657166872657,15.0
2025-10-25 03:00:00+00:00,2025-10-25 03:01:00+00:00,2025-10-25 03:15:00+00:00,2025-10-25 03:30:01+00:00,2025-10-25 03:04:02+00:00,2025-10-25 03:04:03+00:00,2025-10-25 03:19:03+00:00,,,CONTEXT_GEOMETRIC,crash:CONTEXT_GEOMETRIC:2025-10-25T03:00:00+00:00,-1,19198.604332142855,19200.389739285714,19204.85325714286,19190.57,17.854071428571324,19198.629,19213.799,completed,time,False,False,-0.4248330712882152,-0.47483307128821517,15.0
2025-10-25 09:30:00+00:00,2025-10-25 09:31:00+00:00,2025-10-25 09:45:00+00:00,2025-10-25 10:00:01+00:00,2025-10-25 09:33:15+00:00,2025-10-25 09:33:16+00:00,2025-10-25 09:48:16+00:00,,,CONTEXT_GEOMETRIC,crash:CONTEXT_GEOMETRIC:2025-10-25T09:30:00+00:00,-1,19205.05965,19206.45535,19209.9446,19198.779,13.957000000000075,19205.11,19180.528,completed,time,False,False,0.880633373934299,0.8306333739342989,15.0
2025-10-25 12:30:00+00:00,2025-10-25 12:31:00+00:00,2025-10-25 12:45:00+00:00,2025-10-25 13:00:01+00:00,2025-10-25 12:33:22+00:00,2025-10-25 12:33:23+00:00,2025-10-25 12:48:13+00:00,2025-10-25 12:48:12+00:00,,CONTEXT_GEOMETRIC,crash:CONTEXT_GEOMETRIC:2025-10-25T12:30:00+00:00,-1,19184.535671428574,19185.928042857144,19189.408971428573,19178.27,13.923714285714336,19184.639,19212.517,completed,sl,False,False,-1.0010978187265487,-1.0510978187265487,14.833333333333334
2025-10-26 19:00:00+00:00,2025-10-26 19:01:00+00:00,2025-10-26 19:15:00+00:00,2025-10-26 19:30:01+00:00,2025-10-26 19:04:20+00:00,2025-10-26 19:04:21+00:00,2025-10-26 19:19:21+00:00,,,CONTEXT_GEOMETRIC,crash:CONTEXT_GEOMETRIC:2025-10-26T19:00:00+00:00,-1,19136.22295357143,19138.14783214286,19142.96002857143,19127.561,19.248785714285727,19136.273,19130.065,completed,time,False,False,0.16125692529776078,0.11125692529776078,15.0
2025-10-26 20:00:00+00:00,2025-10-26 20:01:00+00:00,2025-10-26 20:15:00+00:00,2025-10-26 20:30:01+00:00,2025-10-26 20:03:58+00:00,2025-10-26 20:03:59+00:00,2025-10-26 20:18:59+00:00,,,CONTEXT_GEOMETRIC,crash:CONTEXT_GEOMETRIC:2025-10-26T20:00:00+00:00,-1,19126.541782142856,19128.135289285714,19132.119057142856,19119.371,15.935071428571453,19126.561,19116.128,completed,time,False,False,0.32735968730251874,0.27735968730251875,15.0
2025-10-26 21:30:00+00:00,2025-10-26 21:31:00+00:00,2025-10-26 21:45:00+00:00,2025-10-26 22:00:01+00:00,2025-10-26 21:34:16+00:00,2025-10-26 21:34:17+00:00,2025-10-26 21:49:17+00:00,,,CONTEXT_GEOMETRIC,crash:CONTEXT_GEOMETRIC:2025-10-26T21:30:00+00:00,-1,19058.554210714286,19060.41114642857,19065.053485714285,19050.198,18.569357142857502,19058.595,19082.055,completed,time,False,False,-0.6316858418823281,-0.6816858418823282,15.0
2025-10-27 00:00:00+00:00,2025-10-27 00:01:00+00:00,2025-10-27 00:15:00+00:00,2025-10-27 00:30:01+00:00,2025-10-27 00:10:18+00:00,2025-10-27 00:10:19+00:00,2025-10-27 00:25:19+00:00,,,CONTEXT_GEOMETRIC,crash:CONTEXT_GEOMETRIC:2025-10-27T00:00:00+00:00,-1,19057.888660714285,19059.76969642857,19064.472285714284,19049.424,18.810357142856706,19057.956,19078.695,completed,time,False,False,-0.5512654502649116,-0.6012654502649116,15.0
2025-10-27 02:30:00+00:00,2025-10-27 02:31:00+00:00,2025-10-27 02:45:00+00:00,2025-10-27 03:00:01+00:00,2025-10-27 02:33:31+00:00,2025-10-27 02:33:32+00:00,2025-10-27 02:48:32+00:00,,,CONTEXT_GEOMETRIC,crash:CONTEXT_GEOMETRIC:2025-10-27T02:30:00+00:00,-1,19142.656821428573,19144.213892857144,19148.106571428572,19135.65,15.5707142857144,19142.666,19126.641,completed,time,False,False,0.5145878251296361,0.4645878251296361,15.0
2025-10-28 01:00:00+00:00,2025-10-28 01:01:00+00:00,2025-10-28 01:15:00+00:00,2025-10-28 01:30:01+00:00,2025-10-28 01:04:12+00:00,2025-10-28 01:04:13+00:00,2025-10-28 01:19:13+00:00,,,CONTEXT_GEOMETRIC,crash:CONTEXT_GEOMETRIC:2025-10-28T01:00:00+00:00,-1,19147.46281785714,19149.242110714284,19153.690342857142,19139.456,17.79292857142796,19147.53,19148.983,completed,time,False,False,-0.040830827656290904,-0.09083082765629091,15.0
2025-10-28 02:30:00+00:00,2025-10-28 02:31:00+00:00,2025-10-28 02:45:00+00:00,2025-10-28 03:00:01+00:00,2025-10-28 02:38:19+00:00,2025-10-28 02:38:20+00:00,2025-10-28 02:53:20+00:00,,,CONTEXT_GEOMETRIC,crash:CONTEXT_GEOMETRIC:2025-10-28T02:30:00+00:00,-1,18948.016507142856,18950.563064285714,18956.929457142858,18936.557,25.465571428571952,18948.057,18976.438,completed,time,False,False,-0.5572425515681649,-0.607242551568165,15.0
2025-10-28 03:00:00+00:00,2025-10-28 03:01:00+00:00,2025-10-28 03:15:00+00:00,2025-10-28 03:30:01+00:00,2025-10-28 03:04:13+00:00,2025-10-28 03:04:14+00:00,2025-10-28 03:19:14+00:00,,,CONTEXT_GEOMETRIC,crash:CONTEXT_GEOMETRIC:2025-10-28T03:00:00+00:00,-1,18971.640092857142,18973.442335714284,18977.947942857143,18963.53,18.022428571428982,18971.707,18958.474,completed,time,False,False,0.36712588282853553,0.31712588282853554,15.0
2025-10-28 04:00:00+00:00,2025-10-28 04:01:00+00:00,2025-10-28 04:15:00+00:00,2025-10-28 04:30:01+00:00,2025-10-28 04:07:08+00:00,2025-10-28 04:07:09+00:00,2025-10-28 04:22:09+00:00,,,CONTEXT_GEOMETRIC,crash:CONTEXT_GEOMETRIC:2025-10-28T04:00:00+00:00,-1,18907.99850714286,18909.941064285715,18914.797457142857,18899.257,19.425571428571338,18908.011,18923.517,completed,time,False,False,-0.3991130983461015,-0.44911309834610147,15.0
2025-10-28 07:30:00+00:00,2025-10-28 07:31:00+00:00,2025-10-28 07:45:00+00:00,2025-10-28 08:00:01+00:00,2025-10-28 07:34:11+00:00,2025-10-28 07:34:12+00:00,2025-10-28 07:49:12+00:00,,,CONTEXT_GEOMETRIC,crash:CONTEXT_GEOMETRIC:2025-10-28T07:30:00+00:00,-1,18873.14287857143,18874.892407142856,18879.266228571425,18865.27,17.495285714285274,18873.192,18901.363,completed,time,False,False,-0.8051025990675841,-0.8551025990675841,15.0
2025-10-28 10:00:00+00:00,2025-10-28 10:01:00+00:00,2025-10-28 10:15:00+00:00,2025-10-28 10:30:01+00:00,2025-10-28 10:03:19+00:00,2025-10-28 10:03:20+00:00,2025-10-28 10:18:20+00:00,,,CONTEXT_GEOMETRIC,crash:CONTEXT_GEOMETRIC:2025-10-28T10:00:00+00:00,-1,18811.110132142858,18812.533939285717,18816.09345714286,18804.703,14.238071428571077,18811.18,18807.308,completed,time,False,False,0.13597347152752626,0.08597347152752625,15.0
2025-10-30 18:00:00+00:00,2025-10-30 18:01:00+00:00,2025-10-30 18:15:00+00:00,2025-10-30 18:30:01+00:00,2025-10-30 18:03:19+00:00,2025-10-30 18:03:20+00:00,2025-10-30 18:18:20+00:00,,,CONTEXT_GEOMETRIC,crash:CONTEXT_GEOMETRIC:2025-10-30T18:00:00+00:00,-1,18988.11727142857,18989.542442857146,18993.105371428574,18981.704,14.251714285714375,18988.173,19015.706,completed,time,False,False,-0.9659539704496448,-1.0159539704496447,15.0
2025-10-30 20:00:00+00:00,2025-10-30 20:01:00+00:00,2025-10-30 20:15:00+00:00,2025-10-30 20:30:01+00:00,2025-10-30 20:05:19+00:00,2025-10-30 20:05:20+00:00,2025-10-30 20:20:20+00:00,,,CONTEXT_GEOMETRIC,crash:CONTEXT_GEOMETRIC:2025-10-30T20:00:00+00:00,-1,18939.273585714287,18941.571271428573,18947.315485714287,18928.934,22.976857142857625,18939.308,18932.558,completed,time,False,False,0.1468869297056635,0.0968869297056635,15.0
2025-10-31 21:00:00+00:00,2025-10-31 21:01:00+00:00,2025-10-31 21:15:00+00:00,2025-10-31 21:30:01+00:00,2025-10-31 21:04:38+00:00,2025-10-31 21:04:39+00:00,2025-10-31 21:19:39+00:00,,,CONTEXT_GEOMETRIC,crash:CONTEXT_GEOMETRIC:2025-10-31T21:00:00+00:00,-1,19202.564085714286,19204.47677142857,19209.258485714283,19193.957,19.12685714285778,19202.636,19226.115,completed,time,False,False,-0.6137704648662147,-0.6637704648662147,15.0
2025-10-31 21:30:00+00:00,2025-10-31 21:31:00+00:00,2025-10-31 21:45:00+00:00,2025-10-31 22:00:01+00:00,2025-10-31 21:33:26+00:00,2025-10-31 21:33:27+00:00,2025-10-31 21:48:27+00:00,,,CONTEXT_GEOMETRIC,crash:CONTEXT_GEOMETRIC:2025-10-31T21:30:00+00:00,-1,19241.936246428573,19243.364967857146,19246.936771428573,19235.507,14.287214285714851,19242.055,19269.793,completed,time,False,False,-0.9707280735522803,-1.0207280735522803,15.0
2025-11-01 08:00:00+00:00,2025-11-01 08:01:00+00:00,2025-11-01 08:15:00+00:00,2025-11-01 08:30:01+00:00,2025-11-01 08:03:57+00:00,2025-11-01 08:03:58+00:00,2025-11-01 08:18:58+00:00,,,CONTEXT_GEOMETRIC,crash:CONTEXT_GEOMETRIC:2025-11-01T08:00:00+00:00,-1,19505.659832142857,19507.400239285715,19511.751257142856,19497.828,17.404071428572156,19505.676,19534.932,completed,time,False,False,-0.8404929880939189,-0.890492988093919,15.0
2025-11-01 08:30:00+00:00,2025-11-01 08:31:00+00:00,2025-11-01 08:45:00+00:00,2025-11-01 09:00:01+00:00,2025-11-01 08:34:32+00:00,2025-11-01 08:34:33+00:00,2025-11-01 08:49:33+00:00,,,CONTEXT_GEOMETRIC,crash:CONTEXT_GEOMETRIC:2025-11-01T08:30:00+00:00,-1,19491.15909642857,19492.96911785714,19497.49417142857,19483.014,18.100214285714173,19491.205,19487.235,completed,time,False,False,0.10966720993835244,0.059667209938352436,15.0
2025-11-01 09:00:00+00:00,2025-11-01 09:01:00+00:00,2025-11-01 09:15:00+00:00,2025-11-01 09:30:01+00:00,2025-11-01 09:03:52+00:00,2025-11-01 09:03:53+00:00,2025-11-01 09:18:53+00:00,,,CONTEXT_GEOMETRIC,crash:CONTEXT_GEOMETRIC:2025-11-01T09:00:00+00:00,-1,19471.086032142855,19472.868039285713,19477.323057142858,19463.067,17.820071428571413,19471.094,19465.859,completed,time,False,False,0.14688493312117598,0.09688493312117598,15.0
2025-11-02 13:30:00+00:00,2025-11-02 13:31:00+00:00,2025-11-02 13:45:00+00:00,2025-11-02 14:00:01+00:00,2025-11-02 13:33:46+00:00,2025-11-02 13:33:47+00:00,2025-11-02 13:48:47+00:00,,,CONTEXT_GEOMETRIC,crash:CONTEXT_GEOMETRIC:2025-11-02T13:30:00+00:00,-1,19845.56519642857,19847.189017857145,19851.248571428572,19838.258,16.238214285714225,19845.671,19798.012,completed,time,False,False,1.4674951063408574,1.4174951063408574,15.0
2025-11-02 15:00:00+00:00,2025-11-02 15:01:00+00:00,2025-11-02 15:15:00+00:00,2025-11-02 15:30:01+00:00,2025-11-02 15:04:41+00:00,2025-11-02 15:04:42+00:00,2025-11-02 15:19:42+00:00,,,CONTEXT_GEOMETRIC,crash:CONTEXT_GEOMETRIC:2025-11-02T15:00:00+00:00,-1,19743.658610714287,19745.582746428572,19750.393085714288,19735.0,19.2413571428572,19743.694,19737.177,completed,time,False,False,0.16934876141049837,0.11934876141049837,15.0
2025-11-02 15:30:00+00:00,2025-11-02 15:31:00+00:00,2025-11-02 15:45:00+00:00,2025-11-02 16:00:01+00:00,2025-11-02 15:35:08+00:00,2025-11-02 15:35:09+00:00,2025-11-02 15:50:09+00:00,,,CONTEXT_GEOMETRIC,crash:CONTEXT_GEOMETRIC:2025-11-02T15:30:00+00:00,-1,19748.956821428572,19751.053892857144,19756.29657142857,19739.52,20.970714285713775,19749.04,19690.745,completed,time,False,False,1.389914506624964,1.339914506624964,15.0
2025-11-02 16:30:00+00:00,2025-11-02 16:31:00+00:00,2025-11-02 16:45:00+00:00,2025-11-02 17:00:01+00:00,2025-11-02 16:33:23+00:00,2025-11-02 16:33:24+00:00,2025-11-02 16:48:24+00:00,,,CONTEXT_GEOMETRIC,crash:CONTEXT_GEOMETRIC:2025-11-02T16:30:00+00:00,-1,19737.511582142855,19739.015489285714,19742.775257142857,19730.744,15.039071428571333,19737.556,19735.706,completed,time,False,False,0.061506456990673634,0.011506456990673632,15.0
2025-11-02 19:00:00+00:00,2025-11-02 19:01:00+00:00,2025-11-02 19:15:00+00:00,2025-11-02 19:30:01+00:00,2025-11-02 19:04:08+00:00,2025-11-02 19:04:09+00:00,2025-11-02 19:19:09+00:00,,,CONTEXT_GEOMETRIC,crash:CONTEXT_GEOMETRIC:2025-11-02T19:00:00+00:00,-1,19711.097925,19712.930575,19717.512199999997,19702.851,18.326500000000255,19711.145,19716.434,completed,time,False,False,-0.14429923880720802,-0.194299238807208,15.0
2025-11-02 19:30:00+00:00,2025-11-02 19:31:00+00:00,2025-11-02 19:45:00+00:00,2025-11-02 20:00:01+00:00,2025-11-02 19:34:12+00:00,2025-11-02 19:34:13+00:00,2025-11-02 19:49:13+00:00,,,CONTEXT_GEOMETRIC,crash:CONTEXT_GEOMETRIC:2025-11-02T19:30:00+00:00,-1,19696.96744285714,19698.893985714287,19703.710342857143,19688.298,19.265428571429375,19696.99,19680.182,completed,time,False,False,0.43622180367498187,0.3862218036749819,15.0
2025-11-02 20:30:00+00:00,2025-11-02 20:31:00+00:00,2025-11-02 20:45:00+00:00,2025-11-02 21:00:01+00:00,2025-11-02 20:38:39+00:00,2025-11-02 20:38:40+00:00,2025-11-02 20:53:40+00:00,,,CONTEXT_GEOMETRIC,crash:CONTEXT_GEOMETRIC:2025-11-02T20:30:00+00:00,-1,19631.694975,19633.918524999997,19639.477399999996,19621.689,22.235500000000425,19631.754,19661.117,completed,time,False,False,-0.6602729868902655,-0.7102729868902655,15.0
2025-11-02 21:00:00+00:00,2025-11-02 21:01:00+00:00,2025-11-02 21:15:00+00:00,2025-11-02 21:30:01+00:00,2025-11-02 21:04:20+00:00,2025-11-02 21:04:21+00:00,2025-11-02 21:19:21+00:00,,,CONTEXT_GEOMETRIC,crash:CONTEXT_GEOMETRIC:2025-11-02T21:00:00+00:00,-1,19651.47108214286,19653.331989285714,19657.984257142856,19643.097,18.60907142857156,19651.524,19663.519,completed,time,False,False,-0.3222890525741757,-0.3722890525741757,15.0
2025-11-03 01:00:00+00:00,2025-11-03 01:01:00+00:00,2025-11-03 01:15:00+00:00,2025-11-03 01:30:01+00:00,2025-11-03 01:05:29+00:00,2025-11-03 01:05:30+00:00,2025-11-03 01:20:30+00:00,,,CONTEXT_GEOMETRIC,crash:CONTEXT_GEOMETRIC:2025-11-03T01:00:00+00:00,-1,19429.192235714287,19431.43162142857,19437.030085714287,19419.115,22.393857142857087,19429.224,19393.523,completed,time,False,False,0.7971159182683443,0.7471159182683442,15.0
2025-11-03 02:30:00+00:00,2025-11-03 02:31:00+00:00,2025-11-03 02:45:00+00:00,2025-11-03 03:00:01+00:00,2025-11-03 02:37:13+00:00,2025-11-03 02:37:14+00:00,2025-11-03 02:52:14+00:00,,,CONTEXT_GEOMETRIC,crash:CONTEXT_GEOMETRIC:2025-11-03T02:30:00+00:00,-1,19353.828125,19355.774375,19360.64,19345.07,19.462499999999896,19353.995,19383.353,completed,time,False,False,-0.7542196531791993,-0.8042196531791993,15.0
2025-11-03 12:30:00+00:00,2025-11-03 12:31:00+00:00,2025-11-03 12:45:00+00:00,2025-11-03 13:00:01+00:00,2025-11-03 12:33:26+00:00,2025-11-03 12:33:27+00:00,2025-11-03 12:48:27+00:00,,,CONTEXT_GEOMETRIC,crash:CONTEXT_GEOMETRIC:2025-11-03T12:30:00+00:00,-1,19476.876275000002,19478.399225,19482.2066,19470.023,15.229499999999721,19476.993,19507.142,completed,time,False,False,-0.9898223841886405,-1.0398223841886405,15.0
2025-11-04 12:30:00+00:00,2025-11-04 12:31:00+00:00,2025-11-04 12:45:00+00:00,2025-11-04 13:00:01+00:00,2025-11-04 12:35:15+00:00,2025-11-04 12:35:16+00:00,2025-11-04 12:50:16+00:00,,,CONTEXT_GEOMETRIC,crash:CONTEXT_GEOMETRIC:2025-11-04T12:30:00+00:00,-1,19592.27401428571,19594.50312857143,19600.075914285713,19582.243,22.291142857142404,19592.311,19586.948,completed,time,False,False,0.12029441546292928,0.07029441546292928,15.0
2025-11-04 13:00:00+00:00,2025-11-04 13:01:00+00:00,2025-11-04 13:15:00+00:00,2025-11-04 13:30:01+00:00,2025-11-04 13:11:59+00:00,2025-11-04 13:12:00+00:00,2025-11-04 13:27:00+00:00,,,CONTEXT_GEOMETRIC,crash:CONTEXT_GEOMETRIC:2025-11-04T13:00:00+00:00,-1,19559.55315,19561.28785,19565.6246,19551.747,17.346999999999493,19559.573,19532.009,completed,time,False,False,0.7944889606272822,0.7444889606272822,15.0
2025-11-04 13:30:00+00:00,2025-11-04 13:31:00+00:00,2025-11-04 13:45:00+00:00,2025-11-04 14:00:01+00:00,2025-11-04 13:33:45+00:00,2025-11-04 13:33:46+00:00,2025-11-04 13:48:46+00:00,,,CONTEXT_GEOMETRIC,crash:CONTEXT_GEOMETRIC:2025-11-04T13:30:00+00:00,-1,19545.217214285713,19546.917928571427,19551.169714285712,19537.564,17.007142857142494,19545.248,19560.468,completed,time,False,False,-0.4474590508190274,-0.4974590508190274,15.0
2025-11-06 07:00:00+00:00,2025-11-06 07:01:00+00:00,2025-11-06 07:15:00+00:00,2025-11-06 07:30:01+00:00,2025-11-06 07:03:50+00:00,2025-11-06 07:03:51+00:00,2025-11-06 07:18:51+00:00,,,CONTEXT_GEOMETRIC,crash:CONTEXT_GEOMETRIC:2025-11-06T07:00:00+00:00,-1,19557.040192857145,19558.826235714285,19563.29134285714,19549.003,17.86042857142846,19557.109,19560.18,completed,time,False,False,-0.08597218111867225,-0.13597218111867226,15.0
2025-11-06 20:00:00+00:00,2025-11-06 20:01:00+00:00,2025-11-06 20:15:00+00:00,2025-11-06 20:30:01+00:00,2025-11-06 20:05:40+00:00,2025-11-06 20:05:41+00:00,2025-11-06 20:20:41+00:00,,,CONTEXT_GEOMETRIC,crash:CONTEXT_GEOMETRIC:2025-11-06T20:00:00+00:00,-1,19459.93912857143,19462.401157142856,19468.55622857143,19448.86,24.620285714285533,19459.954,19445.463,completed,time,False,False,0.29428984229036853,0.24428984229036854,15.0
2025-11-07 10:00:00+00:00,2025-11-07 10:01:00+00:00,2025-11-07 10:15:00+00:00,2025-11-07 10:30:01+00:00,2025-11-07 10:04:52+00:00,2025-11-07 10:04:53+00:00,2025-11-07 10:19:53+00:00,,,CONTEXT_GEOMETRIC,crash:CONTEXT_GEOMETRIC:2025-11-07T10:00:00+00:00,-1,19271.277275,19273.306225,19278.3786,19262.147,20.289500000000512,19271.372,19301.769,completed,time,False,False,-0.7490820375070868,-0.7990820375070868,15.0
2025-11-07 10:30:00+00:00,2025-11-07 10:31:00+00:00,2025-11-07 10:45:00+00:00,2025-11-07 11:00:01+00:00,2025-11-07 10:34:26+00:00,2025-11-07 10:34:27+00:00,2025-11-07 10:49:27+00:00,,,CONTEXT_GEOMETRIC,crash:CONTEXT_GEOMETRIC:2025-11-07T10:30:00+00:00,-1,19289.983878571427,19291.905407142858,19296.709228571428,19281.337,19.21528571428592,19290.054,19312.218,completed,time,False,False,-0.5767283487104873,-0.6267283487104873,15.0
2025-11-07 13:00:00+00:00,2025-11-07 13:01:00+00:00,2025-11-07 13:15:00+00:00,2025-11-07 13:30:01+00:00,2025-11-07 13:03:35+00:00,2025-11-07 13:03:36+00:00,2025-11-07 13:18:36+00:00,,,CONTEXT_GEOMETRIC,crash:CONTEXT_GEOMETRIC:2025-11-07T13:00:00+00:00,-1,19316.711039285714,19318.298603571428,19322.26751428571,19309.567,15.875642857142727,19316.757,19345.167,completed,time,False,False,-0.8947669160753923,-0.9447669160753923,15.0
2025-11-07 22:00:00+00:00,2025-11-07 22:01:00+00:00,2025-11-07 22:15:00+00:00,2025-11-07 22:30:01+00:00,2025-11-07 22:04:14+00:00,2025-11-07 22:04:15+00:00,2025-11-07 22:19:15+00:00,,,CONTEXT_GEOMETRIC,crash:CONTEXT_GEOMETRIC:2025-11-07T22:00:00+00:00,-1,19423.688889285717,19425.40375357143,19429.690914285715,19415.972,17.148642857142477,19423.726,19362.563,completed,time,False,False,1.7833189631833122,1.7333189631833121,15.0
2025-11-08 08:00:00+00:00,2025-11-08 08:01:00+00:00,2025-11-08 08:15:00+00:00,2025-11-08 08:30:01+00:00,2025-11-08 08:03:36+00:00,2025-11-08 08:03:37+00:00,2025-11-08 08:18:37+00:00,,,CONTEXT_GEOMETRIC,crash:CONTEXT_GEOMETRIC:2025-11-08T08:00:00+00:00,-1,19415.997439285715,19417.52220357143,19421.334114285713,19409.136,15.247642857143417,19416.158,19380.726,completed,time,False,False,1.1618845067387267,1.1118845067387266,15.0
2025-11-08 17:00:00+00:00,2025-11-08 17:01:00+00:00,2025-11-08 17:15:00+00:00,2025-11-08 17:30:01+00:00,2025-11-08 17:03:42+00:00,2025-11-08 17:03:43+00:00,2025-11-08 17:18:43+00:00,,,CONTEXT_GEOMETRIC,crash:CONTEXT_GEOMETRIC:2025-11-08T17:00:00+00:00,-1,19456.17065357143,19457.598132142855,19461.166828571426,19449.747,14.274785714285827,19456.261,19452.091,completed,time,False,False,0.14606173722891785,0.09606173722891785,15.0
2025-11-08 17:30:00+00:00,2025-11-08 17:31:00+00:00,2025-11-08 17:45:00+00:00,2025-11-08 18:00:01+00:00,2025-11-08 17:33:23+00:00,2025-11-08 17:33:24+00:00,2025-11-08 17:48:24+00:00,,,CONTEXT_GEOMETRIC,crash:CONTEXT_GEOMETRIC:2025-11-08T17:30:00+00:00,-1,19448.008928571428,19449.463357142857,19453.09942857143,19441.464,14.544285714285902,19448.084,19477.163,completed,time,False,False,-0.9996709557018376,-1.0496709557018375,15.0
2025-11-08 19:30:00+00:00,2025-11-08 19:31:00+00:00,2025-11-08 19:45:00+00:00,2025-11-08 20:00:01+00:00,2025-11-08 19:33:03+00:00,2025-11-08 19:33:04+00:00,2025-11-08 19:48:04+00:00,,,CONTEXT_GEOMETRIC,crash:CONTEXT_GEOMETRIC:2025-11-08T19:30:00+00:00,-1,19451.308289285713,19452.644353571428,19455.984514285712,19445.296,13.36064285714279,19451.353,19452.526,completed,time,False,False,-0.043897588332562916,-0.09389758833256293,15.0
2025-11-08 23:00:00+00:00,2025-11-08 23:01:00+00:00,2025-11-08 23:15:00+00:00,2025-11-08 23:30:01+00:00,2025-11-08 23:04:01+00:00,2025-11-08 23:04:02+00:00,2025-11-08 23:19:02+00:00,,,CONTEXT_GEOMETRIC,crash:CONTEXT_GEOMETRIC:2025-11-08T23:00:00+00:00,-1,19324.106174999997,19325.865325,19330.263199999998,19316.19,17.59149999999941,19324.133,19353.322,completed,time,False,False,-0.8296336298780509,-0.8796336298780509,15.0
2025-11-09 16:00:00+00:00,2025-11-09 16:01:00+00:00,2025-11-09 16:15:00+00:00,2025-11-09 16:30:01+00:00,2025-11-09 16:03:24+00:00,2025-11-09 16:03:25+00:00,2025-11-09 16:18:25+00:00,,,CONTEXT_GEOMETRIC,crash:CONTEXT_GEOMETRIC:2025-11-09T16:00:00+00:00,-1,19087.557725,19089.040774999998,19092.748399999997,19080.884,14.830499999999509,19087.6,19096.952,completed,time,False,False,-0.3152961801693436,-0.36529618016934357,15.0
2025-11-09 17:00:00+00:00,2025-11-09 17:01:00+00:00,2025-11-09 17:15:00+00:00,2025-11-09 17:30:01+00:00,2025-11-09 17:04:15+00:00,2025-11-09 17:04:16+00:00,2025-11-09 17:19:16+00:00,,,CONTEXT_GEOMETRIC,crash:CONTEXT_GEOMETRIC:2025-11-09T17:00:00+00:00,-1,19045.41905357143,19047.165732142857,19051.53242857143,19037.559,17.466785714285702,19045.484,19046.099,completed,time,False,False,-0.0176048418426227,-0.0676048418426227,15.0
2025-11-09 20:00:00+00:00,2025-11-09 20:01:00+00:00,2025-11-09 20:15:00+00:00,2025-11-09 20:30:01+00:00,2025-11-09 20:03:06+00:00,2025-11-09 20:03:07+00:00,2025-11-09 20:18:07+00:00,,,CONTEXT_GEOMETRIC,crash:CONTEXT_GEOMETRIC:2025-11-09T20:00:00+00:00,-1,19013.60385357143,19014.93093214286,19018.24862857143,19007.632,13.270785714285532,19013.649,19006.335,completed,time,False,False,0.2755677078007846,0.2255677078007846,15.0
2025-11-09 21:00:00+00:00,2025-11-09 21:01:00+00:00,2025-11-09 21:15:00+00:00,2025-11-09 21:30:01+00:00,2025-11-09 21:09:05+00:00,2025-11-09 21:09:06+00:00,2025-11-09 21:24:06+00:00,,,CONTEXT_GEOMETRIC,crash:CONTEXT_GEOMETRIC:2025-11-09T21:00:00+00:00,-1,18935.967667857145,18937.948260714285,18942.899742857142,18927.055,19.80592857142879,18936.011,18940.622,completed,time,False,False,-0.11640453976625016,-0.16640453976625016,15.0
2025-11-10 20:00:00+00:00,2025-11-10 20:01:00+00:00,2025-11-10 20:15:00+00:00,2025-11-10 20:30:01+00:00,2025-11-10 20:04:31+00:00,2025-11-10 20:04:32+00:00,2025-11-10 20:19:32+00:00,,,CONTEXT_GEOMETRIC,crash:CONTEXT_GEOMETRIC:2025-11-10T20:00:00+00:00,-1,18991.970496428574,18993.795717857145,18998.358771428575,18983.757,18.252214285714217,18992.016,19021.405,completed,time,False,False,-0.8050804012037494,-0.8550804012037494,15.0
2025-11-11 18:30:00+00:00,2025-11-11 18:31:00+00:00,2025-11-11 18:45:00+00:00,2025-11-11 19:00:01+00:00,2025-11-11 18:33:01+00:00,2025-11-11 18:33:02+00:00,2025-11-11 18:47:06+00:00,2025-11-11 18:47:05+00:00,,CONTEXT_GEOMETRIC,crash:CONTEXT_GEOMETRIC:2025-11-11T18:30:00+00:00,-1,19068.526189285712,19069.834453571428,19073.105114285714,19062.639,13.082642857142543,19068.635,19094.854,completed,sl,False,False,-1.0020528835917335,-1.0520528835917335,14.066666666666666
2025-11-12 08:00:00+00:00,2025-11-12 08:01:00+00:00,2025-11-12 08:15:00+00:00,2025-11-12 08:30:01+00:00,2025-11-12 08:09:42+00:00,2025-11-12 08:09:43+00:00,2025-11-12 08:24:43+00:00,,,CONTEXT_GEOMETRIC,crash:CONTEXT_GEOMETRIC:2025-11-12T08:00:00+00:00,-1,19212.77515,19214.64585,19219.3226,19204.357,18.707000000000335,19212.848,19214.981,completed,time,False,False,-0.057010744640988764,-0.10701074464098877,15.0
2025-11-12 12:30:00+00:00,2025-11-12 12:31:00+00:00,2025-11-12 12:45:00+00:00,2025-11-12 13:00:01+00:00,2025-11-12 12:35:08+00:00,2025-11-12 12:35:09+00:00,2025-11-12 12:50:09+00:00,,,CONTEXT_GEOMETRIC,crash:CONTEXT_GEOMETRIC:2025-11-12T12:30:00+00:00,-1,19214.018014285717,19216.19912857143,19221.651914285714,19204.203,21.81114285714284,19214.099,19186.533,completed,time,False,False,0.6319247042795701,0.5819247042795701,15.0
2025-11-12 15:00:00+00:00,2025-11-12 15:01:00+00:00,2025-11-12 15:15:00+00:00,2025-11-12 15:30:01+00:00,2025-11-12 15:04:43+00:00,2025-11-12 15:04:44+00:00,2025-11-12 15:19:44+00:00,,,CONTEXT_GEOMETRIC,crash:CONTEXT_GEOMETRIC:2025-11-12T15:00:00+00:00,-1,19236.21827857143,19238.005007142856,19242.471828571426,19228.178,17.867285714285963,19236.294,19260.874,completed,time,False,False,-0.6878493015966306,-0.7378493015966306,15.0
2025-11-12 15:30:00+00:00,2025-11-12 15:31:00+00:00,2025-11-12 15:45:00+00:00,2025-11-12 16:00:01+00:00,2025-11-12 15:32:59+00:00,2025-11-12 15:33:00+00:00,2025-11-12 15:47:11+00:00,2025-11-12 15:47:10+00:00,,CONTEXT_GEOMETRIC,crash:CONTEXT_GEOMETRIC:2025-11-12T15:30:00+00:00,-1,19236.17700714286,19237.516564285714,19240.865457142856,19230.149,13.395571428571202,19236.202,19263.061,completed,sl,False,False,-1.0025328200151746,-1.0525328200151747,14.183333333333334
2025-11-13 17:00:00+00:00,2025-11-13 17:01:00+00:00,2025-11-13 17:15:00+00:00,2025-11-13 17:30:01+00:00,2025-11-13 17:03:50+00:00,2025-11-13 17:03:51+00:00,2025-11-13 17:18:51+00:00,,,CONTEXT_GEOMETRIC,crash:CONTEXT_GEOMETRIC:2025-11-13T17:00:00+00:00,-1,19412.52582857143,19414.178457142858,19418.310028571428,19405.089,16.526285714285613,19412.572,19351.919,completed,time,False,False,1.8350463331143096,1.7850463331143096,15.0
2025-11-13 18:00:00+00:00,2025-11-13 18:01:00+00:00,2025-11-13 18:15:00+00:00,2025-11-13 18:30:01+00:00,2025-11-13 18:09:03+00:00,2025-11-13 18:09:04+00:00,2025-11-13 18:24:04+00:00,,,CONTEXT_GEOMETRIC,crash:CONTEXT_GEOMETRIC:2025-11-13T18:00:00+00:00,-1,19371.940985714285,19373.541871428573,19377.54408571429,19364.737,16.008857142857128,19371.957,19380.355,completed,time,False,False,-0.2622923024754484,-0.31229230247544837,15.0
2025-11-13 23:00:00+00:00,2025-11-13 23:01:00+00:00,2025-11-13 23:15:00+00:00,2025-11-13 23:30:01+00:00,2025-11-13 23:04:38+00:00,2025-11-13 23:04:39+00:00,2025-11-13 23:19:39+00:00,,,CONTEXT_GEOMETRIC,crash:CONTEXT_GEOMETRIC:2025-11-13T23:00:00+00:00,-1,19370.537925,19372.520575000002,19377.4772,19361.616,19.826499999999474,19370.676,19368.734,completed,time,False,False,0.0489748568834426,-0.0010251431165574018,15.0
2025-11-14 12:30:00+00:00,2025-11-14 12:31:00+00:00,2025-11-14 12:45:00+00:00,2025-11-14 13:00:01+00:00,2025-11-14 12:34:23+00:00,2025-11-14 12:34:24+00:00,2025-11-14 12:49:24+00:00,,,CONTEXT_GEOMETRIC,crash:CONTEXT_GEOMETRIC:2025-11-14T12:30:00+00:00,-1,19360.333835714286,19362.38602142857,19367.516485714284,19351.099,20.52185714285744,19360.41,19383.324,completed,time,False,False,-0.5582828064850799,-0.6082828064850799,15.0
2025-11-14 13:00:00+00:00,2025-11-14 13:01:00+00:00,2025-11-14 13:15:00+00:00,2025-11-14 13:30:01+00:00,2025-11-14 13:04:41+00:00,2025-11-14 13:04:42+00:00,2025-11-14 13:19:42+00:00,,,CONTEXT_GEOMETRIC,crash:CONTEXT_GEOMETRIC:2025-11-14T13:00:00+00:00,-1,19394.017032142856,19396.121039285714,19401.38105714286,19384.549,21.040071428571796,19394.089,19411.556,completed,time,False,False,-0.4150888949996834,-0.46508889499968337,15.0
2025-11-14 13:30:00+00:00,2025-11-14 13:31:00+00:00,2025-11-14 13:45:00+00:00,2025-11-14 14:00:01+00:00,2025-11-14 13:33:33+00:00,2025-11-14 13:33:34+00:00,2025-11-14 13:48:34+00:00,,,CONTEXT_GEOMETRIC,crash:CONTEXT_GEOMETRIC:2025-11-14T13:30:00+00:00,-1,19403.108932142855,19404.725139285714,19408.765657142856,19395.836,16.162071428571966,19403.137,19387.296,completed,time,False,False,0.4900671324838964,0.4400671324838964,15.0
2025-11-14 14:00:00+00:00,2025-11-14 14:01:00+00:00,2025-11-14 14:15:00+00:00,2025-11-14 14:30:01+00:00,2025-11-14 14:03:39+00:00,2025-11-14 14:03:40+00:00,2025-11-14 14:18:40+00:00,,,CONTEXT_GEOMETRIC,crash:CONTEXT_GEOMETRIC:2025-11-14T14:00:00+00:00,-1,19381.833942857145,19383.355485714288,19387.159342857147,19374.987,15.215428571428545,19381.883,19366.161,completed,time,False,False,0.5166466368724002,0.4666466368724002,15.0
2025-11-14 15:30:00+00:00,2025-11-14 15:31:00+00:00,2025-11-14 15:45:00+00:00,2025-11-14 16:00:01+00:00,2025-11-14 15:33:02+00:00,2025-11-14 15:33:03+00:00,2025-11-14 15:48:03+00:00,,,CONTEXT_GEOMETRIC,crash:CONTEXT_GEOMETRIC:2025-11-14T15:30:00+00:00,-1,19393.44722142857,19394.827492857145,19398.278171428574,19387.236,13.802714285714371,19393.526,19407.332,completed,time,False,False,-0.5001190242083721,-0.5501190242083721,15.0
2025-11-15 08:00:00+00:00,2025-11-15 08:01:00+00:00,2025-11-15 08:15:00+00:00,2025-11-15 08:30:01+00:00,2025-11-15 08:04:01+00:00,2025-11-15 08:04:02+00:00,2025-11-15 08:19:02+00:00,,,CONTEXT_GEOMETRIC,crash:CONTEXT_GEOMETRIC:2025-11-15T08:00:00+00:00,-1,19599.816175,19601.633325,19606.176199999998,19591.639,18.17149999999986,19599.874,19605.773,completed,time,False,False,-0.16231461354322144,-0.21231461354322145,15.0
2025-11-15 16:30:00+00:00,2025-11-15 16:31:00+00:00,2025-11-15 16:45:00+00:00,2025-11-15 17:00:01+00:00,2025-11-15 16:33:51+00:00,2025-11-15 16:33:52+00:00,2025-11-15 16:48:52+00:00,,,CONTEXT_GEOMETRIC,crash:CONTEXT_GEOMETRIC:2025-11-15T16:30:00+00:00,-1,19664.75104285714,19666.312385714285,19670.21574285714,19657.725,15.613428571428553,19664.87,19694.373,completed,time,False,False,-0.9447956886929041,-0.9947956886929041,15.0
2025-11-16 22:00:00+00:00,2025-11-16 22:01:00+00:00,2025-11-16 22:15:00+00:00,2025-11-16 22:30:01+00:00,2025-11-16 22:04:30+00:00,2025-11-16 22:04:31+00:00,2025-11-16 22:19:31+00:00,,,CONTEXT_GEOMETRIC,crash:CONTEXT_GEOMETRIC:2025-11-16T22:00:00+00:00,-1,19776.690735714285,19778.57512142857,19783.286085714284,19768.211,18.843857142857296,19776.743,19693.298,completed,time,False,False,2.2141167640837605,2.1641167640837606,15.0
2025-11-17 20:00:00+00:00,2025-11-17 20:01:00+00:00,2025-11-17 20:15:00+00:00,2025-11-17 20:30:01+00:00,2025-11-17 20:06:00+00:00,2025-11-17 20:06:01+00:00,2025-11-17 20:21:01+00:00,,,CONTEXT_GEOMETRIC,crash:CONTEXT_GEOMETRIC:2025-11-17T20:00:00+00:00,-1,19549.329942857144,19551.183485714286,19555.817342857143,19540.989,18.535428571428774,19549.424,19556.658,completed,time,False,False,-0.1951398094768401,-0.2451398094768401,15.0
2025-11-19 05:00:00+00:00,2025-11-19 05:01:00+00:00,2025-11-19 05:15:00+00:00,2025-11-19 05:30:01+00:00,2025-11-19 05:03:46+00:00,2025-11-19 05:03:47+00:00,2025-11-19 05:18:47+00:00,,,CONTEXT_GEOMETRIC,crash:CONTEXT_GEOMETRIC:2025-11-19T05:00:00+00:00,-1,19777.801764285716,19779.31237857143,19783.088914285716,19771.004,15.106142857143173,19777.865,19735.459,completed,time,False,False,1.4036011840027829,1.3536011840027828,15.0
2025-11-19 08:00:00+00:00,2025-11-19 08:01:00+00:00,2025-11-19 08:15:00+00:00,2025-11-19 08:30:01+00:00,2025-11-19 08:04:21+00:00,2025-11-19 08:04:22+00:00,2025-11-19 08:19:22+00:00,,,CONTEXT_GEOMETRIC,crash:CONTEXT_GEOMETRIC:2025-11-19T08:00:00+00:00,-1,19468.568903571428,19470.47688214286,19475.24682857143,19459.983,19.0797857142856,19468.669,19473.404,completed,time,False,False,-0.12408420280243791,-0.17408420280243792,15.0
2025-11-20 04:00:00+00:00,2025-11-20 04:01:00+00:00,2025-11-20 04:15:00+00:00,2025-11-20 04:30:01+00:00,2025-11-20 04:04:06+00:00,2025-11-20 04:04:07+00:00,2025-11-20 04:19:07+00:00,,,CONTEXT_GEOMETRIC,crash:CONTEXT_GEOMETRIC:2025-11-20T04:00:00+00:00,-1,19637.38921785714,19639.191710714284,19643.69794285714,19629.278,18.024928571428713,19637.477,19604.135,completed,time,False,False,0.9248857732743226,0.8748857732743226,15.0
2025-11-20 07:00:00+00:00,2025-11-20 07:01:00+00:00,2025-11-20 07:15:00+00:00,2025-11-20 07:30:01+00:00,2025-11-20 07:04:07+00:00,2025-11-20 07:04:08+00:00,2025-11-20 07:19:08+00:00,,,CONTEXT_GEOMETRIC,crash:CONTEXT_GEOMETRIC:2025-11-20T07:00:00+00:00,-1,19600.516710714288,19602.304646428573,19606.774485714286,19592.471,17.87935714285751,19600.554,19630.91,completed,time,False,False,-0.8489119535297849,-0.8989119535297849,15.0
2025-11-21 02:30:00+00:00,2025-11-21 02:31:00+00:00,2025-11-21 02:45:00+00:00,2025-11-21 03:00:01+00:00,2025-11-21 02:33:58+00:00,2025-11-21 02:33:59+00:00,2025-11-21 02:48:59+00:00,,,CONTEXT_GEOMETRIC,crash:CONTEXT_GEOMETRIC:2025-11-21T02:30:00+00:00,-1,19666.198485714285,19667.89837142857,19672.148085714285,19658.549,16.99885714285769,19666.244,19671.793,completed,time,False,False,-0.16321685491469046,-0.21321685491469045,15.0
2025-11-21 03:00:00+00:00,2025-11-21 03:01:00+00:00,2025-11-21 03:15:00+00:00,2025-11-21 03:30:01+00:00,2025-11-21 03:04:51+00:00,2025-11-21 03:04:52+00:00,2025-11-21 03:19:52+00:00,,,CONTEXT_GEOMETRIC,crash:CONTEXT_GEOMETRIC:2025-11-21T03:00:00+00:00,-1,19610.194828571428,19612.24145714286,19617.35802857143,19600.985,20.466285714286382,19610.224,19632.909,completed,time,False,False,-0.5542041266473223,-0.6042041266473224,15.0
2025-11-21 14:00:00+00:00,2025-11-21 14:01:00+00:00,2025-11-21 14:15:00+00:00,2025-11-21 14:30:01+00:00,2025-11-21 14:03:33+00:00,2025-11-21 14:03:34+00:00,2025-11-21 14:18:34+00:00,,,CONTEXT_GEOMETRIC,crash:CONTEXT_GEOMETRIC:2025-11-21T14:00:00+00:00,-1,19789.63124642857,19791.11396785714,19794.82077142857,19782.959,14.827214285713906,19789.664,19779.131,completed,time,False,False,0.35519146742716345,0.30519146742716347,15.0
2025-11-22 03:00:00+00:00,2025-11-22 03:01:00+00:00,2025-11-22 03:15:00+00:00,2025-11-22 03:30:01+00:00,2025-11-22 03:03:47+00:00,2025-11-22 03:03:48+00:00,2025-11-22 03:18:48+00:00,,,CONTEXT_GEOMETRIC,crash:CONTEXT_GEOMETRIC:2025-11-22T03:00:00+00:00,-1,19735.37302142857,19737.019692857142,19741.136371428573,19727.963,16.46671428571452,19735.423,19717.871,completed,time,False,False,0.5329539243668874,0.4829539243668874,15.0
2025-11-22 07:00:00+00:00,2025-11-22 07:01:00+00:00,2025-11-22 07:15:00+00:00,2025-11-22 07:30:01+00:00,2025-11-22 07:03:37+00:00,2025-11-22 07:03:38+00:00,2025-11-22 07:18:38+00:00,,,CONTEXT_GEOMETRIC,crash:CONTEXT_GEOMETRIC:2025-11-22T07:00:00+00:00,-1,19784.224407142858,19785.695164285713,19789.372057142857,19777.606,14.70757142857136,19784.277,19767.382,completed,time,False,False,0.5743640301884265,0.5243640301884265,15.0
2025-11-23 00:00:00+00:00,2025-11-23 00:01:00+00:00,2025-11-23 00:15:00+00:00,2025-11-23 00:30:01+00:00,2025-11-23 00:05:36+00:00,2025-11-23 00:05:37+00:00,2025-11-23 00:20:37+00:00,,,CONTEXT_GEOMETRIC,crash:CONTEXT_GEOMETRIC:2025-11-23T00:00:00+00:00,-1,19755.989535714285,19758.542321428573,19764.92428571429,19744.502,25.5278571428571,19756.05,19774.887,completed,time,False,False,-0.36894988667841,-0.41894988667841,15.0
2025-11-23 02:00:00+00:00,2025-11-23 02:01:00+00:00,2025-11-23 02:15:00+00:00,2025-11-23 02:30:01+00:00,2025-11-23 02:03:39+00:00,2025-11-23 02:03:40+00:00,2025-11-23 02:18:40+00:00,,,CONTEXT_GEOMETRIC,crash:CONTEXT_GEOMETRIC:2025-11-23T02:00:00+00:00,-1,19783.86090357143,19785.504882142857,19789.61482857143,19776.463,16.43978571428592,19783.912,19786.385,completed,time,False,False,-0.07521387574562904,-0.12521387574562903,15.0
2025-11-23 03:00:00+00:00,2025-11-23 03:01:00+00:00,2025-11-23 03:15:00+00:00,2025-11-23 03:30:01+00:00,2025-11-23 03:05:18+00:00,2025-11-23 03:05:19+00:00,2025-11-23 03:20:19+00:00,,,CONTEXT_GEOMETRIC,crash:CONTEXT_GEOMETRIC:2025-11-23T03:00:00+00:00,-1,19677.282446428573,19679.440767857144,19684.836571428572,19667.57,21.583214285715126,19677.333,19667.8,completed,time,False,False,0.22084291694932745,0.17084291694932746,15.0
2025-11-24 09:00:00+00:00,2025-11-24 09:01:00+00:00,2025-11-24 09:15:00+00:00,2025-11-24 09:30:01+00:00,2025-11-24 09:05:44+00:00,2025-11-24 09:05:45+00:00,2025-11-24 09:20:45+00:00,,,CONTEXT_GEOMETRIC,crash:CONTEXT_GEOMETRIC:2025-11-24T09:00:00+00:00,-1,19896.687042857146,19898.516385714287,19903.089742857144,19888.455,18.293428571428844,19896.742,19857.019,completed,time,False,False,1.0857177440766506,1.0357177440766505,15.0
2025-11-24 16:00:00+00:00,2025-11-24 16:01:00+00:00,2025-11-24 16:15:00+00:00,2025-11-24 16:30:01+00:00,2025-11-24 16:04:29+00:00,2025-11-24 16:04:30+00:00,2025-11-24 16:19:30+00:00,,,CONTEXT_GEOMETRIC,crash:CONTEXT_GEOMETRIC:2025-11-24T16:00:00+00:00,-1,19891.58633214286,19893.365739285717,19897.814257142858,19883.579,17.794071428571574,19891.689,19921.642,completed,time,False,False,-0.8416567315759569,-0.8916567315759569,15.0
2025-11-24 16:30:00+00:00,2025-11-24 16:31:00+00:00,2025-11-24 16:45:00+00:00,2025-11-24 17:00:01+00:00,2025-11-24 16:33:49+00:00,2025-11-24 16:33:50+00:00,2025-11-24 16:48:50+00:00,,,CONTEXT_GEOMETRIC,crash:CONTEXT_GEOMETRIC:2025-11-24T16:30:00+00:00,-1,19916.020657142857,19917.605914285712,19921.569057142857,19908.887,15.852571428571537,19916.151,19946.984,completed,time,False,False,-0.9724920697858372,-1.0224920697858373,15.0
2025-11-25 12:30:00+00:00,2025-11-25 12:31:00+00:00,2025-11-25 12:45:00+00:00,2025-11-25 13:00:01+00:00,2025-11-25 12:34:53+00:00,2025-11-25 12:34:54+00:00,2025-11-25 12:49:54+00:00,,,CONTEXT_GEOMETRIC,crash:CONTEXT_GEOMETRIC:2025-11-25T12:30:00+00:00,-1,20141.6767,20144.0653,20150.036799999998,20130.928,23.885999999999644,20141.717,20140.863,completed,time,False,False,0.017876580423666005,-0.032123419576333995,15.0
2025-11-26 00:00:00+00:00,2025-11-26 00:01:00+00:00,2025-11-26 00:15:00+00:00,2025-11-26 00:30:01+00:00,2025-11-26 00:05:22+00:00,2025-11-26 00:05:23+00:00,2025-11-26 00:20:23+00:00,,,CONTEXT_GEOMETRIC,crash:CONTEXT_GEOMETRIC:2025-11-26T00:00:00+00:00,-1,19964.30567857143,19966.719607142855,19972.754428571425,19953.443,24.139285714285247,19964.337,19987.822,completed,time,False,False,-0.4864476993638327,-0.5364476993638327,15.0
2025-11-26 00:30:00+00:00,2025-11-26 00:31:00+00:00,2025-11-26 00:45:00+00:00,2025-11-26 01:00:01+00:00,2025-11-26 00:35:17+00:00,2025-11-26 00:35:18+00:00,2025-11-26 00:50:18+00:00,,,CONTEXT_GEOMETRIC,crash:CONTEXT_GEOMETRIC:2025-11-26T00:30:00+00:00,-1,19949.664500000003,19952.001500000002,19957.844,19939.148,23.370000000000022,19949.71,19979.85,completed,time,False,False,-0.6448438168592081,-0.6948438168592082,15.0
2025-11-26 04:00:00+00:00,2025-11-26 04:01:00+00:00,2025-11-26 04:15:00+00:00,2025-11-26 04:30:01+00:00,2025-11-26 04:04:19+00:00,2025-11-26 04:04:20+00:00,2025-11-26 04:19:20+00:00,,,CONTEXT_GEOMETRIC,crash:CONTEXT_GEOMETRIC:2025-11-26T04:00:00+00:00,-1,19949.79011785714,19951.624810714286,19956.21154285714,19941.534,18.34692857142909,19949.811,19909.94,completed,time,False,False,1.08658514270591,1.0365851427059098,15.0
2025-11-26 05:30:00+00:00,2025-11-26 05:31:00+00:00,2025-11-26 05:45:00+00:00,2025-11-26 06:00:01+00:00,2025-11-26 05:33:27+00:00,2025-11-26 05:33:28+00:00,2025-11-26 05:48:28+00:00,,,CONTEXT_GEOMETRIC,crash:CONTEXT_GEOMETRIC:2025-11-26T05:30:00+00:00,-1,19938.509635714283,19940.11222142857,19944.118685714286,19931.298,16.025857142857213,19938.564,19898.588,completed,time,False,False,1.2472343801534576,1.1972343801534575,15.0
2025-11-26 06:30:00+00:00,2025-11-26 06:31:00+00:00,2025-11-26 06:45:00+00:00,2025-11-26 07:00:01+00:00,2025-11-26 06:35:41+00:00,2025-11-26 06:35:42+00:00,2025-11-26 06:50:42+00:00,,,CONTEXT_GEOMETRIC,crash:CONTEXT_GEOMETRIC:2025-11-26T06:30:00+00:00,-1,19767.770535714288,19770.401321428573,19776.97828571429,19755.932,26.307857142857756,19767.783,19767.446,completed,time,False,False,0.006404930629080626,-0.04359506937091938,15.0
2025-11-26 07:00:00+00:00,2025-11-26 07:01:00+00:00,2025-11-26 07:15:00+00:00,2025-11-26 07:30:01+00:00,2025-11-26 07:05:11+00:00,2025-11-26 07:05:12+00:00,2025-11-26 07:20:12+00:00,,,CONTEXT_GEOMETRIC,crash:CONTEXT_GEOMETRIC:2025-11-26T07:00:00+00:00,-1,19775.585107142855,19777.858464285713,19783.541857142856,19765.355,22.733571428571718,19775.615,19745.467,completed,time,False,False,0.6630722342665178,0.6130722342665178,15.0
2025-11-26 07:30:00+00:00,2025-11-26 07:31:00+00:00,2025-11-26 07:45:00+00:00,2025-11-26 08:00:01+00:00,2025-11-26 07:34:38+00:00,2025-11-26 07:34:39+00:00,2025-11-26 07:49:39+00:00,,,CONTEXT_GEOMETRIC,crash:CONTEXT_GEOMETRIC:2025-11-26T07:30:00+00:00,-1,19692.90646785714,19694.973460714285,19700.140942857142,19683.605,20.66992857142915,19692.963,19710.478,completed,time,False,False,-0.42368312835413935,-0.47368312835413934,15.0
2025-11-27 03:00:00+00:00,2025-11-27 03:01:00+00:00,2025-11-27 03:15:00+00:00,2025-11-27 03:30:01+00:00,2025-11-27 03:03:23+00:00,2025-11-27 03:03:24+00:00,2025-11-27 03:18:24+00:00,,,CONTEXT_GEOMETRIC,crash:CONTEXT_GEOMETRIC:2025-11-27T03:00:00+00:00,-1,19724.30692142857,19725.821792857143,19729.60897142857,19717.49,15.148714285714439,19724.336,19705.734,completed,time,False,False,0.613979498495824,0.563979498495824,15.0
2025-11-27 22:00:00+00:00,2025-11-27 22:01:00+00:00,2025-11-27 22:15:00+00:00,2025-11-27 22:30:01+00:00,2025-11-27 22:09:31+00:00,2025-11-27 22:09:32+00:00,2025-11-27 22:24:32+00:00,,,CONTEXT_GEOMETRIC,crash:CONTEXT_GEOMETRIC:2025-11-27T22:00:00+00:00,-1,19974.224332142858,19975.925739285714,19980.179257142856,19966.568,17.014071428571697,19974.282,19949.206,completed,time,False,False,0.73691944063109,0.68691944063109,15.0
2025-11-28 14:00:00+00:00,2025-11-28 14:01:00+00:00,2025-11-28 14:15:00+00:00,2025-11-28 14:30:01+00:00,2025-11-28 14:03:30+00:00,2025-11-28 14:03:31+00:00,2025-11-28 14:18:31+00:00,,,CONTEXT_GEOMETRIC,crash:CONTEXT_GEOMETRIC:2025-11-28T14:00:00+00:00,-1,20127.752057142858,20129.388514285714,20133.479657142856,20120.388,16.364571428571384,20127.823,20158.534,completed,time,False,False,-0.9383380473496573,-0.9883380473496574,15.0
2025-11-28 14:30:00+00:00,2025-11-28 14:31:00+00:00,2025-11-28 14:45:00+00:00,2025-11-28 15:00:01+00:00,2025-11-28 14:34:00+00:00,2025-11-28 14:34:01+00:00,2025-11-28 14:49:01+00:00,,,CONTEXT_GEOMETRIC,crash:CONTEXT_GEOMETRIC:2025-11-28T14:30:00+00:00,-1,20169.914314285714,20171.58482857143,20175.761114285717,20162.397,16.705142857142814,20169.934,20190.651,completed,time,False,False,-0.6200785044811018,-0.6700785044811018,15.0
2025-11-28 22:00:00+00:00,2025-11-28 22:01:00+00:00,2025-11-28 22:15:00+00:00,2025-11-28 22:30:01+00:00,2025-11-28 22:04:43+00:00,2025-11-28 22:04:44+00:00,2025-11-28 22:19:44+00:00,,,CONTEXT_GEOMETRIC,crash:CONTEXT_GEOMETRIC:2025-11-28T22:00:00+00:00,-1,20000.81183214286,20002.868239285715,20008.009257142858,19991.558,20.56407142857123,20000.873,20031.909,completed,time,False,False,-0.7546171026443572,-0.8046171026443573,15.0
2025-11-28 22:30:00+00:00,2025-11-28 22:31:00+00:00,2025-11-28 22:45:00+00:00,2025-11-28 23:00:01+00:00,2025-11-28 22:36:12+00:00,2025-11-28 22:36:13+00:00,2025-11-28 22:51:13+00:00,,,CONTEXT_GEOMETRIC,crash:CONTEXT_GEOMETRIC:2025-11-28T22:30:00+00:00,-1,19934.225675,19936.913825,19943.6342,19922.129,26.881499999999765,19934.29,19962.204,completed,time,False,False,-0.5192046574782083,-0.5692046574782084,15.0
2025-11-29 04:30:00+00:00,2025-11-29 04:31:00+00:00,2025-11-29 04:45:00+00:00,2025-11-29 05:00:01+00:00,2025-11-29 04:34:41+00:00,2025-11-29 04:34:42+00:00,2025-11-29 04:49:42+00:00,,,CONTEXT_GEOMETRIC,crash:CONTEXT_GEOMETRIC:2025-11-29T04:30:00+00:00,-1,19767.537235714284,19769.70462142857,19775.123085714284,19757.784,21.6738571428567,19767.601,19798.083,completed,time,False,False,-0.7031974004231699,-0.75319740042317,15.0
2025-11-29 05:00:00+00:00,2025-11-29 05:01:00+00:00,2025-11-29 05:15:00+00:00,2025-11-29 05:30:01+00:00,2025-11-29 05:04:38+00:00,2025-11-29 05:04:39+00:00,2025-11-29 05:19:39+00:00,,,CONTEXT_GEOMETRIC,crash:CONTEXT_GEOMETRIC:2025-11-29T05:00:00+00:00,-1,19782.345975,19784.327525,19789.2814,19773.429,19.81549999999957,19782.397,19718.977,completed,time,False,False,1.6002624208322593,1.5502624208322593,15.0
2025-11-29 05:30:00+00:00,2025-11-29 05:31:00+00:00,2025-11-29 05:45:00+00:00,2025-11-29 06:00:01+00:00,2025-11-29 05:39:43+00:00,2025-11-29 05:39:44+00:00,2025-11-29 05:54:44+00:00,,,CONTEXT_GEOMETRIC,crash:CONTEXT_GEOMETRIC:2025-11-29T05:30:00+00:00,-1,19700.465657142857,19702.716914285713,19708.345057142855,19690.335,22.512571428570872,19700.562,19649.703,completed,time,False,False,1.1295688758027624,1.0795688758027624,15.0
2025-11-29 07:00:00+00:00,2025-11-29 07:01:00+00:00,2025-11-29 07:15:00+00:00,2025-11-29 07:30:01+00:00,2025-11-29 07:05:41+00:00,2025-11-29 07:05:42+00:00,2025-11-29 07:20:42+00:00,,,CONTEXT_GEOMETRIC,crash:CONTEXT_GEOMETRIC:2025-11-29T07:00:00+00:00,-1,19658.160703571426,19659.769082142855,19663.790028571428,19650.923,16.083785714285113,19658.232,19683.958,completed,time,False,False,-0.7997495259200613,-0.8497495259200614,15.0
2025-11-29 18:30:00+00:00,2025-11-29 18:31:00+00:00,2025-11-29 18:45:00+00:00,2025-11-29 19:00:01+00:00,2025-11-29 18:33:32+00:00,2025-11-29 18:33:33+00:00,2025-11-29 18:48:33+00:00,,,CONTEXT_GEOMETRIC,crash:CONTEXT_GEOMETRIC:2025-11-29T18:30:00+00:00,-1,19795.78406785714,19797.419860714286,19801.50934285714,19788.423,16.357928571428733,19795.863,19810.17,completed,time,False,False,-0.43731087153009435,-0.48731087153009434,15.0
2025-11-29 20:30:00+00:00,2025-11-29 20:31:00+00:00,2025-11-29 20:45:00+00:00,2025-11-29 21:00:01+00:00,2025-11-29 20:32:41+00:00,2025-11-29 20:32:42+00:00,2025-11-29 20:44:06+00:00,2025-11-29 20:44:05+00:00,,CONTEXT_GEOMETRIC,crash:CONTEXT_GEOMETRIC:2025-11-29T20:30:00+00:00,-1,19838.800642857143,19839.946785714284,19842.812142857143,19833.643,11.46142857142851,19838.852,19861.875,completed,sl,False,False,-1.0043686900162545,-1.0543686900162546,11.4
2025-11-30 04:30:00+00:00,2025-11-30 04:31:00+00:00,2025-11-30 04:45:00+00:00,2025-11-30 05:00:01+00:00,2025-11-30 04:32:30+00:00,2025-11-30 04:32:31+00:00,2025-11-30 04:47:31+00:00,,,CONTEXT_GEOMETRIC,crash:CONTEXT_GEOMETRIC:2025-11-30T04:30:00+00:00,-1,19802.47280357143,19803.594982142855,19806.400428571425,19797.423,11.221785714285684,19802.507,19813.231,completed,time,False,False,-0.4778205658635218,-0.5278205658635218,15.0
2025-11-30 18:00:00+00:00,2025-11-30 18:01:00+00:00,2025-11-30 18:15:00+00:00,2025-11-30 18:30:01+00:00,2025-11-30 18:03:52+00:00,2025-11-30 18:03:53+00:00,2025-11-30 18:18:53+00:00,,,CONTEXT_GEOMETRIC,crash:CONTEXT_GEOMETRIC:2025-11-30T18:00:00+00:00,-1,19821.911639285714,19823.49800357143,19827.463914285716,19814.773,15.863642857142882,19821.988,19779.601,completed,time,False,False,1.3359793958333146,1.2859793958333146,15.0
2025-11-30 21:00:00+00:00,2025-11-30 21:01:00+00:00,2025-11-30 21:15:00+00:00,2025-11-30 21:30:01+00:00,2025-11-30 21:04:04+00:00,2025-11-30 21:04:05+00:00,2025-11-30 21:19:05+00:00,,,CONTEXT_GEOMETRIC,crash:CONTEXT_GEOMETRIC:2025-11-30T21:00:00+00:00,-1,19834.480610714287,19836.212746428573,19840.54308571429,19826.686,17.321357142857128,19834.526,19831.268,completed,time,False,False,0.09404574864230957,0.04404574864230956,15.0
2025-12-01 16:00:00+00:00,2025-12-01 16:01:00+00:00,2025-12-01 16:15:00+00:00,2025-12-01 16:30:01+00:00,2025-12-01 16:05:39+00:00,2025-12-01 16:05:40+00:00,2025-12-01 16:20:40+00:00,,,CONTEXT_GEOMETRIC,crash:CONTEXT_GEOMETRIC:2025-12-01T16:00:00+00:00,-1,20246.72171785714,20249.097210714284,20255.035942857143,20236.032,23.754928571428795,20246.78,20238.599,completed,time,False,False,0.17219584507276062,0.12219584507276061,15.0
2025-12-01 17:30:00+00:00,2025-12-01 17:31:00+00:00,2025-12-01 17:45:00+00:00,2025-12-01 18:00:01+00:00,2025-12-01 17:41:16+00:00,2025-12-01 17:41:17+00:00,2025-12-01 17:56:17+00:00,,,CONTEXT_GEOMETRIC,crash:CONTEXT_GEOMETRIC:2025-12-01T17:30:00+00:00,-1,20197.539664285716,20199.45647857143,20204.248514285715,20188.914,19.16814285714281,20197.602,20202.166,completed,time,False,False,-0.11905170036599025,-0.16905170036599027,15.0
2025-12-01 20:00:00+00:00,2025-12-01 20:01:00+00:00,2025-12-01 20:15:00+00:00,2025-12-01 20:30:01+00:00,2025-12-01 20:14:12+00:00,2025-12-01 20:14:13+00:00,2025-12-01 20:29:13+00:00,,,CONTEXT_GEOMETRIC,crash:CONTEXT_GEOMETRIC:2025-12-01T20:00:00+00:00,-1,20142.761485714287,20144.231371428574,20147.906085714287,20136.147,14.698857142857118,20142.803,20095.511,completed,time,False,False,1.608696497298184,1.558696497298184,15.0
2025-12-01 20:30:00+00:00,2025-12-01 20:31:00+00:00,2025-12-01 20:45:00+00:00,2025-12-01 21:00:01+00:00,2025-12-01 20:39:29+00:00,2025-12-01 20:39:30+00:00,2025-12-01 20:54:30+00:00,,,CONTEXT_GEOMETRIC,crash:CONTEXT_GEOMETRIC:2025-12-01T20:30:00+00:00,-1,20105.850899999998,20107.771099999998,20112.5716,20097.21,19.202000000000094,20105.857,20134.747,completed,time,False,False,-0.752265389021958,-0.8022653890219581,15.0
2025-12-01 21:00:00+00:00,2025-12-01 21:01:00+00:00,2025-12-01 21:15:00+00:00,2025-12-01 21:30:01+00:00,2025-12-01 21:03:56+00:00,2025-12-01 21:03:57+00:00,2025-12-01 21:18:57+00:00,,,CONTEXT_GEOMETRIC,crash:CONTEXT_GEOMETRIC:2025-12-01T21:00:00+00:00,-1,20138.163510714287,20139.969846428572,20144.485685714288,20130.035,18.063357142857576,20138.222,20149.59,completed,time,False,False,-0.3146701886612918,-0.3646701886612918,15.0
2025-12-01 22:00:00+00:00,2025-12-01 22:01:00+00:00,2025-12-01 22:15:00+00:00,2025-12-01 22:30:01+00:00,2025-12-01 22:06:23+00:00,2025-12-01 22:06:24+00:00,2025-12-01 22:21:24+00:00,,,CONTEXT_GEOMETRIC,crash:CONTEXT_GEOMETRIC:2025-12-01T22:00:00+00:00,-1,20113.474228571427,20115.140057142857,20119.30462857143,20105.978,16.65828571428574,20113.507,20143.939,completed,time,False,False,-0.913419319429109,-0.9634193194291091,15.0
2025-12-02 07:00:00+00:00,2025-12-02 07:01:00+00:00,2025-12-02 07:15:00+00:00,2025-12-02 07:30:01+00:00,2025-12-02 07:03:41+00:00,2025-12-02 07:03:42+00:00,2025-12-02 07:18:42+00:00,,,CONTEXT_GEOMETRIC,crash:CONTEXT_GEOMETRIC:2025-12-02T07:00:00+00:00,-1,20109.741342857145,20111.472085714286,20115.79894285714,20101.953,17.307428571428318,20109.81,20124.021,completed,time,False,False,-0.41054625594293437,-0.46054625594293436,15.0
2025-12-02 07:30:00+00:00,2025-12-02 07:31:00+00:00,2025-12-02 07:45:00+00:00,2025-12-02 08:00:01+00:00,2025-12-02 07:36:21+00:00,2025-12-02 07:36:22+00:00,2025-12-02 07:51:22+00:00,,,CONTEXT_GEOMETRIC,crash:CONTEXT_GEOMETRIC:2025-12-02T07:30:00+00:00,-1,20078.720692857143,20080.843735714287,20086.151342857145,20069.167,21.23042857142796,20078.758,20063.746,completed,time,False,False,0.3535491511510438,0.3035491511510438,15.0
2025-12-02 08:30:00+00:00,2025-12-02 08:31:00+00:00,2025-12-02 08:45:00+00:00,2025-12-02 09:00:01+00:00,2025-12-02 08:34:15+00:00,2025-12-02 08:34:16+00:00,2025-12-02 08:49:16+00:00,,,CONTEXT_GEOMETRIC,crash:CONTEXT_GEOMETRIC:2025-12-02T08:30:00+00:00,-1,20061.807357142858,20063.713214285715,20068.477857142858,20053.231,19.05857142857141,20061.868,20068.821,completed,time,False,False,-0.18241136346604236,-0.23241136346604235,15.0
2025-12-03 16:00:00+00:00,2025-12-03 16:01:00+00:00,2025-12-03 16:15:00+00:00,2025-12-03 16:30:01+00:00,2025-12-03 16:06:26+00:00,2025-12-03 16:06:27+00:00,2025-12-03 16:21:27+00:00,,,CONTEXT_GEOMETRIC,crash:CONTEXT_GEOMETRIC:2025-12-03T16:00:00+00:00,-1,20198.70055357143,20201.478232142857,20208.42242857143,20186.201,27.776785714286234,20198.741,20228.663,completed,time,False,False,-0.5386152362584036,-0.5886152362584036,15.0
2025-12-03 19:00:00+00:00,2025-12-03 19:01:00+00:00,2025-12-03 19:15:00+00:00,2025-12-03 19:30:01+00:00,2025-12-03 19:03:10+00:00,2025-12-03 19:03:11+00:00,2025-12-03 19:18:11+00:00,2025-12-03 19:18:10+00:00,,CONTEXT_GEOMETRIC,crash:CONTEXT_GEOMETRIC:2025-12-03T19:00:00+00:00,-1,20335.828196428574,20337.360017857143,20341.18957142857,20328.935,15.31821428571467,20335.937,20366.637,completed,sl,False,False,-1.0020750273949044,-1.0520750273949044,15.0
2025-12-04 13:00:00+00:00,2025-12-04 13:01:00+00:00,2025-12-04 13:15:00+00:00,2025-12-04 13:30:01+00:00,2025-12-04 13:04:42+00:00,2025-12-04 13:04:43+00:00,2025-12-04 13:19:43+00:00,,,CONTEXT_GEOMETRIC,crash:CONTEXT_GEOMETRIC:2025-12-04T13:00:00+00:00,-1,19903.037892857144,19905.168535714285,19910.495142857144,19893.45,21.306428571428114,19903.133,19933.498,completed,time,False,False,-0.712578363337659,-0.762578363337659,15.0
2025-12-04 17:00:00+00:00,2025-12-04 17:01:00+00:00,2025-12-04 17:15:00+00:00,2025-12-04 17:30:01+00:00,2025-12-04 17:03:55+00:00,2025-12-04 17:03:56+00:00,2025-12-04 17:18:56+00:00,,,CONTEXT_GEOMETRIC,crash:CONTEXT_GEOMETRIC:2025-12-04T17:00:00+00:00,-1,19931.65228214286,19933.374789285717,19937.68105714286,19923.901,17.225071428571027,19931.743,19962.613,completed,time,False,False,-0.8960775613620652,-0.9460775613620652,15.0
2025-12-04 21:00:00+00:00,2025-12-04 21:01:00+00:00,2025-12-04 21:15:00+00:00,2025-12-04 21:30:01+00:00,2025-12-04 21:03:17+00:00,2025-12-04 21:03:18+00:00,2025-12-04 21:18:18+00:00,,,CONTEXT_GEOMETRIC,crash:CONTEXT_GEOMETRIC:2025-12-04T21:00:00+00:00,-1,19883.88595357143,19885.424832142857,19889.272028571428,19876.961,15.388785714285925,19883.914,19903.174,completed,time,False,False,-0.625780368821391,-0.675780368821391,15.0
2025-12-04 22:00:00+00:00,2025-12-04 22:01:00+00:00,2025-12-04 22:15:00+00:00,2025-12-04 22:30:01+00:00,2025-12-04 22:03:50+00:00,2025-12-04 22:03:51+00:00,2025-12-04 22:18:51+00:00,,,CONTEXT_GEOMETRIC,crash:CONTEXT_GEOMETRIC:2025-12-04T22:00:00+00:00,-1,19880.018314285717,19881.75482857143,19886.096114285716,19872.204,17.365142857143187,19880.099,19896.004,completed,time,False,False,-0.45795764914942577,-0.5079576491494258,15.0
2025-12-05 00:00:00+00:00,2025-12-05 00:01:00+00:00,2025-12-05 00:15:00+00:00,2025-12-05 00:30:01+00:00,2025-12-05 00:04:59+00:00,2025-12-05 00:05:00+00:00,2025-12-05 00:20:00+00:00,,,CONTEXT_GEOMETRIC,crash:CONTEXT_GEOMETRIC:2025-12-05T00:00:00+00:00,-1,19877.005357142854,19879.095214285713,19884.319857142855,19867.601,20.898571428571813,19877.116,19891.539,completed,time,False,False,-0.3450714334540645,-0.3950714334540645,15.0
2025-12-05 01:30:00+00:00,2025-12-05 01:31:00+00:00,2025-12-05 01:45:00+00:00,2025-12-05 02:00:01+00:00,2025-12-05 01:35:15+00:00,2025-12-05 01:35:16+00:00,2025-12-05 01:50:16+00:00,,,CONTEXT_GEOMETRIC,crash:CONTEXT_GEOMETRIC:2025-12-05T01:30:00+00:00,-1,19772.19640357143,19774.363382142856,19779.780828571427,19762.445,21.669785714285485,19772.359,19776.667,completed,time,False,False,-0.09940107522985142,-0.1494010752298514,15.0
2025-12-05 05:00:00+00:00,2025-12-05 05:01:00+00:00,2025-12-05 05:15:00+00:00,2025-12-05 05:30:01+00:00,2025-12-05 05:04:33+00:00,2025-12-05 05:04:34+00:00,2025-12-05 05:19:34+00:00,,,CONTEXT_GEOMETRIC,crash:CONTEXT_GEOMETRIC:2025-12-05T05:00:00+00:00,-1,19788.565489285716,19790.51515357143,19795.389314285716,19779.792,19.49664285714295,19788.621,19790.903,completed,time,False,False,-0.05852289588315434,-0.10852289588315434,15.0
2025-12-05 08:30:00+00:00,2025-12-05 08:31:00+00:00,2025-12-05 08:45:00+00:00,2025-12-05 09:00:01+00:00,2025-12-05 08:33:32+00:00,2025-12-05 08:33:33+00:00,2025-12-05 08:48:33+00:00,,,CONTEXT_GEOMETRIC,crash:CONTEXT_GEOMETRIC:2025-12-05T08:30:00+00:00,-1,19742.05224642857,19743.64896785714,19747.64077142857,19734.867,15.967214285713842,19742.11,19724.228,completed,time,False,False,0.559959917867476,0.509959917867476,15.0
2025-12-05 16:00:00+00:00,2025-12-05 16:01:00+00:00,2025-12-05 16:15:00+00:00,2025-12-05 16:30:01+00:00,2025-12-05 16:04:29+00:00,2025-12-05 16:04:30+00:00,2025-12-05 16:19:30+00:00,,,CONTEXT_GEOMETRIC,crash:CONTEXT_GEOMETRIC:2025-12-05T16:00:00+00:00,-1,19648.70565,19650.677349999998,19655.6066,19639.833,19.717000000000294,19648.791,19641.297,completed,time,False,False,0.19003905259426648,0.14003905259426647,15.0
2025-12-05 18:00:00+00:00,2025-12-05 18:01:00+00:00,2025-12-05 18:15:00+00:00,2025-12-05 18:30:01+00:00,2025-12-05 18:04:15+00:00,2025-12-05 18:04:16+00:00,2025-12-05 18:19:16+00:00,,,CONTEXT_GEOMETRIC,crash:CONTEXT_GEOMETRIC:2025-12-05T18:00:00+00:00,-1,19619.52528214286,19621.469789285715,19626.33105714286,19610.775,19.445071428571673,19619.553,19646.051,completed,time,False,False,-0.6813551726291084,-0.7313551726291084,15.0
2025-12-06 16:00:00+00:00,2025-12-06 16:01:00+00:00,2025-12-06 16:15:00+00:00,2025-12-06 16:30:01+00:00,2025-12-06 16:04:55+00:00,2025-12-06 16:04:56+00:00,2025-12-06 16:19:56+00:00,,,CONTEXT_GEOMETRIC,crash:CONTEXT_GEOMETRIC:2025-12-06T16:00:00+00:00,-1,19796.57705,19798.65795,19803.8602,19787.213,20.808999999999546,19796.582,19825.429,completed,time,False,False,-0.6931375846989812,-0.7431375846989813,15.0
2025-12-06 16:30:00+00:00,2025-12-06 16:31:00+00:00,2025-12-06 16:45:00+00:00,2025-12-06 17:00:01+00:00,2025-12-06 16:34:50+00:00,2025-12-06 16:34:51+00:00,2025-12-06 16:49:51+00:00,,,CONTEXT_GEOMETRIC,crash:CONTEXT_GEOMETRIC:2025-12-06T16:30:00+00:00,-1,19798.634496428574,19800.781717857146,19806.149771428576,19788.972,21.47221428571382,19798.698,19803.921,completed,time,False,False,-0.12162229592392744,-0.17162229592392744,15.0
2025-12-06 18:00:00+00:00,2025-12-06 18:01:00+00:00,2025-12-06 18:15:00+00:00,2025-12-06 18:30:01+00:00,2025-12-06 18:03:50+00:00,2025-12-06 18:03:51+00:00,2025-12-06 18:18:51+00:00,,,CONTEXT_GEOMETRIC,crash:CONTEXT_GEOMETRIC:2025-12-06T18:00:00+00:00,-1,19799.307650000002,19800.985350000003,19805.179600000003,19791.758,16.776999999999266,19799.378,19773.481,completed,time,False,False,0.7718006795017577,0.7218006795017576,15.0
2025-12-07 17:00:00+00:00,2025-12-07 17:01:00+00:00,2025-12-07 17:15:00+00:00,2025-12-07 17:30:01+00:00,2025-12-07 17:03:36+00:00,2025-12-07 17:03:37+00:00,2025-12-07 17:18:37+00:00,,,CONTEXT_GEOMETRIC,crash:CONTEXT_GEOMETRIC:2025-12-07T17:00:00+00:00,-1,20089.999914285716,20091.55522857143,20095.443514285715,20083.001,15.55314285714303,20090.052,20029.453,completed,time,False,False,1.9481271584979778,1.8981271584979778,15.0
2025-12-07 17:30:00+00:00,2025-12-07 17:31:00+00:00,2025-12-07 17:45:00+00:00,2025-12-07 18:00:01+00:00,2025-12-07 17:33:57+00:00,2025-12-07 17:33:58+00:00,2025-12-07 17:48:58+00:00,,,CONTEXT_GEOMETRIC,crash:CONTEXT_GEOMETRIC:2025-12-07T17:30:00+00:00,-1,20028.121867857142,20029.976060714285,20034.611542857143,20019.778,18.54192857142828,20028.231,20027.859,completed,time,False,False,0.010031318979747687,-0.03996868102025232,15.0
2025-12-07 18:30:00+00:00,2025-12-07 18:31:00+00:00,2025-12-07 18:45:00+00:00,2025-12-07 19:00:01+00:00,2025-12-07 18:32:44+00:00,2025-12-07 18:32:45+00:00,2025-12-07 18:46:03+00:00,2025-12-07 18:46:02+00:00,,CONTEXT_GEOMETRIC,crash:CONTEXT_GEOMETRIC:2025-12-07T18:30:00+00:00,-1,20061.65787857143,20062.99740714286,20066.34622857143,20055.63,13.39528571428569,20061.74,20088.569,completed,sl,False,False,-1.0014344065608674,-1.0514344065608674,13.3
2025-12-08 21:30:00+00:00,2025-12-08 21:31:00+00:00,2025-12-08 21:45:00+00:00,2025-12-08 22:00:01+00:00,2025-12-08 21:35:37+00:00,2025-12-08 21:35:38+00:00,2025-12-08 21:50:38+00:00,,,CONTEXT_GEOMETRIC,crash:CONTEXT_GEOMETRIC:2025-12-08T21:30:00+00:00,-1,20447.793085714286,20450.36377142857,20456.790485714282,20436.225,25.70685714285693,20447.801,20469.333,completed,time,False,False,-0.4187987640873918,-0.4687987640873918,15.0
2025-12-08 23:00:00+00:00,2025-12-08 23:01:00+00:00,2025-12-08 23:15:00+00:00,2025-12-08 23:30:01+00:00,2025-12-08 23:03:52+00:00,2025-12-08 23:03:53+00:00,2025-12-08 23:18:53+00:00,,,CONTEXT_GEOMETRIC,crash:CONTEXT_GEOMETRIC:2025-12-08T23:00:00+00:00,-1,20461.304235714288,20462.993621428574,20467.21708571429,20453.702,16.893857142856568,20461.367,20492.217,completed,time,False,False,-0.9130537727154528,-0.9630537727154529,15.0
2025-12-09 00:00:00+00:00,2025-12-09 00:01:00+00:00,2025-12-09 00:15:00+00:00,2025-12-09 00:30:01+00:00,2025-12-09 00:14:20+00:00,2025-12-09 00:14:21+00:00,2025-12-09 00:29:21+00:00,,,CONTEXT_GEOMETRIC,crash:CONTEXT_GEOMETRIC:2025-12-09T00:00:00+00:00,-1,20404.303985714287,20406.774871428574,20412.95208571429,20393.185,24.708857142857077,20404.357,20407.723,completed,time,False,False,-0.06811322718288611,-0.11811322718288611,15.0
2025-12-09 04:30:00+00:00,2025-12-09 04:31:00+00:00,2025-12-09 04:45:00+00:00,2025-12-09 05:00:01+00:00,2025-12-09 04:34:39+00:00,2025-12-09 04:34:40+00:00,2025-12-09 04:49:40+00:00,,,CONTEXT_GEOMETRIC,crash:CONTEXT_GEOMETRIC:2025-12-09T04:30:00+00:00,-1,20356.351142857144,20357.984285714287,20362.067142857144,20349.002,16.33142857142879,20356.386,20332.699,completed,time,False,False,0.7251968159551448,0.6751968159551448,15.0
2025-12-09 06:00:00+00:00,2025-12-09 06:01:00+00:00,2025-12-09 06:15:00+00:00,2025-12-09 06:30:01+00:00,2025-12-09 06:04:18+00:00,2025-12-09 06:04:19+00:00,2025-12-09 06:19:19+00:00,,,CONTEXT_GEOMETRIC,crash:CONTEXT_GEOMETRIC:2025-12-09T06:00:00+00:00,-1,20291.336935714284,20293.15492142857,20297.699885714283,20283.156,18.179857142857145,20291.417,20275.25,completed,time,False,False,0.4446404576493959,0.3946404576493959,15.0
2025-12-10 07:30:00+00:00,2025-12-10 07:31:00+00:00,2025-12-10 07:45:00+00:00,2025-12-10 08:00:01+00:00,2025-12-10 07:34:49+00:00,2025-12-10 07:34:50+00:00,2025-12-10 07:49:50+00:00,,,CONTEXT_GEOMETRIC,crash:CONTEXT_GEOMETRIC:2025-12-10T07:30:00+00:00,-1,19911.98972857143,19914.058557142856,19919.23062857143,19902.68,20.688285714285616,19912.025,19931.359,completed,time,False,False,-0.4672692621082776,-0.5172692621082776,15.0
2025-12-10 09:00:00+00:00,2025-12-10 09:01:00+00:00,2025-12-10 09:15:00+00:00,2025-12-10 09:30:01+00:00,2025-12-10 09:03:27+00:00,2025-12-10 09:03:28+00:00,2025-12-10 09:18:28+00:00,,,CONTEXT_GEOMETRIC,crash:CONTEXT_GEOMETRIC:2025-12-10T09:00:00+00:00,-1,19949.799607142857,19951.48596428571,19955.701857142856,19942.211,16.86357142857144,19949.843,19916.38,completed,time,False,False,0.9921682409250625,0.9421682409250625,15.0
2025-12-10 10:00:00+00:00,2025-12-10 10:01:00+00:00,2025-12-10 10:15:00+00:00,2025-12-10 10:30:01+00:00,2025-12-10 10:04:33+00:00,2025-12-10 10:04:34+00:00,2025-12-10 10:19:34+00:00,,,CONTEXT_GEOMETRIC,crash:CONTEXT_GEOMETRIC:2025-12-10T10:00:00+00:00,-1,19884.054007142855,19886.067564285713,19891.101457142857,19874.993,20.13557142857176,19884.128,19868.019,completed,time,False,False,0.40001348005307164,0.35001348005307165,15.0
2025-12-10 16:30:00+00:00,2025-12-10 16:31:00+00:00,2025-12-10 16:45:00+00:00,2025-12-10 17:00:01+00:00,2025-12-10 16:33:14+00:00,2025-12-10 16:33:15+00:00,2025-12-10 16:48:15+00:00,,,CONTEXT_GEOMETRIC,crash:CONTEXT_GEOMETRIC:2025-12-10T16:30:00+00:00,-1,19839.017564285714,19840.356578571427,19843.704114285712,19832.992,13.390142857142823,19839.058,19841.331,completed,time,False,False,-0.08487586817585382,-0.13487586817585384,15.0
2025-12-10 18:00:00+00:00,2025-12-10 18:01:00+00:00,2025-12-10 18:15:00+00:00,2025-12-10 18:30:01+00:00,2025-12-10 18:04:35+00:00,2025-12-10 18:04:36+00:00,2025-12-10 18:19:36+00:00,,,CONTEXT_GEOMETRIC,crash:CONTEXT_GEOMETRIC:2025-12-10T18:00:00+00:00,-1,19741.048203571427,19743.051582142856,19748.060028571428,19732.033,20.03378571428584,19741.078,19749.067,completed,time,False,False,-0.19938817640194942,-0.24938817640194944,15.0
2025-12-11 16:00:00+00:00,2025-12-11 16:01:00+00:00,2025-12-11 16:15:00+00:00,2025-12-11 16:30:01+00:00,2025-12-11 16:04:26+00:00,2025-12-11 16:04:27+00:00,2025-12-11 16:19:27+00:00,,,CONTEXT_GEOMETRIC,crash:CONTEXT_GEOMETRIC:2025-12-11T16:00:00+00:00,-1,19983.45024642857,19985.43296785714,19990.38977142857,19974.528,19.827214285714167,19983.519,19985.552,completed,time,False,False,-0.05126791819323446,-0.10126791819323447,15.0
2025-12-11 16:30:00+00:00,2025-12-11 16:31:00+00:00,2025-12-11 16:45:00+00:00,2025-12-11 17:00:01+00:00,2025-12-11 16:33:42+00:00,2025-12-11 16:33:43+00:00,2025-12-11 16:48:43+00:00,,,CONTEXT_GEOMETRIC,crash:CONTEXT_GEOMETRIC:2025-12-11T16:30:00+00:00,-1,19967.86507857143,19969.49220714286,19973.56002857143,19960.543,16.271285714286154,19967.922,19965.803,completed,time,False,False,0.06511470688939781,0.015114706889397811,15.0
2025-12-11 20:00:00+00:00,2025-12-11 20:01:00+00:00,2025-12-11 20:15:00+00:00,2025-12-11 20:30:01+00:00,2025-12-11 20:04:27+00:00,2025-12-11 20:04:28+00:00,2025-12-11 20:19:28+00:00,,,CONTEXT_GEOMETRIC,crash:CONTEXT_GEOMETRIC:2025-12-11T20:00:00+00:00,-1,19852.371260714288,19854.365096428573,19859.34968571429,19843.399,19.938357142857058,19852.476,19851.858,completed,time,False,False,0.015497766329759351,-0.03450223367024065,15.0
2025-12-12 00:30:00+00:00,2025-12-12 00:31:00+00:00,2025-12-12 00:45:00+00:00,2025-12-12 01:00:01+00:00,2025-12-12 00:33:32+00:00,2025-12-12 00:33:33+00:00,2025-12-12 00:48:33+00:00,,,CONTEXT_GEOMETRIC,crash:CONTEXT_GEOMETRIC:2025-12-12T00:30:00+00:00,-1,19752.21897857143,19753.84230714286,19757.90062857143,19744.914,16.233285714286207,19752.284,19750.179,completed,time,False,False,0.06483591914319123,0.014835919143191226,15.0
2025-12-12 03:00:00+00:00,2025-12-12 03:01:00+00:00,2025-12-12 03:15:00+00:00,2025-12-12 03:30:01+00:00,2025-12-12 03:05:10+00:00,2025-12-12 03:05:11+00:00,2025-12-12 03:20:11+00:00,,,CONTEXT_GEOMETRIC,crash:CONTEXT_GEOMETRIC:2025-12-12T03:00:00+00:00,-1,19708.643907142858,19710.801664285715,19716.196057142857,19698.934,21.57757142857138,19708.789,19658.246,completed,time,False,False,1.1711929715379434,1.1211929715379434,15.0
2025-12-12 03:30:00+00:00,2025-12-12 03:31:00+00:00,2025-12-12 03:45:00+00:00,2025-12-12 04:00:01+00:00,2025-12-12 03:34:18+00:00,2025-12-12 03:34:19+00:00,2025-12-12 03:49:19+00:00,,,CONTEXT_GEOMETRIC,crash:CONTEXT_GEOMETRIC:2025-12-12T03:30:00+00:00,-1,19669.501246428572,19671.33996785714,19675.93677142857,19661.227,18.387214285713917,19669.547,19661.15,completed,time,False,False,0.2283380143810397,0.1783380143810397,15.0
2025-12-12 04:30:00+00:00,2025-12-12 04:31:00+00:00,2025-12-12 04:45:00+00:00,2025-12-12 05:00:01+00:00,2025-12-12 04:33:31+00:00,2025-12-12 04:33:32+00:00,2025-12-12 04:48:32+00:00,,,CONTEXT_GEOMETRIC,crash:CONTEXT_GEOMETRIC:2025-12-12T04:30:00+00:00,-1,19659.925450000002,19661.419550000002,19665.154800000004,19653.202,14.940999999999933,19660.017,19679.446,completed,time,False,False,-0.650190750284458,-0.7001907502844581,15.0
2025-12-12 12:00:00+00:00,2025-12-12 12:01:00+00:00,2025-12-12 12:15:00+00:00,2025-12-12 12:30:01+00:00,2025-12-12 12:03:26+00:00,2025-12-12 12:03:27+00:00,2025-12-12 12:18:27+00:00,,,CONTEXT_GEOMETRIC,crash:CONTEXT_GEOMETRIC:2025-12-12T12:00:00+00:00,-1,19725.13446071429,19726.737896428574,19730.746485714288,19717.919,16.034357142857647,19725.188,19706.918,completed,time,False,False,0.5697141406175737,0.5197141406175737,15.0
2025-12-12 18:00:00+00:00,2025-12-12 18:01:00+00:00,2025-12-12 18:15:00+00:00,2025-12-12 18:30:01+00:00,2025-12-12 18:09:41+00:00,2025-12-12 18:09:42+00:00,2025-12-12 18:24:42+00:00,,,CONTEXT_GEOMETRIC,crash:CONTEXT_GEOMETRIC:2025-12-12T18:00:00+00:00,-1,19668.27999285714,19670.558435714283,19676.25454285714,19658.027,22.78442857142831,19668.325,19697.394,completed,time,False,False,-0.6379137380792611,-0.6879137380792612,15.0
2025-12-12 18:30:00+00:00,2025-12-12 18:31:00+00:00,2025-12-12 18:45:00+00:00,2025-12-12 19:00:01+00:00,2025-12-12 18:33:50+00:00,2025-12-12 18:33:51+00:00,2025-12-12 18:48:51+00:00,,,CONTEXT_GEOMETRIC,crash:CONTEXT_GEOMETRIC:2025-12-12T18:30:00+00:00,-1,19697.91613214286,19699.563939285716,19703.68345714286,19690.501,16.47807142857112,19697.933,19713.778,completed,time,False,False,-0.4807904877910676,-0.5307904877910676,15.0
2025-12-13 05:30:00+00:00,2025-12-13 05:31:00+00:00,2025-12-13 05:45:00+00:00,2025-12-13 06:00:01+00:00,2025-12-13 05:34:00+00:00,2025-12-13 05:34:01+00:00,2025-12-13 05:49:01+00:00,,,CONTEXT_GEOMETRIC,crash:CONTEXT_GEOMETRIC:2025-12-13T05:30:00+00:00,-1,19706.04970357143,19707.89608214286,19712.51202857143,19697.741,18.463785714285873,19706.208,19723.234,completed,time,False,False,-0.46106470968270163,-0.5110647096827017,15.0
2025-12-13 06:00:00+00:00,2025-12-13 06:01:00+00:00,2025-12-13 06:15:00+00:00,2025-12-13 06:30:01+00:00,2025-12-13 06:04:29+00:00,2025-12-13 06:04:30+00:00,2025-12-13 06:19:30+00:00,,,CONTEXT_GEOMETRIC,crash:CONTEXT_GEOMETRIC:2025-12-13T06:00:00+00:00,-1,19726.637296428573,19728.508917857143,19733.18797142857,19718.215,18.71621428571442,19726.675,19706.867,completed,time,False,False,0.5291668415850479,0.4791668415850479,15.0
2025-12-13 07:30:00+00:00,2025-12-13 07:31:00+00:00,2025-12-13 07:45:00+00:00,2025-12-13 08:00:01+00:00,2025-12-13 07:33:49+00:00,2025-12-13 07:33:50+00:00,2025-12-13 07:48:50+00:00,,,CONTEXT_GEOMETRIC,crash:CONTEXT_GEOMETRIC:2025-12-13T07:30:00+00:00,-1,19652.780439285714,19654.537203571428,19658.929114285715,19644.875,17.567642857143124,19652.884,19681.582,completed,time,False,False,-0.816785730258955,-0.866785730258955,15.0
2025-12-13 20:00:00+00:00,2025-12-13 20:01:00+00:00,2025-12-13 20:15:00+00:00,2025-12-13 20:30:01+00:00,2025-12-13 20:14:42+00:00,2025-12-13 20:14:43+00:00,2025-12-13 20:29:43+00:00,,,CONTEXT_GEOMETRIC,crash:CONTEXT_GEOMETRIC:2025-12-13T20:00:00+00:00,-1,19801.30939642857,19803.19681785714,19807.915371428568,19792.816,18.874214285714384,19801.376,19762.347,completed,time,False,False,1.0339238341046892,0.9839238341046892,15.0
2025-12-13 20:30:00+00:00,2025-12-13 20:31:00+00:00,2025-12-13 20:45:00+00:00,2025-12-13 21:00:01+00:00,2025-12-13 20:34:54+00:00,2025-12-13 20:34:55+00:00,2025-12-13 20:49:55+00:00,,,CONTEXT_GEOMETRIC,crash:CONTEXT_GEOMETRIC:2025-12-13T20:30:00+00:00,-1,19772.134564285716,19774.15957857143,19779.222114285716,19763.022,20.250142857142887,19772.209,19801.073,completed,time,False,False,-0.7126863302551992,-0.7626863302551993,15.0
2025-12-14 04:00:00+00:00,2025-12-14 04:01:00+00:00,2025-12-14 04:15:00+00:00,2025-12-14 04:30:01+00:00,2025-12-14 04:04:21+00:00,2025-12-14 04:04:22+00:00,2025-12-14 04:19:22+00:00,,,CONTEXT_GEOMETRIC,crash:CONTEXT_GEOMETRIC:2025-12-14T04:00:00+00:00,-1,19731.206010714286,19733.13534642857,19737.958685714286,19722.524,19.29335714285714,19731.22,19663.456,completed,time,False,False,1.7561484893024617,1.7061484893024617,15.0
2025-12-14 14:00:00+00:00,2025-12-14 14:01:00+00:00,2025-12-14 14:15:00+00:00,2025-12-14 14:30:01+00:00,2025-12-14 14:03:08+00:00,2025-12-14 14:03:09+00:00,2025-12-14 14:18:09+00:00,,,CONTEXT_GEOMETRIC,crash:CONTEXT_GEOMETRIC:2025-12-14T14:00:00+00:00,-1,19654.525732142858,19655.974339285716,19659.59585714286,19648.007,14.48607142857119,19654.563,19650.9,completed,time,False,False,0.12643179408780955,0.07643179408780955,15.0
2025-12-14 15:00:00+00:00,2025-12-14 15:01:00+00:00,2025-12-14 15:15:00+00:00,2025-12-14 15:30:01+00:00,2025-12-14 15:04:06+00:00,2025-12-14 15:04:07+00:00,2025-12-14 15:19:07+00:00,,,CONTEXT_GEOMETRIC,crash:CONTEXT_GEOMETRIC:2025-12-14T15:00:00+00:00,-1,19618.793114285712,19620.538028571427,19624.900314285715,19610.941,17.44914285714315,19618.866,19647.939,completed,time,False,False,-0.8330781700287093,-0.8830781700287094,15.0
2025-12-14 15:30:00+00:00,2025-12-14 15:31:00+00:00,2025-12-14 15:45:00+00:00,2025-12-14 16:00:01+00:00,2025-12-14 15:37:30+00:00,2025-12-14 15:37:31+00:00,2025-12-14 15:52:31+00:00,,,CONTEXT_GEOMETRIC,crash:CONTEXT_GEOMETRIC:2025-12-14T15:30:00+00:00,-1,19575.91009642857,19578.072117857144,19583.47717142857,19566.181,21.62021428571435,19576.01,19546.151,completed,time,False,False,0.6905343213856627,0.6405343213856627,15.0
2025-12-15 03:30:00+00:00,2025-12-15 03:31:00+00:00,2025-12-15 03:45:00+00:00,2025-12-15 04:00:01+00:00,2025-12-15 03:36:14+00:00,2025-12-15 03:36:15+00:00,2025-12-15 03:51:15+00:00,,,CONTEXT_GEOMETRIC,crash:CONTEXT_GEOMETRIC:2025-12-15T03:30:00+00:00,-1,19283.483053571428,19286.111732142857,19292.68342857143,19271.654,26.286785714285674,19283.531,19252.416,completed,time,False,False,0.5918372892408899,0.5418372892408898,15.0
2025-12-16 20:30:00+00:00,2025-12-16 20:31:00+00:00,2025-12-16 20:45:00+00:00,2025-12-16 21:00:01+00:00,2025-12-16 20:33:56+00:00,2025-12-16 20:33:57+00:00,2025-12-16 20:48:57+00:00,,,CONTEXT_GEOMETRIC,crash:CONTEXT_GEOMETRIC:2025-12-16T20:30:00+00:00,-1,19270.481739285715,19272.123903571428,19276.229314285712,19263.092,16.421642857143006,19270.535,19300.547,completed,time,False,False,-0.9137940783721384,-0.9637940783721385,15.0
2025-12-17 04:30:00+00:00,2025-12-17 04:31:00+00:00,2025-12-17 04:45:00+00:00,2025-12-17 05:00:01+00:00,2025-12-17 04:37:04+00:00,2025-12-17 04:37:05+00:00,2025-12-17 04:52:05+00:00,,,CONTEXT_GEOMETRIC,crash:CONTEXT_GEOMETRIC:2025-12-17T04:30:00+00:00,-1,19137.228217857144,19139.044710714286,19143.585942857142,19129.054,18.16492857142813,19137.278,19146.159,completed,time,False,False,-0.24445458084460267,-0.2944545808446027,15.0
2025-12-18 08:30:00+00:00,2025-12-18 08:31:00+00:00,2025-12-18 08:45:00+00:00,2025-12-18 09:00:01+00:00,2025-12-18 08:34:05+00:00,2025-12-18 08:34:06+00:00,2025-12-18 08:49:06+00:00,,,CONTEXT_GEOMETRIC,crash:CONTEXT_GEOMETRIC:2025-12-18T08:30:00+00:00,-1,19333.068049999998,19334.79495,19339.1122,19325.297,17.268999999999973,19333.132,19347.248,completed,time,False,False,-0.4087092477849959,-0.4587092477849959,15.0
2025-12-18 10:00:00+00:00,2025-12-18 10:01:00+00:00,2025-12-18 10:15:00+00:00,2025-12-18 10:30:01+00:00,2025-12-18 10:03:52+00:00,2025-12-18 10:03:53+00:00,2025-12-18 10:18:53+00:00,,,CONTEXT_GEOMETRIC,crash:CONTEXT_GEOMETRIC:2025-12-18T10:00:00+00:00,-1,19281.838596428574,19283.583617857144,19287.94617142857,19273.986,17.450214285714278,19281.877,19310.762,completed,time,False,False,-0.8276402663904614,-0.8776402663904614,15.0
2025-12-18 11:00:00+00:00,2025-12-18 11:01:00+00:00,2025-12-18 11:15:00+00:00,2025-12-18 11:30:01+00:00,2025-12-18 11:03:48+00:00,2025-12-18 11:03:49+00:00,2025-12-18 11:18:49+00:00,,,CONTEXT_GEOMETRIC,crash:CONTEXT_GEOMETRIC:2025-12-18T11:00:00+00:00,-1,19273.495239285716,19275.18840357143,19279.421314285715,19265.876,16.931642857142442,19273.597,19287.624,completed,time,False,False,-0.41422442341680615,-0.46422442341680614,15.0
2025-12-18 11:30:00+00:00,2025-12-18 11:31:00+00:00,2025-12-18 11:45:00+00:00,2025-12-18 12:00:01+00:00,2025-12-18 11:33:31+00:00,2025-12-18 11:33:32+00:00,2025-12-18 11:48:32+00:00,,,CONTEXT_GEOMETRIC,crash:CONTEXT_GEOMETRIC:2025-12-18T11:30:00+00:00,-1,19304.92652857143,19306.497757142857,19310.425828571428,19297.856,15.712285714285567,19304.986,19334.62,completed,time,False,False,-0.9430200207298625,-0.9930200207298625,15.0
2025-12-19 04:30:00+00:00,2025-12-19 04:31:00+00:00,2025-12-19 04:45:00+00:00,2025-12-19 05:00:01+00:00,2025-12-19 04:34:06+00:00,2025-12-19 04:34:07+00:00,2025-12-19 04:49:07+00:00,,,CONTEXT_GEOMETRIC,crash:CONTEXT_GEOMETRIC:2025-12-19T04:30:00+00:00,-1,19725.454835714285,19727.271021428573,19731.811485714286,19717.282,18.161857142857375,19725.476,19755.283,completed,time,False,False,-0.8205933943193436,-0.8705933943193437,15.0
2025-12-19 05:30:00+00:00,2025-12-19 05:31:00+00:00,2025-12-19 05:45:00+00:00,2025-12-19 06:00:01+00:00,2025-12-19 05:36:24+00:00,2025-12-19 05:36:25+00:00,2025-12-19 05:51:25+00:00,,,CONTEXT_GEOMETRIC,crash:CONTEXT_GEOMETRIC:2025-12-19T05:30:00+00:00,-1,19601.11360357143,19603.276182142858,19608.68262857143,19591.382,21.625785714285875,19601.132,19596.255,completed,time,False,False,0.11275890884229672,0.06275890884229672,15.0
2025-12-19 07:00:00+00:00,2025-12-19 07:01:00+00:00,2025-12-19 07:15:00+00:00,2025-12-19 07:30:01+00:00,2025-12-19 07:03:52+00:00,2025-12-19 07:03:53+00:00,2025-12-19 07:18:53+00:00,,,CONTEXT_GEOMETRIC,crash:CONTEXT_GEOMETRIC:2025-12-19T07:00:00+00:00,-1,19581.48844642857,19583.282767857145,19587.768571428573,19573.414,17.943214285714152,19581.513,19574.936,completed,time,False,False,0.18327262594288657,0.13327262594288658,15.0
2025-12-19 07:30:00+00:00,2025-12-19 07:31:00+00:00,2025-12-19 07:45:00+00:00,2025-12-19 08:00:01+00:00,2025-12-19 07:34:41+00:00,2025-12-19 07:34:42+00:00,2025-12-19 07:49:42+00:00,,,CONTEXT_GEOMETRIC,crash:CONTEXT_GEOMETRIC:2025-12-19T07:30:00+00:00,-1,19582.838392857142,19584.838035714285,19589.83714285714,19573.84,19.996428571428364,19582.87,19611.391,completed,time,False,False,-0.713152348633708,-0.7631523486337081,15.0
2025-12-19 09:30:00+00:00,2025-12-19 09:31:00+00:00,2025-12-19 09:45:00+00:00,2025-12-19 10:00:01+00:00,2025-12-19 09:34:22+00:00,2025-12-19 09:34:23+00:00,2025-12-19 09:49:23+00:00,,,CONTEXT_GEOMETRIC,crash:CONTEXT_GEOMETRIC:2025-12-19T09:30:00+00:00,-1,19617.477360714285,19619.220996428572,19623.580085714286,19609.631,17.43635714285717,19617.609,19647.818,completed,time,False,False,-0.8662646604590251,-0.9162646604590251,15.0
2025-12-19 13:00:00+00:00,2025-12-19 13:01:00+00:00,2025-12-19 13:15:00+00:00,2025-12-19 13:30:01+00:00,2025-12-19 13:14:50+00:00,2025-12-19 13:14:51+00:00,2025-12-19 13:29:51+00:00,,,CONTEXT_GEOMETRIC,crash:CONTEXT_GEOMETRIC:2025-12-19T13:00:00+00:00,-1,19562.971575,19565.001925,19570.0778,19553.835,20.303499999999985,19563.042,19592.617,completed,time,False,False,-0.7283227029821733,-0.7783227029821733,15.0
2025-12-19 17:30:00+00:00,2025-12-19 17:31:00+00:00,2025-12-19 17:45:00+00:00,2025-12-19 18:00:01+00:00,2025-12-19 17:33:24+00:00,2025-12-19 17:33:25+00:00,2025-12-19 17:48:25+00:00,,,CONTEXT_GEOMETRIC,crash:CONTEXT_GEOMETRIC:2025-12-19T17:30:00+00:00,-1,19512.665703571427,19514.148082142856,19517.854028571426,19505.995,14.823785714285416,19512.711,19494.135,completed,time,False,False,0.626560595182497,0.5765605951824969,15.0
2025-12-19 19:00:00+00:00,2025-12-19 19:01:00+00:00,2025-12-19 19:15:00+00:00,2025-12-19 19:30:01+00:00,2025-12-19 19:04:09+00:00,2025-12-19 19:04:10+00:00,2025-12-19 19:19:10+00:00,,,CONTEXT_GEOMETRIC,crash:CONTEXT_GEOMETRIC:2025-12-19T19:00:00+00:00,-1,19478.41832142857,19480.186392857144,19484.606571428572,19470.462,17.68071428571472,19478.489,19508.155,completed,time,False,False,-0.8389366945419826,-0.8889366945419827,15.0
2025-12-19 19:30:00+00:00,2025-12-19 19:31:00+00:00,2025-12-19 19:45:00+00:00,2025-12-19 20:00:01+00:00,2025-12-19 19:34:37+00:00,2025-12-19 19:34:38+00:00,2025-12-19 19:49:38+00:00,,,CONTEXT_GEOMETRIC,crash:CONTEXT_GEOMETRIC:2025-12-19T19:30:00+00:00,-1,19464.257042857145,19466.194385714287,19471.037742857145,19455.539,19.37342857142929,19464.336,19431.448,completed,time,False,False,0.848791422714412,0.798791422714412,15.0
2025-12-19 21:00:00+00:00,2025-12-19 21:01:00+00:00,2025-12-19 21:15:00+00:00,2025-12-19 21:30:01+00:00,2025-12-19 21:04:37+00:00,2025-12-19 21:04:38+00:00,2025-12-19 21:19:38+00:00,,,CONTEXT_GEOMETRIC,crash:CONTEXT_GEOMETRIC:2025-12-19T21:00:00+00:00,-1,19367.53047142857,19369.537242857143,19374.554171428572,19358.5,20.06771428571431,19367.546,19392.596,completed,time,False,False,-0.6241368509475781,-0.6741368509475781,15.0
2025-12-20 00:00:00+00:00,2025-12-20 00:01:00+00:00,2025-12-20 00:15:00+00:00,2025-12-20 00:30:01+00:00,2025-12-20 00:03:48+00:00,2025-12-20 00:03:49+00:00,2025-12-20 00:18:49+00:00,,,CONTEXT_GEOMETRIC,crash:CONTEXT_GEOMETRIC:2025-12-20T00:00:00+00:00,-1,19386.848807142855,19388.522764285713,19392.707657142855,19379.316,16.739571428571644,19386.902,19415.301,completed,time,False,False,-0.8482594707152692,-0.8982594707152692,15.0
2025-12-21 00:00:00+00:00,2025-12-21 00:01:00+00:00,2025-12-21 00:15:00+00:00,2025-12-21 00:30:01+00:00,2025-12-21 00:05:19+00:00,2025-12-21 00:05:20+00:00,2025-12-21 00:20:20+00:00,,,CONTEXT_GEOMETRIC,crash:CONTEXT_GEOMETRIC:2025-12-21T00:00:00+00:00,-1,19807.26654642857,19808.916667857142,19813.04197142857,19799.841,16.501214285715054,19807.276,19790.313,completed,time,False,False,0.5139924767442141,0.4639924767442141,15.0
2025-12-21 01:00:00+00:00,2025-12-21 01:01:00+00:00,2025-12-21 01:15:00+00:00,2025-12-21 01:30:01+00:00,2025-12-21 01:03:45+00:00,2025-12-21 01:03:46+00:00,2025-12-21 01:18:46+00:00,,,CONTEXT_GEOMETRIC,crash:CONTEXT_GEOMETRIC:2025-12-21T01:00:00+00:00,-1,19782.46254642857,19784.246667857144,19788.70697142857,19774.434,17.84121428571442,19782.495,19758.485,completed,time,False,False,0.6728802091465089,0.6228802091465089,15.0
2025-12-21 04:00:00+00:00,2025-12-21 04:01:00+00:00,2025-12-21 04:15:00+00:00,2025-12-21 04:30:01+00:00,2025-12-21 04:04:24+00:00,2025-12-21 04:04:25+00:00,2025-12-21 04:19:25+00:00,,,CONTEXT_GEOMETRIC,crash:CONTEXT_GEOMETRIC:2025-12-21T04:00:00+00:00,-1,19804.17802142857,19806.098692857144,19810.90037142857,19795.535,19.20671428571482,19804.336,19826.236,completed,time,False,False,-0.5701131300810205,-0.6201131300810205,15.0
2025-12-21 07:30:00+00:00,2025-12-21 07:31:00+00:00,2025-12-21 07:45:00+00:00,2025-12-21 08:00:01+00:00,2025-12-21 07:33:17+00:00,2025-12-21 07:33:18+00:00,2025-12-21 07:48:18+00:00,,,CONTEXT_GEOMETRIC,crash:CONTEXT_GEOMETRIC:2025-12-21T07:30:00+00:00,-1,19774.46669642857,19775.955517857143,19779.677571428572,19767.767,14.88821428571464,19774.557,19791.306,completed,time,False,False,-0.5624919039508518,-0.6124919039508518,15.0
2025-12-21 13:30:00+00:00,2025-12-21 13:31:00+00:00,2025-12-21 13:45:00+00:00,2025-12-21 14:00:01+00:00,2025-12-21 13:33:57+00:00,2025-12-21 13:33:58+00:00,2025-12-21 13:48:58+00:00,,,CONTEXT_GEOMETRIC,crash:CONTEXT_GEOMETRIC:2025-12-21T13:30:00+00:00,-1,19732.283421428572,19734.011292857143,19738.33097142857,19724.508,17.27871428571416,19732.342,19738.488,completed,time,False,False,-0.17784888095181023,-0.22784888095181022,15.0
2025-12-21 15:00:00+00:00,2025-12-21 15:01:00+00:00,2025-12-21 15:15:00+00:00,2025-12-21 15:30:01+00:00,2025-12-21 15:05:49+00:00,2025-12-21 15:05:50+00:00,2025-12-21 15:20:50+00:00,,,CONTEXT_GEOMETRIC,crash:CONTEXT_GEOMETRIC:2025-12-21T15:00:00+00:00,-1,19602.171367857143,19604.618560714287,19610.736542857143,19591.159,24.47192857142909,19602.198,19630.469,completed,time,False,False,-0.5776210059922894,-0.6276210059922894,15.0
2025-12-21 19:00:00+00:00,2025-12-21 19:01:00+00:00,2025-12-21 19:15:00+00:00,2025-12-21 19:30:01+00:00,2025-12-21 19:04:23+00:00,2025-12-21 19:04:24+00:00,2025-12-21 19:19:24+00:00,,,CONTEXT_GEOMETRIC,crash:CONTEXT_GEOMETRIC:2025-12-21T19:00:00+00:00,-1,19686.184414285715,19688.11872857143,19692.954514285717,19677.48,19.343142857142343,19686.21,19674.658,completed,time,False,False,0.2986071106778331,0.2486071106778331,15.0
2025-12-21 20:00:00+00:00,2025-12-21 20:01:00+00:00,2025-12-21 20:15:00+00:00,2025-12-21 20:30:01+00:00,2025-12-21 20:04:46+00:00,2025-12-21 20:04:47+00:00,2025-12-21 20:19:47+00:00,,,CONTEXT_GEOMETRIC,crash:CONTEXT_GEOMETRIC:2025-12-21T20:00:00+00:00,-1,19640.458642857142,19642.486785714285,19647.557142857142,19631.332,20.281428571428997,19640.49,19670.384,completed,time,False,False,-0.7369796435865739,-0.7869796435865739,15.0
2025-12-22 21:30:00+00:00,2025-12-22 21:31:00+00:00,2025-12-22 21:45:00+00:00,2025-12-22 22:00:01+00:00,2025-12-22 21:35:05+00:00,2025-12-22 21:35:06+00:00,2025-12-22 21:50:06+00:00,,,CONTEXT_GEOMETRIC,crash:CONTEXT_GEOMETRIC:2025-12-22T21:30:00+00:00,-1,19770.06115357143,19772.23163214286,19777.65782857143,19760.294,21.7047857142856,19770.108,19752.845,completed,time,False,False,0.39767727328072383,0.34767727328072384,15.0
2025-12-22 22:00:00+00:00,2025-12-22 22:01:00+00:00,2025-12-22 22:15:00+00:00,2025-12-22 22:30:01+00:00,2025-12-22 22:04:04+00:00,2025-12-22 22:04:05+00:00,2025-12-22 22:19:05+00:00,,,CONTEXT_GEOMETRIC,crash:CONTEXT_GEOMETRIC:2025-12-22T22:00:00+00:00,-1,19745.902135714285,19747.62172142857,19751.920685714285,19738.164,17.195857142857285,19745.999,19724.096,completed,time,False,False,0.6368685148415637,0.5868685148415637,15.0
2025-12-23 00:00:00+00:00,2025-12-23 00:01:00+00:00,2025-12-23 00:15:00+00:00,2025-12-23 00:30:01+00:00,2025-12-23 00:05:09+00:00,2025-12-23 00:05:10+00:00,2025-12-23 00:20:10+00:00,,,CONTEXT_GEOMETRIC,crash:CONTEXT_GEOMETRIC:2025-12-23T00:00:00+00:00,-1,19618.95189642857,19621.170317857144,19626.716371428574,19608.969,22.184214285714656,19619.045,19616.413,completed,time,False,False,0.05932146088429742,0.009321460884297417,15.0
2025-12-25 05:00:00+00:00,2025-12-25 05:01:00+00:00,2025-12-25 05:15:00+00:00,2025-12-25 05:30:01+00:00,2025-12-25 05:04:43+00:00,2025-12-25 05:04:44+00:00,2025-12-25 05:19:44+00:00,,,CONTEXT_GEOMETRIC,crash:CONTEXT_GEOMETRIC:2025-12-25T05:00:00+00:00,-1,20706.195785714288,20708.373071428574,20713.81628571429,20696.398,21.77285714285686,20706.226,20682.098,completed,time,False,False,0.5540843776654452,0.5040843776654451,15.0
2025-12-25 09:00:00+00:00,2025-12-25 09:01:00+00:00,2025-12-25 09:15:00+00:00,2025-12-25 09:30:01+00:00,2025-12-25 09:08:34+00:00,2025-12-25 09:08:35+00:00,2025-12-25 09:23:35+00:00,,,CONTEXT_GEOMETRIC,crash:CONTEXT_GEOMETRIC:2025-12-25T09:00:00+00:00,-1,20701.258075,20703.215425000002,20708.1088,20692.45,19.573499999999903,20701.341,20699.781,completed,time,False,False,0.039849796919337814,-0.010150203080662189,15.0
2025-12-25 22:30:00+00:00,2025-12-25 22:31:00+00:00,2025-12-25 22:45:00+00:00,2025-12-25 23:00:01+00:00,2025-12-25 22:32:47+00:00,2025-12-25 22:32:48+00:00,2025-12-25 22:47:14+00:00,2025-12-25 22:47:13+00:00,,CONTEXT_GEOMETRIC,crash:CONTEXT_GEOMETRIC:2025-12-25T22:30:00+00:00,-1,20882.152375,20883.499125000002,20886.866,20876.092,13.467500000000395,20882.245,20909.262,completed,sl,False,False,-1.0030443660664203,-1.0530443660664204,14.433333333333334
2025-12-26 04:30:00+00:00,2025-12-26 04:31:00+00:00,2025-12-26 04:45:00+00:00,2025-12-26 05:00:01+00:00,2025-12-26 04:34:19+00:00,2025-12-26 04:34:20+00:00,2025-12-26 04:49:20+00:00,,,CONTEXT_GEOMETRIC,crash:CONTEXT_GEOMETRIC:2025-12-26T04:30:00+00:00,-1,20819.885339285713,20821.848303571427,20826.75571428571,20811.052,19.629642857143022,20819.924,20841.187,completed,time,False,False,-0.5416043520186936,-0.5916043520186937,15.0
2025-12-26 19:30:00+00:00,2025-12-26 19:31:00+00:00,2025-12-26 19:45:00+00:00,2025-12-26 20:00:01+00:00,2025-12-26 19:33:45+00:00,2025-12-26 19:33:46+00:00,2025-12-26 19:48:46+00:00,,,CONTEXT_GEOMETRIC,crash:CONTEXT_GEOMETRIC:2025-12-26T19:30:00+00:00,-1,21072.292585714287,21073.984271428573,21078.21348571429,21064.68,16.916857142856834,21072.405,21103.807,completed,time,False,False,-0.9281274806195724,-0.9781274806195724,15.0
2025-12-27 11:00:00+00:00,2025-12-27 11:01:00+00:00,2025-12-27 11:15:00+00:00,2025-12-27 11:30:01+00:00,2025-12-27 11:04:14+00:00,2025-12-27 11:04:15+00:00,2025-12-27 11:19:15+00:00,,,CONTEXT_GEOMETRIC,crash:CONTEXT_GEOMETRIC:2025-12-27T11:00:00+00:00,-1,21019.430882142857,21021.420189285713,21026.393457142854,21010.479,19.893071428571734,21019.574,21051.027,completed,time,False,False,-0.7905516278100434,-0.8405516278100434,15.0
2025-12-28 06:00:00+00:00,2025-12-28 06:01:00+00:00,2025-12-28 06:15:00+00:00,2025-12-28 06:30:01+00:00,2025-12-28 06:04:22+00:00,2025-12-28 06:04:23+00:00,2025-12-28 06:19:23+00:00,,,CONTEXT_GEOMETRIC,crash:CONTEXT_GEOMETRIC:2025-12-28T06:00:00+00:00,-1,21565.647764285713,21567.896378571426,21573.517914285712,21555.529,22.486142857142372,21565.685,21598.631,completed,time,False,False,-0.7325845123663601,-0.7825845123663602,15.0
2025-12-28 08:00:00+00:00,2025-12-28 08:01:00+00:00,2025-12-28 08:15:00+00:00,2025-12-28 08:30:01+00:00,2025-12-28 08:13:26+00:00,2025-12-28 08:13:27+00:00,2025-12-28 08:28:27+00:00,,,CONTEXT_GEOMETRIC,crash:CONTEXT_GEOMETRIC:2025-12-28T08:00:00+00:00,-1,21509.38320714286,21511.792364285717,21517.815257142858,21498.542,24.091571428570855,21509.47,21484.837,completed,time,False,False,0.5112368878268497,0.46123688782684974,15.0
2025-12-28 09:00:00+00:00,2025-12-28 09:01:00+00:00,2025-12-28 09:15:00+00:00,2025-12-28 09:30:01+00:00,2025-12-28 09:04:16+00:00,2025-12-28 09:04:17+00:00,2025-12-28 09:19:17+00:00,,,CONTEXT_GEOMETRIC,crash:CONTEXT_GEOMETRIC:2025-12-28T09:00:00+00:00,-1,21470.974514285717,21473.046628571432,21478.22691428572,21461.65,20.721142857143214,21471.018,21422.885,completed,time,False,False,1.1614465556229856,1.1114465556229856,15.0
2025-12-28 10:30:00+00:00,2025-12-28 10:31:00+00:00,2025-12-28 10:45:00+00:00,2025-12-28 11:00:01+00:00,2025-12-28 10:34:55+00:00,2025-12-28 10:34:56+00:00,2025-12-28 10:49:56+00:00,,,CONTEXT_GEOMETRIC,crash:CONTEXT_GEOMETRIC:2025-12-28T10:30:00+00:00,-1,21331.655614285715,21333.97152857143,21339.761314285715,21321.234,23.159142857142797,21331.681,21272.863,completed,time,False,False,1.2698656500980674,1.2198656500980674,15.0
2025-12-29 00:00:00+00:00,2025-12-29 00:01:00+00:00,2025-12-29 00:15:00+00:00,2025-12-29 00:30:01+00:00,2025-12-29 00:04:01+00:00,2025-12-29 00:04:02+00:00,2025-12-29 00:19:02+00:00,,,CONTEXT_GEOMETRIC,crash:CONTEXT_GEOMETRIC:2025-12-29T00:00:00+00:00,-1,21303.668782142857,21305.526289285714,21310.170057142856,21295.31,18.575071428570613,21303.69,21334.926,completed,time,False,False,-0.8408043037712414,-0.8908043037712414,15.0
2025-12-29 00:30:00+00:00,2025-12-29 00:31:00+00:00,2025-12-29 00:45:00+00:00,2025-12-29 01:00:01+00:00,2025-12-29 00:35:14+00:00,2025-12-29 00:35:15+00:00,2025-12-29 00:50:15+00:00,,,CONTEXT_GEOMETRIC,crash:CONTEXT_GEOMETRIC:2025-12-29T00:30:00+00:00,-1,21347.434457142856,21349.162114285715,21353.48125714286,21339.66,17.276571428571124,21347.509,21378.748,completed,time,False,False,-0.9040856320699115,-0.9540856320699116,15.0
2025-12-29 03:00:00+00:00,2025-12-29 03:01:00+00:00,2025-12-29 03:15:00+00:00,2025-12-29 03:30:01+00:00,2025-12-29 03:03:45+00:00,2025-12-29 03:03:46+00:00,2025-12-29 03:18:46+00:00,,,CONTEXT_GEOMETRIC,crash:CONTEXT_GEOMETRIC:2025-12-29T03:00:00+00:00,-1,21419.947507142857,21421.720064285717,21426.15145714286,21411.971,17.725571428571907,21420.116,21439.794,completed,time,False,False,-0.5550737836378253,-0.6050737836378254,15.0
2025-12-29 12:00:00+00:00,2025-12-29 12:01:00+00:00,2025-12-29 12:15:00+00:00,2025-12-29 12:30:01+00:00,2025-12-29 12:03:35+00:00,2025-12-29 12:03:36+00:00,2025-12-29 12:18:36+00:00,,,CONTEXT_GEOMETRIC,crash:CONTEXT_GEOMETRIC:2025-12-29T12:00:00+00:00,-1,21440.248539285712,21442.075103571427,21446.641514285715,21432.029,18.265642857142666,21440.302,21439.211,completed,time,False,False,0.029864812548158426,-0.020135187451841577,15.0
2025-12-30 00:00:00+00:00,2025-12-30 00:01:00+00:00,2025-12-30 00:15:00+00:00,2025-12-30 00:30:01+00:00,2025-12-30 00:04:29+00:00,2025-12-30 00:04:30+00:00,2025-12-30 00:19:30+00:00,,,CONTEXT_GEOMETRIC,crash:CONTEXT_GEOMETRIC:2025-12-30T00:00:00+00:00,-1,21674.803607142858,21677.055964285715,21682.686857142857,21664.668,22.523571428571294,21674.875,21676.493,completed,time,False,False,-0.03591792725078516,-0.08591792725078516,15.0
2025-12-30 03:30:00+00:00,2025-12-30 03:31:00+00:00,2025-12-30 03:45:00+00:00,2025-12-30 04:00:01+00:00,2025-12-30 03:34:54+00:00,2025-12-30 03:34:55+00:00,2025-12-30 03:49:55+00:00,,,CONTEXT_GEOMETRIC,crash:CONTEXT_GEOMETRIC:2025-12-30T03:30:00+00:00,-1,21528.90357142857,21531.21614285714,21536.997571428572,21518.497,23.12571428571417,21528.972,21475.091,completed,time,False,False,1.1649586113170571,1.114958611317057,15.0
2025-12-30 04:00:00+00:00,2025-12-30 04:01:00+00:00,2025-12-30 04:15:00+00:00,2025-12-30 04:30:01+00:00,2025-12-30 04:04:43+00:00,2025-12-30 04:04:44+00:00,2025-12-30 04:19:44+00:00,,,CONTEXT_GEOMETRIC,crash:CONTEXT_GEOMETRIC:2025-12-30T04:00:00+00:00,-1,21478.545214285714,21480.813928571428,21486.485714285714,21468.336,22.687142857142785,21478.598,21490.497,completed,time,False,False,-0.26224104275544224,-0.31224104275544223,15.0
2025-12-30 04:30:00+00:00,2025-12-30 04:31:00+00:00,2025-12-30 04:45:00+00:00,2025-12-30 05:00:01+00:00,2025-12-30 04:35:08+00:00,2025-12-30 04:35:09+00:00,2025-12-30 04:50:09+00:00,,,CONTEXT_GEOMETRIC,crash:CONTEXT_GEOMETRIC:2025-12-30T04:30:00+00:00,-1,21448.851892857143,21451.188535714286,21457.030142857144,21438.337,23.366428571428646,21448.979,21388.652,completed,time,False,False,1.2908904716779463,1.2408904716779463,15.0
2025-12-30 05:00:00+00:00,2025-12-30 05:01:00+00:00,2025-12-30 05:15:00+00:00,2025-12-30 05:30:01+00:00,2025-12-30 05:05:19+00:00,2025-12-30 05:05:20+00:00,2025-12-30 05:20:20+00:00,,,CONTEXT_GEOMETRIC,crash:CONTEXT_GEOMETRIC:2025-12-30T05:00:00+00:00,-1,21345.054492857143,21347.541935714286,21353.760542857144,21333.861,24.874428571428194,21345.16,21362.553,completed,time,False,False,-0.34961607158241126,-0.39961607158241125,15.0
2025-12-30 05:30:00+00:00,2025-12-30 05:31:00+00:00,2025-12-30 05:45:00+00:00,2025-12-30 06:00:01+00:00,2025-12-30 05:34:58+00:00,2025-12-30 05:34:59+00:00,2025-12-30 05:49:59+00:00,,,CONTEXT_GEOMETRIC,crash:CONTEXT_GEOMETRIC:2025-12-30T05:30:00+00:00,-1,21380.769614285713,21383.103528571428,21388.938314285715,21370.267,23.33914285714231,21380.788,21413.022,completed,time,False,False,-0.6905566369189955,-0.7405566369189955,15.0
2025-12-30 18:00:00+00:00,2025-12-30 18:01:00+00:00,2025-12-30 18:15:00+00:00,2025-12-30 18:30:01+00:00,2025-12-30 18:07:42+00:00,2025-12-30 18:07:43+00:00,2025-12-30 18:22:43+00:00,,,CONTEXT_GEOMETRIC,crash:CONTEXT_GEOMETRIC:2025-12-30T18:00:00+00:00,-1,21328.693789285713,21330.240853571428,21334.108514285712,21321.732,15.470642857143114,21328.785,21350.696,completed,time,False,False,-0.708147689864203,-0.758147689864203,15.0
2025-12-31 02:00:00+00:00,2025-12-31 02:01:00+00:00,2025-12-31 02:15:00+00:00,2025-12-31 02:30:01+00:00,2025-12-31 02:05:08+00:00,2025-12-31 02:05:09+00:00,2025-12-31 02:20:09+00:00,,,CONTEXT_GEOMETRIC,crash:CONTEXT_GEOMETRIC:2025-12-31T02:00:00+00:00,-1,21330.87706785714,21333.176860714284,21338.92634285714,21320.528,22.99792857142815,21330.909,21294.35,completed,time,False,False,0.7948324538545782,0.7448324538545782,15.0
2025-12-31 12:30:00+00:00,2025-12-31 12:31:00+00:00,2025-12-31 12:45:00+00:00,2025-12-31 13:00:01+00:00,2025-12-31 12:33:23+00:00,2025-12-31 12:33:24+00:00,2025-12-31 12:48:24+00:00,,,CONTEXT_GEOMETRIC,crash:CONTEXT_GEOMETRIC:2025-12-31T12:30:00+00:00,-1,21290.134524999998,21291.839975,21296.1036,21282.46,17.05450000000019,21290.15,21321.599,completed,time,False,False,-0.9220147175231328,-0.9720147175231328,15.0
2025-12-31 14:30:00+00:00,2025-12-31 14:31:00+00:00,2025-12-31 14:45:00+00:00,2025-12-31 15:00:01+00:00,2025-12-31 14:33:03+00:00,2025-12-31 14:33:04+00:00,2025-12-31 14:46:55+00:00,2025-12-31 14:46:54+00:00,,CONTEXT_GEOMETRIC,crash:CONTEXT_GEOMETRIC:2025-12-31T14:30:00+00:00,-1,21325.242664285717,21326.70347857143,21330.35551428572,21318.669,14.608142857142541,21325.343,21354.605,completed,sl,False,False,-1.0015646850582165,-1.0515646850582165,13.85
2026-01-01 00:00:00+00:00,2026-01-01 00:01:00+00:00,2026-01-01 00:15:00+00:00,2026-01-01 00:30:01+00:00,2026-01-01 00:04:36+00:00,2026-01-01 00:04:37+00:00,2026-01-01 00:19:37+00:00,,,CONTEXT_GEOMETRIC,crash:CONTEXT_GEOMETRIC:2026-01-01T00:00:00+00:00,-1,21557.404075,21559.435425,21564.5138,21548.263,20.313499999999944,21557.501,21574.565,completed,time,False,False,-0.42001624535403875,-0.47001624535403874,15.0
2026-01-01 08:00:00+00:00,2026-01-01 08:01:00+00:00,2026-01-01 08:15:00+00:00,2026-01-01 08:30:01+00:00,2026-01-01 08:10:54+00:00,2026-01-01 08:10:55+00:00,2026-01-01 08:25:55+00:00,,,CONTEXT_GEOMETRIC,crash:CONTEXT_GEOMETRIC:2026-01-01T08:00:00+00:00,-1,21448.609432142857,21450.496639285713,21455.214657142857,21440.117,18.872071428571612,21448.708,21427.496,completed,time,False,False,0.56199448164141,0.5119944816414099,15.0
2026-01-02 23:00:00+00:00,2026-01-02 23:01:00+00:00,2026-01-02 23:15:00+00:00,2026-01-02 23:30:01+00:00,2026-01-02 23:03:40+00:00,2026-01-02 23:03:41+00:00,2026-01-02 23:18:41+00:00,,,CONTEXT_GEOMETRIC,crash:CONTEXT_GEOMETRIC:2026-01-02T23:00:00+00:00,-1,21707.640960714285,21709.38739642857,21713.753485714285,21699.782,17.464357142857157,21707.653,21739.343,completed,time,False,False,-0.9072764528571095,-0.9572764528571095,15.0
2026-01-02 23:30:00+00:00,2026-01-02 23:31:00+00:00,2026-01-02 23:45:00+00:00,2026-01-03 00:00:01+00:00,2026-01-02 23:32:48+00:00,2026-01-02 23:32:49+00:00,2026-01-02 23:47:49+00:00,,,CONTEXT_GEOMETRIC,crash:CONTEXT_GEOMETRIC:2026-01-02T23:30:00+00:00,-1,21758.04933214286,21759.356739285715,21762.625257142856,21752.166,13.074071428571187,21758.089,21725.509,completed,time,False,False,1.2459775892306826,1.1959775892306825,15.0
2026-01-03 00:00:00+00:00,2026-01-03 00:01:00+00:00,2026-01-03 00:15:00+00:00,2026-01-03 00:30:01+00:00,2026-01-03 00:03:38+00:00,2026-01-03 00:03:39+00:00,2026-01-03 00:18:39+00:00,,,CONTEXT_GEOMETRIC,crash:CONTEXT_GEOMETRIC:2026-01-03T00:00:00+00:00,-1,21704.359624999997,21706.230874999997,21710.908999999996,21695.939,18.712499999999377,21704.376,21736.445,completed,time,False,False,-0.8568871075484455,-0.9068871075484456,15.0
2026-01-03 03:00:00+00:00,2026-01-03 03:01:00+00:00,2026-01-03 03:15:00+00:00,2026-01-03 03:30:01+00:00,2026-01-03 03:03:39+00:00,2026-01-03 03:03:40+00:00,2026-01-03 03:18:40+00:00,,,CONTEXT_GEOMETRIC,crash:CONTEXT_GEOMETRIC:2026-01-03T03:00:00+00:00,-1,21847.92047857143,21849.722807142858,21854.22862857143,21839.81,18.02328571428604,21847.961,21777.108,completed,time,False,False,1.965596093941905,1.915596093941905,15.0
2026-01-03 03:30:00+00:00,2026-01-03 03:31:00+00:00,2026-01-03 03:45:00+00:00,2026-01-03 04:00:01+00:00,2026-01-03 03:34:46+00:00,2026-01-03 03:34:47+00:00,2026-01-03 03:49:47+00:00,,,CONTEXT_GEOMETRIC,crash:CONTEXT_GEOMETRIC:2026-01-03T03:30:00+00:00,-1,21795.890828571428,21798.347457142856,21804.48902857143,21784.836,24.566285714285446,21796.026,21763.745,completed,time,False,False,0.6570183294178468,0.6070183294178467,15.0
2026-01-04 07:00:00+00:00,2026-01-04 07:01:00+00:00,2026-01-04 07:15:00+00:00,2026-01-04 07:30:01+00:00,2026-01-04 07:04:34+00:00,2026-01-04 07:04:35+00:00,2026-01-04 07:19:35+00:00,,,CONTEXT_GEOMETRIC,crash:CONTEXT_GEOMETRIC:2026-01-04T07:00:00+00:00,-1,21813.691803571426,21815.849982142856,21821.245428571427,21803.98,21.581785714284965,21813.752,21720.831,completed,time,False,False,2.1527644011982234,2.1027644011982236,15.0
2026-01-04 12:30:00+00:00,2026-01-04 12:31:00+00:00,2026-01-04 12:45:00+00:00,2026-01-04 13:00:01+00:00,2026-01-04 12:32:56+00:00,2026-01-04 12:32:57+00:00,2026-01-04 12:47:47+00:00,2026-01-04 12:47:46+00:00,,CONTEXT_GEOMETRIC,crash:CONTEXT_GEOMETRIC:2026-01-04T12:30:00+00:00,-1,21750.675825000002,21752.066675000002,21755.543800000003,21744.417,13.90850000000007,21750.701,21778.611,completed,sl,False,False,-1.0033432792896329,-1.053343279289633,14.833333333333334
2026-01-05 15:00:00+00:00,2026-01-05 15:01:00+00:00,2026-01-05 15:15:00+00:00,2026-01-05 15:30:01+00:00,2026-01-05 15:03:47+00:00,2026-01-05 15:03:48+00:00,2026-01-05 15:18:48+00:00,,,CONTEXT_GEOMETRIC,crash:CONTEXT_GEOMETRIC:2026-01-05T15:00:00+00:00,-1,22352.673689285715,22354.556953571428,22359.265114285714,22344.199,18.83264285714254,22352.759,22335.872,completed,time,False,False,0.44834387101421025,0.39834387101421026,15.0
2026-01-05 15:30:00+00:00,2026-01-05 15:31:00+00:00,2026-01-05 15:45:00+00:00,2026-01-05 16:00:01+00:00,2026-01-05 15:34:41+00:00,2026-01-05 15:34:42+00:00,2026-01-05 15:49:42+00:00,,,CONTEXT_GEOMETRIC,crash:CONTEXT_GEOMETRIC:2026-01-05T15:30:00+00:00,-1,22330.211378571432,22332.59390714286,22338.55022857143,22319.49,23.82528571428598,22330.293,22358.573,completed,time,False,False,-0.5934871115321347,-0.6434871115321348,15.0
2026-01-06 20:00:00+00:00,2026-01-06 20:01:00+00:00,2026-01-06 20:15:00+00:00,2026-01-06 20:30:01+00:00,2026-01-06 20:08:48+00:00,2026-01-06 20:08:49+00:00,2026-01-06 20:23:49+00:00,,,CONTEXT_GEOMETRIC,crash:CONTEXT_GEOMETRIC:2026-01-06T20:00:00+00:00,-1,23204.04968928571,23206.232953571427,23211.691114285713,23194.225,21.83264285714254,23204.132,23229.242,completed,time,False,False,-0.5750563540176772,-0.6250563540176772,15.0
2026-01-06 22:00:00+00:00,2026-01-06 22:01:00+00:00,2026-01-06 22:15:00+00:00,2026-01-06 22:30:01+00:00,2026-01-06 22:05:07+00:00,2026-01-06 22:05:08+00:00,2026-01-06 22:20:08+00:00,,,CONTEXT_GEOMETRIC,crash:CONTEXT_GEOMETRIC:2026-01-06T22:00:00+00:00,-1,23087.139714285713,23089.73942857143,23096.238714285715,23075.441,25.997142857142794,23087.198,23067.336,completed,time,False,False,0.38200351687000567,0.3320035168700057,15.0
2026-01-07 08:00:00+00:00,2026-01-07 08:01:00+00:00,2026-01-07 08:15:00+00:00,2026-01-07 08:30:01+00:00,2026-01-07 08:04:25+00:00,2026-01-07 08:04:26+00:00,2026-01-07 08:19:26+00:00,,,CONTEXT_GEOMETRIC,crash:CONTEXT_GEOMETRIC:2026-01-07T08:00:00+00:00,-1,22843.953725,22846.188775000002,22851.776400000002,22833.896,22.350499999999947,22844.058,22878.389,completed,time,False,False,-0.7680141383861299,-0.8180141383861299,15.0
2026-01-08 19:00:00+00:00,2026-01-08 19:01:00+00:00,2026-01-08 19:15:00+00:00,2026-01-08 19:30:01+00:00,2026-01-08 19:04:52+00:00,2026-01-08 19:04:53+00:00,2026-01-08 19:19:53+00:00,,,CONTEXT_GEOMETRIC,crash:CONTEXT_GEOMETRIC:2026-01-08T19:00:00+00:00,-1,22842.0912,22844.5688,22850.7628,22830.942,24.7760000000001,22842.155,22876.621,completed,time,False,False,-0.6955521472392681,-0.7455521472392681,15.0
2026-01-08 21:00:00+00:00,2026-01-08 21:01:00+00:00,2026-01-08 21:15:00+00:00,2026-01-08 21:30:01+00:00,2026-01-08 21:03:17+00:00,2026-01-08 21:03:18+00:00,2026-01-08 21:17:52+00:00,2026-01-08 21:17:51+00:00,,CONTEXT_GEOMETRIC,crash:CONTEXT_GEOMETRIC:2026-01-08T21:00:00+00:00,-1,22871.838110714285,22873.56124642857,22877.869085714283,22864.084,17.231357142856723,22871.942,22906.436,completed,sl,False,False,-1.0009078134133487,-1.0509078134133487,14.566666666666666
2026-01-09 00:30:00+00:00,2026-01-09 00:31:00+00:00,2026-01-09 00:45:00+00:00,2026-01-09 01:00:01+00:00,2026-01-09 00:35:38+00:00,2026-01-09 00:35:39+00:00,2026-01-09 00:50:39+00:00,,,CONTEXT_GEOMETRIC,crash:CONTEXT_GEOMETRIC:2026-01-09T00:30:00+00:00,-1,22511.80356071429,22514.286796428572,22520.494885714288,22500.629,24.83235714285729,22511.868,22511.464,completed,time,False,False,0.008134547954398231,-0.04186545204560177,15.0
2026-01-09 08:00:00+00:00,2026-01-09 08:01:00+00:00,2026-01-09 08:15:00+00:00,2026-01-09 08:30:01+00:00,2026-01-09 08:04:03+00:00,2026-01-09 08:04:04+00:00,2026-01-09 08:19:04+00:00,,,CONTEXT_GEOMETRIC,crash:CONTEXT_GEOMETRIC:2026-01-09T08:00:00+00:00,-1,22409.34123214286,22411.466839285717,22416.78085714286,22399.776,21.256071428571886,22409.414,22443.173,completed,time,False,False,-0.7941025253288381,-0.8441025253288381,15.0
2026-01-09 10:30:00+00:00,2026-01-09 10:31:00+00:00,2026-01-09 10:45:00+00:00,2026-01-09 11:00:01+00:00,2026-01-09 10:34:44+00:00,2026-01-09 10:34:45+00:00,2026-01-09 10:49:45+00:00,,,CONTEXT_GEOMETRIC,crash:CONTEXT_GEOMETRIC:2026-01-09T10:30:00+00:00,-1,22279.378707142856,22281.652864285716,22287.33825714286,22269.145,22.741571428571792,22279.403,22244.656,completed,time,False,False,0.7639533641976991,0.7139533641976991,15.0
2026-01-10 04:00:00+00:00,2026-01-10 04:01:00+00:00,2026-01-10 04:15:00+00:00,2026-01-10 04:30:01+00:00,2026-01-10 04:04:53+00:00,2026-01-10 04:04:54+00:00,2026-01-10 04:19:54+00:00,,,CONTEXT_GEOMETRIC,crash:CONTEXT_GEOMETRIC:2026-01-10T04:00:00+00:00,-1,21847.429014285717,21849.88012857143,21856.007914285714,21836.399,24.511142857142527,21847.515,21829.766,completed,time,False,False,0.3620598211891975,0.3120598211891975,15.0
2026-01-10 04:30:00+00:00,2026-01-10 04:31:00+00:00,2026-01-10 04:45:00+00:00,2026-01-10 05:00:01+00:00,2026-01-10 04:36:36+00:00,2026-01-10 04:36:37+00:00,2026-01-10 04:51:37+00:00,,,CONTEXT_GEOMETRIC,crash:CONTEXT_GEOMETRIC:2026-01-10T04:30:00+00:00,-1,21765.83722857143,21768.891057142857,21776.525628571428,21752.095,30.5382857142852,21765.856,21755.951,completed,time,False,False,0.16217347778898858,0.11217347778898858,15.0
2026-01-10 05:30:00+00:00,2026-01-10 05:31:00+00:00,2026-01-10 05:45:00+00:00,2026-01-10 06:00:01+00:00,2026-01-10 05:34:35+00:00,2026-01-10 05:34:36+00:00,2026-01-10 05:49:36+00:00,,,CONTEXT_GEOMETRIC,crash:CONTEXT_GEOMETRIC:2026-01-10T05:30:00+00:00,-1,21756.505835714284,21758.74602142857,21764.346485714286,21746.425,22.401857142856898,21756.535,21744.795,completed,time,False,False,0.26203184684947073,0.21203184684947074,15.0
2026-01-10 06:30:00+00:00,2026-01-10 06:31:00+00:00,2026-01-10 06:45:00+00:00,2026-01-10 07:00:01+00:00,2026-01-10 06:33:20+00:00,2026-01-10 06:33:21+00:00,2026-01-10 06:48:21+00:00,,,CONTEXT_GEOMETRIC,crash:CONTEXT_GEOMETRIC:2026-01-10T06:30:00+00:00,-1,21788.053392857142,21789.837035714285,21794.296142857143,21780.027,17.83642857142851,21788.142,21818.687,completed,time,False,False,-0.8562532537744343,-0.9062532537744343,15.0
2026-01-10 10:00:00+00:00,2026-01-10 10:01:00+00:00,2026-01-10 10:15:00+00:00,2026-01-10 10:30:01+00:00,2026-01-10 10:03:43+00:00,2026-01-10 10:03:44+00:00,2026-01-10 10:18:44+00:00,,,CONTEXT_GEOMETRIC,crash:CONTEXT_GEOMETRIC:2026-01-10T10:00:00+00:00,-1,21776.22825,21778.04075,21782.572,21768.072,18.12500000000026,21776.308,21801.165,completed,time,False,False,-0.6857103448275756,-0.7357103448275757,15.0
2026-01-10 17:00:00+00:00,2026-01-10 17:01:00+00:00,2026-01-10 17:15:00+00:00,2026-01-10 17:30:01+00:00,2026-01-10 17:04:44+00:00,2026-01-10 17:04:45+00:00,2026-01-10 17:19:45+00:00,,,CONTEXT_GEOMETRIC,crash:CONTEXT_GEOMETRIC:2026-01-10T17:00:00+00:00,-1,21726.099325,21728.367175,21734.036799999998,21715.894,22.678499999999985,21726.141,21759.045,completed,time,False,False,-0.7254448045505358,-0.7754448045505359,15.0
2026-01-11 05:00:00+00:00,2026-01-11 05:01:00+00:00,2026-01-11 05:15:00+00:00,2026-01-11 05:30:01+00:00,2026-01-11 05:04:24+00:00,2026-01-11 05:04:25+00:00,2026-01-11 05:19:25+00:00,,,CONTEXT_GEOMETRIC,crash:CONTEXT_GEOMETRIC:2026-01-11T05:00:00+00:00,-1,21700.51810357143,21702.60368214286,21707.817628571433,21691.133,20.855785714285958,21700.586,21731.999,completed,time,False,False,-0.7531003729694764,-0.8031003729694765,15.0
2026-01-11 07:30:00+00:00,2026-01-11 07:31:00+00:00,2026-01-11 07:45:00+00:00,2026-01-11 08:00:01+00:00,2026-01-11 07:34:14+00:00,2026-01-11 07:34:15+00:00,2026-01-11 07:49:15+00:00,,,CONTEXT_GEOMETRIC,crash:CONTEXT_GEOMETRIC:2026-01-11T07:30:00+00:00,-1,21695.343885714286,21697.410971428573,21702.57868571429,21686.042,20.67085714285687,21695.381,21695.81,completed,time,False,False,-0.010376928180463353,-0.060376928180463356,15.0
2026-01-11 08:00:00+00:00,2026-01-11 08:01:00+00:00,2026-01-11 08:15:00+00:00,2026-01-11 08:30:01+00:00,2026-01-11 08:04:04+00:00,2026-01-11 08:04:05+00:00,2026-01-11 08:19:05+00:00,,,CONTEXT_GEOMETRIC,crash:CONTEXT_GEOMETRIC:2026-01-11T08:00:00+00:00,-1,21652.95532142857,21654.965392857142,21659.99057142857,21643.91,20.100714285713757,21653.018,21614.181,completed,time,False,False,0.9660601968657969,0.9160601968657969,15.0
2026-01-13 01:00:00+00:00,2026-01-13 01:01:00+00:00,2026-01-13 01:15:00+00:00,2026-01-13 01:30:01+00:00,2026-01-13 01:04:52+00:00,2026-01-13 01:04:53+00:00,2026-01-13 01:19:53+00:00,,,CONTEXT_GEOMETRIC,crash:CONTEXT_GEOMETRIC:2026-01-13T01:00:00+00:00,-1,21894.0987,21896.4633,21902.374799999998,21883.458,23.645999999999862,21894.171,21910.173,completed,time,False,False,-0.3383658969804724,-0.3883658969804724,15.0
2026-01-13 06:00:00+00:00,2026-01-13 06:01:00+00:00,2026-01-13 06:15:00+00:00,2026-01-13 06:30:01+00:00,2026-01-13 06:05:53+00:00,2026-01-13 06:05:54+00:00,2026-01-13 06:20:54+00:00,,,CONTEXT_GEOMETRIC,crash:CONTEXT_GEOMETRIC:2026-01-13T06:00:00+00:00,-1,21307.96075357143,21310.772032142857,21317.80022857143,21295.31,28.112785714285305,21308.138,21340.122,completed,time,False,False,-0.5688514885194736,-0.6188514885194737,15.0
2026-01-13 10:00:00+00:00,2026-01-13 10:01:00+00:00,2026-01-13 10:15:00+00:00,2026-01-13 10:30:01+00:00,2026-01-13 10:04:26+00:00,2026-01-13 10:04:27+00:00,2026-01-13 10:19:27+00:00,,,CONTEXT_GEOMETRIC,crash:CONTEXT_GEOMETRIC:2026-01-13T10:00:00+00:00,-1,21246.885710714287,21248.94364642857,21254.088485714285,21237.625,20.579357142857198,21246.989,21278.341,completed,time,False,False,-0.7617341927243044,-0.8117341927243045,15.0
2026-01-14 00:30:00+00:00,2026-01-14 00:31:00+00:00,2026-01-14 00:45:00+00:00,2026-01-14 01:00:01+00:00,2026-01-14 00:33:29+00:00,2026-01-14 00:33:30+00:00,2026-01-14 00:48:30+00:00,,,CONTEXT_GEOMETRIC,crash:CONTEXT_GEOMETRIC:2026-01-14T00:30:00+00:00,-1,21618.571860714284,21620.246496428572,21624.433085714285,21611.036,16.74635714285692,21618.71,21611.327,completed,time,False,False,0.2204360010065585,0.17043600100655848,15.0
2026-01-14 11:00:00+00:00,2026-01-14 11:01:00+00:00,2026-01-14 11:15:00+00:00,2026-01-14 11:30:01+00:00,2026-01-14 11:05:39+00:00,2026-01-14 11:05:40+00:00,2026-01-14 11:20:40+00:00,,,CONTEXT_GEOMETRIC,crash:CONTEXT_GEOMETRIC:2026-01-14T11:00:00+00:00,-1,21374.477132142856,21377.118939285712,21383.723457142856,21362.589,26.418071428570848,21374.541,21405.243,completed,time,False,False,-0.581079509967439,-0.631079509967439,15.0
2026-01-14 14:00:00+00:00,2026-01-14 14:01:00+00:00,2026-01-14 14:15:00+00:00,2026-01-14 14:30:01+00:00,2026-01-14 14:07:12+00:00,2026-01-14 14:07:13+00:00,2026-01-14 14:22:13+00:00,,,CONTEXT_GEOMETRIC,crash:CONTEXT_GEOMETRIC:2026-01-14T14:00:00+00:00,-1,21141.708485714284,21145.05837142857,21153.433085714285,21126.634,33.49885714285717,21141.822,21170.275,completed,time,False,False,-0.42468613001724836,-0.47468613001724835,15.0
2026-01-14 14:30:00+00:00,2026-01-14 14:31:00+00:00,2026-01-14 14:45:00+00:00,2026-01-14 15:00:01+00:00,2026-01-14 14:35:04+00:00,2026-01-14 14:35:05+00:00,2026-01-14 14:50:05+00:00,,,CONTEXT_GEOMETRIC,crash:CONTEXT_GEOMETRIC:2026-01-14T14:30:00+00:00,-1,21116.91809642857,21119.330117857142,21125.36017142857,21106.064,24.12021428571435,21116.949,21140.803,completed,time,False,False,-0.49448151076599967,-0.5444815107659997,15.0
2026-01-14 16:30:00+00:00,2026-01-14 16:31:00+00:00,2026-01-14 16:45:00+00:00,2026-01-14 17:00:01+00:00,2026-01-14 16:33:29+00:00,2026-01-14 16:33:30+00:00,2026-01-14 16:48:30+00:00,,,CONTEXT_GEOMETRIC,crash:CONTEXT_GEOMETRIC:2026-01-14T16:30:00+00:00,-1,21139.582867857145,21141.295060714285,21145.575542857143,21131.878,17.121928571428725,21139.619,21139.168,completed,time,False,False,0.013170245341108206,-0.036829754658891795,15.0
2026-01-14 18:00:00+00:00,2026-01-14 18:01:00+00:00,2026-01-14 18:15:00+00:00,2026-01-14 18:30:01+00:00,2026-01-14 18:04:45+00:00,2026-01-14 18:04:46+00:00,2026-01-14 18:19:46+00:00,,,CONTEXT_GEOMETRIC,crash:CONTEXT_GEOMETRIC:2026-01-14T18:00:00+00:00,-1,21097.746060714286,21099.900296428572,21105.285885714286,21088.052,21.54235714285746,21097.834,21080.448,completed,time,False,False,0.4035305859220487,0.3535305859220487,15.0
2026-01-14 19:30:00+00:00,2026-01-14 19:31:00+00:00,2026-01-14 19:45:00+00:00,2026-01-14 20:00:01+00:00,2026-01-14 19:34:44+00:00,2026-01-14 19:34:45+00:00,2026-01-14 19:49:45+00:00,,,CONTEXT_GEOMETRIC,crash:CONTEXT_GEOMETRIC:2026-01-14T19:30:00+00:00,-1,21006.91247142857,21009.047242857145,21014.384171428574,20997.306,21.347714285714442,21006.947,21037.972,completed,time,False,False,-0.7266585917529096,-0.7766585917529096,15.0
2026-01-15 08:00:00+00:00,2026-01-15 08:01:00+00:00,2026-01-15 08:15:00+00:00,2026-01-15 08:30:01+00:00,2026-01-15 08:03:36+00:00,2026-01-15 08:03:37+00:00,2026-01-15 08:18:37+00:00,,,CONTEXT_GEOMETRIC,crash:CONTEXT_GEOMETRIC:2026-01-15T08:00:00+00:00,-1,21028.27747142857,21030.106242857142,21034.67817142857,21020.048,18.287714285714173,21028.374,21058.477,completed,time,False,False,-0.823038886371785,-0.8730388863717851,15.0
2026-01-15 16:00:00+00:00,2026-01-15 16:01:00+00:00,2026-01-15 16:15:00+00:00,2026-01-15 16:30:01+00:00,2026-01-15 16:03:40+00:00,2026-01-15 16:03:41+00:00,2026-01-15 16:18:41+00:00,,,CONTEXT_GEOMETRIC,crash:CONTEXT_GEOMETRIC:2026-01-15T16:00:00+00:00,-1,21198.045603571427,21199.744182142855,21203.990628571428,21190.402,16.985785714286198,21198.092,21230.06,completed,time,False,False,-0.941022115129873,-0.991022115129873,15.0
2026-01-16 09:00:00+00:00,2026-01-16 09:01:00+00:00,2026-01-16 09:15:00+00:00,2026-01-16 09:30:01+00:00,2026-01-16 09:03:33+00:00,2026-01-16 09:03:34+00:00,2026-01-16 09:18:34+00:00,,,CONTEXT_GEOMETRIC,crash:CONTEXT_GEOMETRIC:2026-01-16T09:00:00+00:00,-1,21025.322157142855,21026.93441428571,21030.965057142854,21018.067,16.122571428571455,21025.438,21015.194,completed,time,False,False,0.31769125804103976,0.26769125804103977,15.0
2026-01-16 10:00:00+00:00,2026-01-16 10:01:00+00:00,2026-01-16 10:15:00+00:00,2026-01-16 10:30:01+00:00,2026-01-16 10:04:56+00:00,2026-01-16 10:04:57+00:00,2026-01-16 10:19:57+00:00,,,CONTEXT_GEOMETRIC,crash:CONTEXT_GEOMETRIC:2026-01-16T10:00:00+00:00,-1,20951.31383214286,20953.486239285714,20958.917257142857,20941.538,21.724071428571865,20951.337,20936.771,completed,time,False,False,0.3352502326253965,0.2852502326253965,15.0
2026-01-16 13:00:00+00:00,2026-01-16 13:01:00+00:00,2026-01-16 13:15:00+00:00,2026-01-16 13:30:01+00:00,2026-01-16 13:03:35+00:00,2026-01-16 13:03:36+00:00,2026-01-16 13:18:36+00:00,,,CONTEXT_GEOMETRIC,crash:CONTEXT_GEOMETRIC:2026-01-16T13:00:00+00:00,-1,20907.427764285712,20909.23037857143,20913.736914285713,20899.316,18.026142857142208,20907.509,20925.855,completed,time,False,False,-0.5088720350602466,-0.5588720350602466,15.0
2026-01-17 21:30:00+00:00,2026-01-17 21:31:00+00:00,2026-01-17 21:45:00+00:00,2026-01-17 22:00:01+00:00,2026-01-17 21:33:50+00:00,2026-01-17 21:33:51+00:00,2026-01-17 21:48:51+00:00,,,CONTEXT_GEOMETRIC,crash:CONTEXT_GEOMETRIC:2026-01-17T21:30:00+00:00,-1,21405.153475000003,21406.988025000002,21411.5744,21396.898,18.345500000000225,21405.211,21403.073,completed,time,False,False,0.0582704205390691,0.008270420539069095,15.0
2026-01-18 10:00:00+00:00,2026-01-18 10:01:00+00:00,2026-01-18 10:15:00+00:00,2026-01-18 10:30:01+00:00,2026-01-18 10:07:45+00:00,2026-01-18 10:07:46+00:00,2026-01-18 10:22:46+00:00,,,CONTEXT_GEOMETRIC,crash:CONTEXT_GEOMETRIC:2026-01-18T10:00:00+00:00,-1,21443.248964285714,21444.99317857143,21449.353714285713,21435.4,17.442142857142503,21443.297,21475.929,completed,time,False,False,-0.9354355215201876,-0.9854355215201877,15.0
2026-01-18 14:00:00+00:00,2026-01-18 14:01:00+00:00,2026-01-18 14:15:00+00:00,2026-01-18 14:30:01+00:00,2026-01-18 14:04:05+00:00,2026-01-18 14:04:06+00:00,2026-01-18 14:19:06+00:00,,,CONTEXT_GEOMETRIC,crash:CONTEXT_GEOMETRIC:2026-01-18T14:00:00+00:00,-1,21525.60545357143,21527.463332142856,21532.108028571427,21517.245,18.578785714285395,21525.705,21557.812,completed,time,False,False,-0.8640769233726779,-0.914076923372678,15.0
2026-01-20 07:00:00+00:00,2026-01-20 07:01:00+00:00,2026-01-20 07:15:00+00:00,2026-01-20 07:30:01+00:00,2026-01-20 07:03:40+00:00,2026-01-20 07:03:41+00:00,2026-01-20 07:18:41+00:00,,,CONTEXT_GEOMETRIC,crash:CONTEXT_GEOMETRIC:2026-01-20T07:00:00+00:00,-1,21788.45995,21790.24905,21794.7218,21780.409,17.89100000000014,21788.562,21776.99,completed,time,False,False,0.3234028282376621,0.2734028282376621,15.0
2026-01-20 19:30:00+00:00,2026-01-20 19:31:00+00:00,2026-01-20 19:45:00+00:00,2026-01-20 20:00:01+00:00,2026-01-20 19:38:28+00:00,2026-01-20 19:38:29+00:00,2026-01-20 19:53:29+00:00,,,CONTEXT_GEOMETRIC,crash:CONTEXT_GEOMETRIC:2026-01-20T19:30:00+00:00,-1,21609.999703571426,21612.064082142857,21617.22502857143,21600.71,20.643785714285645,21610.057,21642.88,completed,time,False,False,-0.7949850006747206,-0.8449850006747206,15.0
2026-01-21 01:00:00+00:00,2026-01-21 01:01:00+00:00,2026-01-21 01:15:00+00:00,2026-01-21 01:30:01+00:00,2026-01-21 01:03:52+00:00,2026-01-21 01:03:53+00:00,2026-01-21 01:18:53+00:00,,,CONTEXT_GEOMETRIC,crash:CONTEXT_GEOMETRIC:2026-01-21T01:00:00+00:00,-1,21555.316582142856,21557.038489285715,21561.343257142857,21547.568,17.219071428571365,21555.393,21559.282,completed,time,False,False,-0.11292711154987867,-0.16292711154987866,15.0
2026-01-21 02:00:00+00:00,2026-01-21 02:01:00+00:00,2026-01-21 02:15:00+00:00,2026-01-21 02:30:01+00:00,2026-01-21 02:04:55+00:00,2026-01-21 02:04:56+00:00,2026-01-21 02:19:56+00:00,,,CONTEXT_GEOMETRIC,crash:CONTEXT_GEOMETRIC:2026-01-21T02:00:00+00:00,-1,21476.523474999998,21478.986025,21485.142399999997,21465.442,24.62550000000036,21476.574,21509.581,completed,time,False,False,-0.670179285699728,-0.720179285699728,15.0
2026-01-21 02:30:00+00:00,2026-01-21 02:31:00+00:00,2026-01-21 02:45:00+00:00,2026-01-21 03:00:01+00:00,2026-01-21 02:34:07+00:00,2026-01-21 02:34:08+00:00,2026-01-21 02:49:08+00:00,,,CONTEXT_GEOMETRIC,crash:CONTEXT_GEOMETRIC:2026-01-21T02:30:00+00:00,-1,21527.927225,21529.911275,21534.8714,21518.999,19.840500000000507,21528.013,21560.485,completed,time,False,False,-0.8183261510546797,-0.8683261510546797,15.0
2026-01-21 05:00:00+00:00,2026-01-21 05:01:00+00:00,2026-01-21 05:15:00+00:00,2026-01-21 05:30:01+00:00,2026-01-21 05:03:51+00:00,2026-01-21 05:03:52+00:00,2026-01-21 05:18:52+00:00,,,CONTEXT_GEOMETRIC,crash:CONTEXT_GEOMETRIC:2026-01-21T05:00:00+00:00,-1,21321.45913214286,21323.110939285718,21327.24045714286,21314.026,16.518071428571734,21321.529,21332.173,completed,time,False,False,-0.3221925769611648,-0.3721925769611648,15.0
2026-01-23 06:30:00+00:00,2026-01-23 06:31:00+00:00,2026-01-23 06:45:00+00:00,2026-01-23 07:00:01+00:00,2026-01-23 06:34:15+00:00,2026-01-23 06:34:16+00:00,2026-01-23 06:49:16+00:00,,,CONTEXT_GEOMETRIC,crash:CONTEXT_GEOMETRIC:2026-01-23T06:30:00+00:00,-1,21455.466182142856,21457.426889285714,21462.328657142858,21446.643,19.607071428571412,21455.529,21480.95,completed,time,False,False,-0.6482610137013789,-0.6982610137013789,15.0
2026-01-23 15:30:00+00:00,2026-01-23 15:31:00+00:00,2026-01-23 15:45:00+00:00,2026-01-23 16:00:01+00:00,2026-01-23 15:35:15+00:00,2026-01-23 15:35:16+00:00,2026-01-23 15:50:16+00:00,,,CONTEXT_GEOMETRIC,crash:CONTEXT_GEOMETRIC:2026-01-23T15:30:00+00:00,-1,21330.28918928571,21332.843453571426,21339.22911428571,21318.795,25.54264285714297,21330.342,21361.375,completed,time,False,False,-0.6074743356347932,-0.6574743356347933,15.0
2026-01-24 04:00:00+00:00,2026-01-24 04:01:00+00:00,2026-01-24 04:15:00+00:00,2026-01-24 04:30:01+00:00,2026-01-24 04:04:19+00:00,2026-01-24 04:04:20+00:00,2026-01-24 04:19:20+00:00,,,CONTEXT_GEOMETRIC,crash:CONTEXT_GEOMETRIC:2026-01-24T04:00:00+00:00,-1,21512.191925,21514.190575,21519.1872,21503.198,19.986499999999847,21512.264,21486.016,completed,time,False,False,0.6566432341830685,0.6066432341830684,15.0
2026-01-24 08:00:00+00:00,2026-01-24 08:01:00+00:00,2026-01-24 08:15:00+00:00,2026-01-24 08:30:01+00:00,2026-01-24 08:04:53+00:00,2026-01-24 08:04:54+00:00,2026-01-24 08:19:54+00:00,,,CONTEXT_GEOMETRIC,crash:CONTEXT_GEOMETRIC:2026-01-24T08:00:00+00:00,-1,21493.987867857144,21496.322060714287,21502.157542857145,21483.484,23.34192857142833,21494.061,21491.795,completed,time,False,False,0.04853926257783505,-0.0014607374221649524,15.0
2026-01-24 08:30:00+00:00,2026-01-24 08:31:00+00:00,2026-01-24 08:45:00+00:00,2026-01-24 09:00:01+00:00,2026-01-24 08:34:48+00:00,2026-01-24 08:34:49+00:00,2026-01-24 08:49:49+00:00,,,CONTEXT_GEOMETRIC,crash:CONTEXT_GEOMETRIC:2026-01-24T08:30:00+00:00,-1,21502.286014285713,21504.53112857143,21510.143914285716,21492.183,22.451142857142777,21502.296,21508.19,completed,time,False,False,-0.1312628055841948,-0.18126280558419483,15.0
2026-01-24 09:00:00+00:00,2026-01-24 09:01:00+00:00,2026-01-24 09:15:00+00:00,2026-01-24 09:30:01+00:00,2026-01-24 09:05:45+00:00,2026-01-24 09:05:46+00:00,2026-01-24 09:20:46+00:00,,,CONTEXT_GEOMETRIC,crash:CONTEXT_GEOMETRIC:2026-01-24T09:00:00+00:00,-1,21486.169282142855,21487.973789285712,21492.485057142854,21478.049,18.045071428571255,21486.19,21448.662,completed,time,False,False,1.039840716301608,0.9898407163016079,15.0
2026-01-24 11:00:00+00:00,2026-01-24 11:01:00+00:00,2026-01-24 11:15:00+00:00,2026-01-24 11:30:01+00:00,2026-01-24 11:03:48+00:00,2026-01-24 11:03:49+00:00,2026-01-24 11:18:49+00:00,,,CONTEXT_GEOMETRIC,crash:CONTEXT_GEOMETRIC:2026-01-24T11:00:00+00:00,-1,21413.690325,21415.518175,21420.0878,21405.465,18.27849999999983,21413.807,21431.905,completed,time,False,False,-0.4950625051289303,-0.5450625051289303,15.0
2026-01-25 04:00:00+00:00,2026-01-25 04:01:00+00:00,2026-01-25 04:15:00+00:00,2026-01-25 04:30:01+00:00,2026-01-25 04:11:48+00:00,2026-01-25 04:11:49+00:00,2026-01-25 04:26:49+00:00,,,CONTEXT_GEOMETRIC,crash:CONTEXT_GEOMETRIC:2026-01-25T04:00:00+00:00,-1,21394.7878,21396.6702,21401.3762,21386.317,18.824000000000005,21394.866,21355.433,completed,time,False,False,1.0474128771780942,0.9974128771780941,15.0
2026-01-27 03:30:00+00:00,2026-01-27 03:31:00+00:00,2026-01-27 03:45:00+00:00,2026-01-27 04:00:01+00:00,2026-01-27 03:38:34+00:00,2026-01-27 03:38:35+00:00,2026-01-27 03:53:35+00:00,,,CONTEXT_GEOMETRIC,crash:CONTEXT_GEOMETRIC:2026-01-27T03:30:00+00:00,-1,21906.46475357143,21908.15403214286,21912.37722857143,21898.863,16.8927857142857,21906.472,21939.739,completed,time,False,False,-0.984651097890473,-1.034651097890473,15.0
2026-01-28 12:00:00+00:00,2026-01-28 12:01:00+00:00,2026-01-28 12:15:00+00:00,2026-01-28 12:30:01+00:00,2026-01-28 12:05:53+00:00,2026-01-28 12:05:54+00:00,2026-01-28 12:20:54+00:00,,,CONTEXT_GEOMETRIC,crash:CONTEXT_GEOMETRIC:2026-01-28T12:00:00+00:00,-1,22388.868757142856,22391.681814285712,22398.714457142854,22376.21,28.130571428570484,22388.902,22387.702,completed,time,False,False,0.021329108138527248,-0.028670891861472755,15.0
2026-01-28 12:30:00+00:00,2026-01-28 12:31:00+00:00,2026-01-28 12:45:00+00:00,2026-01-28 13:00:01+00:00,2026-01-28 12:34:13+00:00,2026-01-28 12:34:14+00:00,2026-01-28 12:49:14+00:00,,,CONTEXT_GEOMETRIC,crash:CONTEXT_GEOMETRIC:2026-01-28T12:30:00+00:00,-1,22400.881242857144,22403.052185714285,22408.47954285714,22391.112,21.709428571428102,22400.953,22419.916,completed,time,False,False,-0.43674571943724594,-0.4867457194372459,15.0
2026-01-28 14:00:00+00:00,2026-01-28 14:01:00+00:00,2026-01-28 14:15:00+00:00,2026-01-28 14:30:01+00:00,2026-01-28 14:03:19+00:00,2026-01-28 14:03:20+00:00,2026-01-28 14:18:20+00:00,,,CONTEXT_GEOMETRIC,crash:CONTEXT_GEOMETRIC:2026-01-28T14:00:00+00:00,-1,22419.651392857144,22421.261035714284,22425.28514285714,22412.408,16.09642857142821,22419.675,22447.613,completed,time,False,False,-0.8678322609275254,-0.9178322609275255,15.0
2026-01-29 18:00:00+00:00,2026-01-29 18:01:00+00:00,2026-01-29 18:15:00+00:00,2026-01-29 18:30:01+00:00,2026-01-29 18:03:47+00:00,2026-01-29 18:03:48+00:00,2026-01-29 18:18:48+00:00,,,CONTEXT_GEOMETRIC,crash:CONTEXT_GEOMETRIC:2026-01-29T18:00:00+00:00,-1,22712.91900714286,22714.966564285714,22720.085457142857,22703.705,20.47557142857113,22712.956,22747.701,completed,time,False,False,-0.8484500694207798,-0.8984500694207799,15.0
2026-01-29 18:30:00+00:00,2026-01-29 18:31:00+00:00,2026-01-29 18:45:00+00:00,2026-01-29 19:00:01+00:00,2026-01-29 18:33:51+00:00,2026-01-29 18:33:52+00:00,2026-01-29 18:48:52+00:00,,,CONTEXT_GEOMETRIC,crash:CONTEXT_GEOMETRIC:2026-01-29T18:30:00+00:00,-1,22750.284910714283,22752.25044642857,22757.164285714283,22741.44,19.655357142856833,22750.335,22753.799,completed,time,False,False,-0.08811847006450432,-0.13811847006450434,15.0
2026-01-30 05:00:00+00:00,2026-01-30 05:01:00+00:00,2026-01-30 05:15:00+00:00,2026-01-30 05:30:01+00:00,2026-01-30 05:06:02+00:00,2026-01-30 05:06:03+00:00,2026-01-30 05:21:03+00:00,,,CONTEXT_GEOMETRIC,crash:CONTEXT_GEOMETRIC:2026-01-30T05:00:00+00:00,-1,22801.057175,22803.184325000002,22808.502200000003,22791.485,21.271500000000223,22801.126,22778.127,completed,time,False,False,0.5406059751310334,0.4906059751310334,15.0
2026-01-30 05:30:00+00:00,2026-01-30 05:31:00+00:00,2026-01-30 05:45:00+00:00,2026-01-30 06:00:01+00:00,2026-01-30 05:34:21+00:00,2026-01-30 05:34:22+00:00,2026-01-30 05:49:22+00:00,,,CONTEXT_GEOMETRIC,crash:CONTEXT_GEOMETRIC:2026-01-30T05:30:00+00:00,-1,22770.164235714285,22772.20962142857,22777.323085714284,22760.96,20.453857142857096,22770.23,22761.601,completed,time,False,False,0.2109382093492874,0.16093820934928738,15.0
2026-01-30 06:00:00+00:00,2026-01-30 06:01:00+00:00,2026-01-30 06:15:00+00:00,2026-01-30 06:30:01+00:00,2026-01-30 06:03:43+00:00,2026-01-30 06:03:44+00:00,2026-01-30 06:18:44+00:00,,,CONTEXT_GEOMETRIC,crash:CONTEXT_GEOMETRIC:2026-01-30T06:00:00+00:00,-1,22777.690864285712,22779.52727857143,22784.118314285715,22769.427,18.364142857142724,22777.751,22759.131,completed,time,False,False,0.5069662152175194,0.4569662152175194,15.0
2026-01-30 07:00:00+00:00,2026-01-30 07:01:00+00:00,2026-01-30 07:15:00+00:00,2026-01-30 07:30:01+00:00,2026-01-30 07:03:45+00:00,2026-01-30 07:03:46+00:00,2026-01-30 07:18:46+00:00,,,CONTEXT_GEOMETRIC,crash:CONTEXT_GEOMETRIC:2026-01-30T07:00:00+00:00,-1,22751.325142857142,22753.290285714287,22758.203142857143,22742.482,19.65142857142876,22751.382,22735.023,completed,time,False,False,0.4162292817679614,0.36622928176796143,15.0
2026-01-30 07:30:00+00:00,2026-01-30 07:31:00+00:00,2026-01-30 07:45:00+00:00,2026-01-30 08:00:01+00:00,2026-01-30 07:33:55+00:00,2026-01-30 07:33:56+00:00,2026-01-30 07:48:56+00:00,,,CONTEXT_GEOMETRIC,crash:CONTEXT_GEOMETRIC:2026-01-30T07:30:00+00:00,-1,22723.21663214286,22725.283439285715,22730.45045714286,22713.916,20.66807142857137,22723.305,22743.088,completed,time,False,False,-0.4785884369610701,-0.5285884369610702,15.0
2026-01-31 19:00:00+00:00,2026-01-31 19:01:00+00:00,2026-01-31 19:15:00+00:00,2026-01-31 19:30:01+00:00,2026-01-31 19:04:24+00:00,2026-01-31 19:04:25+00:00,2026-01-31 19:19:25+00:00,,,CONTEXT_GEOMETRIC,crash:CONTEXT_GEOMETRIC:2026-01-31T19:00:00+00:00,-1,23167.995525,23170.216975,23175.7706,23157.999,22.214500000000562,23168.042,23202.176,completed,time,False,False,-0.7682819779872906,-0.8182819779872906,15.0
2026-02-01 02:30:00+00:00,2026-02-01 02:31:00+00:00,2026-02-01 02:45:00+00:00,2026-02-01 03:00:01+00:00,2026-02-01 02:34:27+00:00,2026-02-01 02:34:28+00:00,2026-02-01 02:49:28+00:00,,,CONTEXT_GEOMETRIC,crash:CONTEXT_GEOMETRIC:2026-02-01T02:30:00+00:00,-1,23049.183035714286,23051.262821428572,23056.462285714286,23039.824,20.79785714285702,23049.215,22988.692,completed,time,False,False,1.4550297077309127,1.4050297077309126,15.0
2026-02-01 16:00:00+00:00,2026-02-01 16:01:00+00:00,2026-02-01 16:15:00+00:00,2026-02-01 16:30:01+00:00,2026-02-01 16:05:08+00:00,2026-02-01 16:05:09+00:00,2026-02-01 16:20:09+00:00,,,CONTEXT_GEOMETRIC,crash:CONTEXT_GEOMETRIC:2026-02-01T16:00:00+00:00,-1,23214.253210714287,23216.460146428573,23221.977485714287,23204.322,22.06935714285776,23214.338,23235.193,completed,time,False,False,-0.47248770920245864,-0.5224877092024587,15.0
2026-02-01 20:00:00+00:00,2026-02-01 20:01:00+00:00,2026-02-01 20:15:00+00:00,2026-02-01 20:30:01+00:00,2026-02-01 20:04:12+00:00,2026-02-01 20:04:13+00:00,2026-02-01 20:19:13+00:00,,,CONTEXT_GEOMETRIC,crash:CONTEXT_GEOMETRIC:2026-02-01T20:00:00+00:00,-1,23185.10192857143,23187.288357142857,23192.75442857143,23175.263,21.86428571428613,23185.214,23171.466,completed,time,False,False,0.3143939888925035,0.2643939888925035,15.0
2026-02-02 06:30:00+00:00,2026-02-02 06:31:00+00:00,2026-02-02 06:45:00+00:00,2026-02-02 07:00:01+00:00,2026-02-02 06:33:01+00:00,2026-02-02 06:33:02+00:00,2026-02-02 06:48:02+00:00,,,CONTEXT_GEOMETRIC,crash:CONTEXT_GEOMETRIC:2026-02-02T06:30:00+00:00,-1,23367.15079285714,23368.741635714283,23372.71874285714,23359.992,15.908428571428626,23367.222,23367.222,completed,time,False,False,-0.0,-0.05,15.0
2026-02-02 12:00:00+00:00,2026-02-02 12:01:00+00:00,2026-02-02 12:15:00+00:00,2026-02-02 12:30:01+00:00,2026-02-02 12:04:48+00:00,2026-02-02 12:04:49+00:00,2026-02-02 12:19:49+00:00,,,CONTEXT_GEOMETRIC,crash:CONTEXT_GEOMETRIC:2026-02-02T12:00:00+00:00,-1,23350.13687142857,23352.670842857144,23359.005771428572,23338.734,25.339714285713853,23350.182,23327.121,completed,time,False,False,0.45503670128204554,0.40503670128204555,15.0
2026-02-02 12:30:00+00:00,2026-02-02 12:31:00+00:00,2026-02-02 12:45:00+00:00,2026-02-02 13:00:01+00:00,2026-02-02 12:34:06+00:00,2026-02-02 12:34:07+00:00,2026-02-02 12:49:07+00:00,,,CONTEXT_GEOMETRIC,crash:CONTEXT_GEOMETRIC:2026-02-02T12:30:00+00:00,-1,23317.48395357143,23319.73683214286,23325.36902857143,23307.346,22.528785714285863,23317.513,23235.035,completed,time,False,False,1.830502563387128,1.7805025633871279,15.0
2026-02-02 13:00:00+00:00,2026-02-02 13:01:00+00:00,2026-02-02 13:15:00+00:00,2026-02-02 13:30:01+00:00,2026-02-02 13:06:19+00:00,2026-02-02 13:06:20+00:00,2026-02-02 13:21:20+00:00,,,CONTEXT_GEOMETRIC,crash:CONTEXT_GEOMETRIC:2026-02-02T13:00:00+00:00,-1,23182.90680714286,23185.844764285717,23193.18965714286,23169.686,29.37957142857106,23182.958,23218.108,completed,time,False,False,-0.5982047778583108,-0.6482047778583109,15.0
2026-02-02 15:00:00+00:00,2026-02-02 15:01:00+00:00,2026-02-02 15:15:00+00:00,2026-02-02 15:30:01+00:00,2026-02-02 15:04:38+00:00,2026-02-02 15:04:39+00:00,2026-02-02 15:19:39+00:00,,,CONTEXT_GEOMETRIC,crash:CONTEXT_GEOMETRIC:2026-02-02T15:00:00+00:00,-1,23147.03296785714,23149.418960714283,23155.38394285714,23136.296,23.85992857142862,23147.09,23181.675,completed,time,False,False,-0.7247507027622326,-0.7747507027622327,15.0
2026-02-02 18:00:00+00:00,2026-02-02 18:01:00+00:00,2026-02-02 18:15:00+00:00,2026-02-02 18:30:01+00:00,2026-02-02 18:03:34+00:00,2026-02-02 18:03:35+00:00,2026-02-02 18:18:35+00:00,,,CONTEXT_GEOMETRIC,crash:CONTEXT_GEOMETRIC:2026-02-02T18:00:00+00:00,-1,23233.813164285715,23235.69097857143,23240.385514285717,23225.363,18.778142857142875,23233.868,23209.266,completed,time,False,False,0.6550701043005641,0.6050701043005641,15.0
2026-02-02 18:30:00+00:00,2026-02-02 18:31:00+00:00,2026-02-02 18:45:00+00:00,2026-02-02 19:00:01+00:00,2026-02-02 18:35:57+00:00,2026-02-02 18:35:58+00:00,2026-02-02 18:50:07+00:00,2026-02-02 18:50:06+00:00,,CONTEXT_GEOMETRIC,crash:CONTEXT_GEOMETRIC:2026-02-02T18:30:00+00:00,-1,23224.714764285713,23226.363378571426,23230.484914285713,23217.296,16.486142857142372,23224.806,23257.892,completed,sl,False,False,-1.0034487838271193,-1.0534487838271194,14.15
2026-02-03 00:30:00+00:00,2026-02-03 00:31:00+00:00,2026-02-03 00:45:00+00:00,2026-02-03 01:00:01+00:00,2026-02-03 00:34:39+00:00,2026-02-03 00:34:40+00:00,2026-02-03 00:49:40+00:00,,,CONTEXT_GEOMETRIC,crash:CONTEXT_GEOMETRIC:2026-02-03T00:30:00+00:00,-1,23112.835239285712,23115.276403571428,23121.379314285714,23101.85,24.411642857143047,23112.869,23069.807,completed,time,False,False,0.8819971734798214,0.8319971734798214,15.0
2026-02-03 02:00:00+00:00,2026-02-03 02:01:00+00:00,2026-02-03 02:15:00+00:00,2026-02-03 02:30:01+00:00,2026-02-03 02:04:25+00:00,2026-02-03 02:04:26+00:00,2026-02-03 02:19:26+00:00,,,CONTEXT_GEOMETRIC,crash:CONTEXT_GEOMETRIC:2026-02-03T02:00:00+00:00,-1,23001.988317857144,23004.136610714286,23009.50734285714,22992.321,21.48292857142821,23002.069,23002.671,completed,time,False,False,-0.014011125112606809,-0.06401112511260681,15.0
2026-02-03 02:30:00+00:00,2026-02-03 02:31:00+00:00,2026-02-03 02:45:00+00:00,2026-02-03 03:00:01+00:00,2026-02-03 02:34:43+00:00,2026-02-03 02:34:44+00:00,2026-02-03 02:49:44+00:00,,,CONTEXT_GEOMETRIC,crash:CONTEXT_GEOMETRIC:2026-02-03T02:30:00+00:00,-1,22990.001317857143,22992.295610714285,22998.031342857143,22979.677,22.94292857142838,22990.043,23009.783,completed,time,False,False,-0.43019791345601943,-0.4801979134560194,15.0
2026-02-03 04:00:00+00:00,2026-02-03 04:01:00+00:00,2026-02-03 04:15:00+00:00,2026-02-03 04:30:01+00:00,2026-02-03 04:04:59+00:00,2026-02-03 04:05:00+00:00,2026-02-03 04:20:00+00:00,,,CONTEXT_GEOMETRIC,crash:CONTEXT_GEOMETRIC:2026-02-03T04:00:00+00:00,-1,22913.40714642857,22915.970067857143,22922.37737142857,22901.874,25.629214285714106,22913.461,22948.461,completed,time,False,False,-0.6828145336376783,-0.7328145336376783,15.0
2026-02-03 06:00:00+00:00,2026-02-03 06:01:00+00:00,2026-02-03 06:15:00+00:00,2026-02-03 06:30:01+00:00,2026-02-03 06:06:43+00:00,2026-02-03 06:06:44+00:00,2026-02-03 06:21:44+00:00,,,CONTEXT_GEOMETRIC,crash:CONTEXT_GEOMETRIC:2026-02-03T06:00:00+00:00,-1,22913.223857142857,22915.030714285716,22919.547857142858,22905.093,18.068571428571627,22913.322,22937.312,completed,time,False,False,-0.663859898798266,-0.7138598987982661,15.0
2026-02-03 07:00:00+00:00,2026-02-03 07:01:00+00:00,2026-02-03 07:15:00+00:00,2026-02-03 07:30:01+00:00,2026-02-03 07:03:38+00:00,2026-02-03 07:03:39+00:00,2026-02-03 07:18:39+00:00,,,CONTEXT_GEOMETRIC,crash:CONTEXT_GEOMETRIC:2026-02-03T07:00:00+00:00,-1,22907.963814285715,22909.66932857143,22913.933114285715,22900.289,17.055142857143437,22908.012,22931.111,completed,time,False,False,-0.6771857671754157,-0.7271857671754157,15.0
2026-02-03 15:30:00+00:00,2026-02-03 15:31:00+00:00,2026-02-03 15:45:00+00:00,2026-02-03 16:00:01+00:00,2026-02-03 15:33:56+00:00,2026-02-03 15:33:57+00:00,2026-02-03 15:48:57+00:00,,,CONTEXT_GEOMETRIC,crash:CONTEXT_GEOMETRIC:2026-02-03T15:30:00+00:00,-1,22916.55815357143,22918.490632142857,22923.32182857143,22907.862,19.324785714285618,22916.618,22839.107,completed,time,False,False,2.0054814875049174,1.9554814875049173,15.0
2026-02-03 16:00:00+00:00,2026-02-03 16:01:00+00:00,2026-02-03 16:15:00+00:00,2026-02-03 16:30:01+00:00,2026-02-03 16:03:51+00:00,2026-02-03 16:03:52+00:00,2026-02-03 16:18:52+00:00,,,CONTEXT_GEOMETRIC,crash:CONTEXT_GEOMETRIC:2026-02-03T16:00:00+00:00,-1,22824.24600357143,22826.43378214286,22831.90322857143,22814.401,21.87778571428576,22824.312,22856.425,completed,time,False,False,-0.7339179663650423,-0.7839179663650423,15.0
2026-02-04 15:00:00+00:00,2026-02-04 15:01:00+00:00,2026-02-04 15:15:00+00:00,2026-02-04 15:30:01+00:00,2026-02-04 15:10:37+00:00,2026-02-04 15:10:38+00:00,2026-02-04 15:25:38+00:00,,,CONTEXT_GEOMETRIC,crash:CONTEXT_GEOMETRIC:2026-02-04T15:00:00+00:00,-1,23532.257628571428,23534.556657142857,23540.30422857143,23521.912,22.990285714285296,23532.319,23536.567,completed,time,False,False,-0.09238684661844036,-0.14238684661844037,15.0
2026-02-06 02:00:00+00:00,2026-02-06 02:01:00+00:00,2026-02-06 02:15:00+00:00,2026-02-06 02:30:01+00:00,2026-02-06 02:04:18+00:00,2026-02-06 02:04:19+00:00,2026-02-06 02:19:19+00:00,,,CONTEXT_GEOMETRIC,crash:CONTEXT_GEOMETRIC:2026-02-06T02:00:00+00:00,-1,23700.517703571426,23702.876082142855,23708.772028571428,23689.905,23.583785714286154,23700.587,23734.852,completed,time,False,False,-0.7264524961156468,-0.7764524961156468,15.0
2026-02-06 20:00:00+00:00,2026-02-06 20:01:00+00:00,2026-02-06 20:15:00+00:00,2026-02-06 20:30:01+00:00,2026-02-06 20:05:10+00:00,2026-02-06 20:05:11+00:00,2026-02-06 20:20:11+00:00,,,CONTEXT_GEOMETRIC,crash:CONTEXT_GEOMETRIC:2026-02-06T20:00:00+00:00,-1,23324.554075,23327.081425,23333.3998,23313.181,25.27350000000011,23324.569,23345.172,completed,time,False,False,-0.40760084673668207,-0.45760084673668205,15.0
2026-02-06 23:00:00+00:00,2026-02-06 23:01:00+00:00,2026-02-06 23:15:00+00:00,2026-02-06 23:30:01+00:00,2026-02-06 23:03:58+00:00,2026-02-06 23:03:59+00:00,2026-02-06 23:18:59+00:00,,,CONTEXT_GEOMETRIC,crash:CONTEXT_GEOMETRIC:2026-02-06T23:00:00+00:00,-1,23284.11716785714,23286.144760714284,23291.21374285714,23274.993,20.2759285714284,23284.216,23290.054,completed,time,False,False,-0.1439638135297609,-0.1939638135297609,15.0
2026-02-08 11:00:00+00:00,2026-02-08 11:01:00+00:00,2026-02-08 11:15:00+00:00,2026-02-08 11:30:01+00:00,2026-02-08 11:05:01+00:00,2026-02-08 11:05:02+00:00,2026-02-08 11:20:02+00:00,,,CONTEXT_GEOMETRIC,crash:CONTEXT_GEOMETRIC:2026-02-08T11:00:00+00:00,-1,23721.43707142857,23723.976642857142,23730.32557142857,23710.009,25.395714285714348,23721.494,23757.706,completed,time,False,False,-0.7129549417786919,-0.7629549417786919,15.0
2026-02-09 20:00:00+00:00,2026-02-09 20:01:00+00:00,2026-02-09 20:15:00+00:00,2026-02-09 20:30:01+00:00,2026-02-09 20:03:40+00:00,2026-02-09 20:03:41+00:00,2026-02-09 20:18:41+00:00,,,CONTEXT_GEOMETRIC,crash:CONTEXT_GEOMETRIC:2026-02-09T20:00:00+00:00,-1,23782.457810714288,23784.415546428572,23789.309885714287,23773.648,19.57735714285783,23782.537,23819.765,completed,time,False,False,-0.9507922782514235,-1.0007922782514236,15.0
2026-02-09 20:30:00+00:00,2026-02-09 20:31:00+00:00,2026-02-09 20:45:00+00:00,2026-02-09 21:00:01+00:00,2026-02-09 20:34:23+00:00,2026-02-09 20:34:24+00:00,2026-02-09 20:49:24+00:00,,,CONTEXT_GEOMETRIC,crash:CONTEXT_GEOMETRIC:2026-02-09T20:30:00+00:00,-1,23805.995667857143,23808.252260714286,23813.893742857144,23795.841,22.56592857142927,23806.146,23764.404,completed,time,False,False,0.9248899257097616,0.8748899257097615,15.0
2026-02-09 23:00:00+00:00,2026-02-09 23:01:00+00:00,2026-02-09 23:15:00+00:00,2026-02-09 23:30:01+00:00,2026-02-09 23:04:58+00:00,2026-02-09 23:04:59+00:00,2026-02-09 23:19:59+00:00,,,CONTEXT_GEOMETRIC,crash:CONTEXT_GEOMETRIC:2026-02-09T23:00:00+00:00,-1,23698.895114285715,23701.43602857143,23707.788314285714,23687.461,25.409142857142797,23698.954,23653.404,completed,time,False,False,0.8963309045113714,0.8463309045113714,15.0
2026-02-09 23:30:00+00:00,2026-02-09 23:31:00+00:00,2026-02-09 23:45:00+00:00,2026-02-10 00:00:01+00:00,2026-02-09 23:34:46+00:00,2026-02-09 23:34:47+00:00,2026-02-09 23:49:47+00:00,,,CONTEXT_GEOMETRIC,crash:CONTEXT_GEOMETRIC:2026-02-09T23:30:00+00:00,-1,23632.808785714285,23635.35807142857,23641.731285714286,23621.337,25.492857142856987,23632.947,23657.265,completed,time,False,False,-0.4769571308489665,-0.5269571308489666,15.0
2026-02-10 01:00:00+00:00,2026-02-10 01:01:00+00:00,2026-02-10 01:15:00+00:00,2026-02-10 01:30:01+00:00,2026-02-10 01:06:20+00:00,2026-02-10 01:06:21+00:00,2026-02-10 01:21:21+00:00,,,CONTEXT_GEOMETRIC,crash:CONTEXT_GEOMETRIC:2026-02-10T01:00:00+00:00,-1,23669.484871428573,23671.342842857142,23675.987771428572,23661.124,18.579714285714154,23669.535,23604.016,completed,time,False,False,1.7631864245183106,1.7131864245183106,15.0
2026-02-10 02:00:00+00:00,2026-02-10 02:01:00+00:00,2026-02-10 02:15:00+00:00,2026-02-10 02:30:01+00:00,2026-02-10 02:05:11+00:00,2026-02-10 02:05:12+00:00,2026-02-10 02:20:12+00:00,,,CONTEXT_GEOMETRIC,crash:CONTEXT_GEOMETRIC:2026-02-10T02:00:00+00:00,-1,23666.592392857143,23668.50003571429,23673.269142857145,23658.008,19.07642857142829,23666.663,23702.586,completed,time,False,False,-0.9415546485939856,-0.9915546485939857,15.0
2026-02-10 19:30:00+00:00,2026-02-10 19:31:00+00:00,2026-02-10 19:45:00+00:00,2026-02-10 20:00:01+00:00,2026-02-10 19:33:48+00:00,2026-02-10 19:33:49+00:00,2026-02-10 19:48:49+00:00,,,CONTEXT_GEOMETRIC,crash:CONTEXT_GEOMETRIC:2026-02-10T19:30:00+00:00,-1,23715.76295,23717.65405,23722.3818,23707.253,18.9109999999998,23715.825,23739.906,completed,time,False,False,-0.6366929300406792,-0.6866929300406792,15.0
2026-02-10 21:30:00+00:00,2026-02-10 21:31:00+00:00,2026-02-10 21:45:00+00:00,2026-02-10 22:00:01+00:00,2026-02-10 21:33:48+00:00,2026-02-10 21:33:49+00:00,2026-02-10 21:48:49+00:00,,,CONTEXT_GEOMETRIC,crash:CONTEXT_GEOMETRIC:2026-02-10T21:30:00+00:00,-1,23736.17997857143,23738.069307142858,23742.792628571427,23727.678,18.89328571428502,23736.203,23772.391,completed,time,False,False,-0.9576947214807878,-1.0076947214807879,15.0
2026-02-12 00:30:00+00:00,2026-02-12 00:31:00+00:00,2026-02-12 00:45:00+00:00,2026-02-12 01:00:01+00:00,2026-02-12 00:35:11+00:00,2026-02-12 00:35:12+00:00,2026-02-12 00:50:12+00:00,,,CONTEXT_GEOMETRIC,crash:CONTEXT_GEOMETRIC:2026-02-12T00:30:00+00:00,-1,24024.236999999997,24027.089,24034.219,24011.403,28.519999999999918,24024.252,23984.91,completed,time,False,False,0.6897265077138967,0.6397265077138966,15.0
